{
    "problem": "healthy-reference-EC arterial-100",
    "n_comps": 25.0,
    "optimal_k": 5.0,
    "optimal_p": 0.1,
    "ratio-limit": 0.5,
    "accuracy": 0.46511627906976744,
    "precision": 0.6666666666666666,
    "recall": 0.08333333333333333,
    "f1": 0.14814814814814814,
    "outlier_ratio_ref_datasets": [
        0.038461538461538464,
        null,
        null,
        null,
        0.0,
        null,
        0.23529411764705882,
        0.056338028169014086,
        1.0,
        0.0,
        null,
        null,
        null,
        null,
        0.16666666666666666,
        null,
        null,
        0.5,
        0.1518987341772152,
        0.30303030303030304,
        0.07913669064748201,
        0.0,
        null,
        null,
        0.2,
        null,
        0.0,
        null,
        0.5
    ],
    "outlier_ratio_que_datasets": [
        0.3333333333333333,
        0.0,
        0.18890074706510138,
        null,
        0.03389830508474576,
        1.0,
        0.08695652173913043,
        0.1895734597156398,
        null,
        0.3333333333333333,
        0.3125,
        0.0,
        null,
        0.23076923076923078,
        0.45674740484429066,
        0.2,
        0.12727272727272726,
        null,
        0.006369426751592357,
        null,
        null,
        0.1111111111111111,
        null,
        0.1111111111111111,
        0.0,
        0.12,
        null,
        null,
        null,
        null,
        0.2903225806451613,
        0.24866310160427807,
        0.12598425196850394,
        0.25,
        0.0,
        0.5,
        0.6,
        0.2,
        0.1935483870967742,
        0.0,
        0.5365853658536586,
        null,
        0.0,
        0.1875,
        0.25,
        0.125,
        0.25,
        0.13793103448275862,
        0.5,
        0.0,
        0.15789473684210525,
        0.0,
        0.0,
        0.2857142857142857,
        null,
        0.0
    ],
    "ref_normal_samples": [
        "Patient_1",
        "T166",
        "VUHD076",
        "NP14",
        "THD0012",
        "dd39p",
        "QZY9VQng",
        "A37",
        "D326",
        "A47",
        "T126",
        "2020-3173-NC007",
        "NP22",
        "NP26",
        "098C",
        "NP39",
        "NP15",
        "D339",
        "DD046Q",
        "lafy_donor_4",
        "donor 3",
        "296C",
        "muc4659",
        "NP35",
        "284C",
        "GSM4593897",
        "THD0006",
        "SAMN15153963",
        "192C"
    ],
    "que_normal_samples": [
        "A40",
        "D344",
        "donor 2",
        "T90",
        "A26",
        "226C",
        "Donor_06",
        "A44",
        "NP27",
        "356C",
        "muc9833",
        "465C",
        "T121",
        "Donor_08",
        "VUHD92",
        "D353",
        "D239",
        "SAMN15153956",
        "VUHD70",
        "GRO-03",
        "VUHD107",
        "muc3843",
        "BG9_33",
        "GRO-07",
        "THD0017",
        "368C",
        "NP11",
        "BG9_3",
        "GRO-01",
        "LuT_437"
    ],
    "que_disease_samples": [
        "034I",
        "VUILD59",
        "VUILD61",
        "TILD028",
        "IPF_02",
        "TILD006",
        "063I",
        "158I",
        "225I",
        "041I",
        "IPF3",
        "210I",
        "221I",
        "TILD015",
        "177I",
        "59I",
        "145I",
        "VUILD65",
        "040I",
        "135I",
        "VUILD63",
        "214I",
        "IPF_01",
        "025I",
        "VUILD53",
        "VUILD64"
    ],
    "que_samples": [
        "A40",
        "D344",
        "donor 2",
        "T90",
        "A26",
        "226C",
        "Donor_06",
        "A44",
        "NP27",
        "356C",
        "muc9833",
        "465C",
        "T121",
        "Donor_08",
        "VUHD92",
        "D353",
        "D239",
        "SAMN15153956",
        "VUHD70",
        "GRO-03",
        "VUHD107",
        "muc3843",
        "BG9_33",
        "GRO-07",
        "THD0017",
        "368C",
        "NP11",
        "BG9_3",
        "GRO-01",
        "LuT_437",
        "034I",
        "VUILD59",
        "VUILD61",
        "TILD028",
        "IPF_02",
        "TILD006",
        "063I",
        "158I",
        "225I",
        "041I",
        "IPF3",
        "210I",
        "221I",
        "TILD015",
        "177I",
        "59I",
        "145I",
        "VUILD65",
        "040I",
        "135I",
        "VUILD63",
        "214I",
        "IPF_01",
        "025I",
        "VUILD53",
        "VUILD64"
    ]
}