{
    "problem": "healthy-reference-EC arterial-200",
    "n_comps": 18.0,
    "optimal_k": 14.0,
    "optimal_p": 0.05499999999999993,
    "ratio-limit": 0.2222222222222222,
    "accuracy": 0.5238095238095238,
    "precision": 0.6111111111111112,
    "recall": 0.4583333333333333,
    "f1": 0.5238095238095238,
    "outlier_ratio_ref_datasets": [
        0.064034151547492,
        null,
        0.08860759493670886,
        null,
        null,
        0.0,
        0.0641025641025641,
        null,
        null,
        0.3333333333333333,
        0.0,
        null,
        null,
        0.0,
        null,
        null,
        0.0,
        0.2222222222222222,
        null,
        0.0539568345323741,
        null,
        null,
        0.0,
        0.1875,
        1.0,
        0.0423728813559322,
        null,
        0.0,
        0.0
    ],
    "outlier_ratio_que_datasets": [
        0.6666666666666666,
        null,
        0.08333333333333333,
        1.0,
        0.0,
        0.2132701421800948,
        null,
        0.0,
        0.3333333333333333,
        0.16666666666666666,
        null,
        0.058823529411764705,
        0.5,
        0.15384615384615385,
        0.4982698961937716,
        null,
        0.4,
        null,
        0.1,
        null,
        null,
        0.2222222222222222,
        null,
        0.08450704225352113,
        0.04,
        null,
        null,
        null,
        null,
        0.6,
        0.0,
        0.2903225806451613,
        0.18181818181818182,
        0.14285714285714285,
        0.14960629921259844,
        0.3333333333333333,
        0.3333333333333333,
        0.26666666666666666,
        0.4090909090909091,
        0.15,
        0.3,
        0.06451612903225806,
        0.9047619047619048,
        0.07692307692307693,
        null,
        0.0,
        null,
        0.0,
        0.25,
        1.0,
        0.2,
        0.0,
        0.2,
        0.36363636363636365,
        0.2857142857142857,
        0.0
    ],
    "ref_normal_samples": [
        "donor 2",
        "VUHD076",
        "DD046Q",
        "NP26",
        "dd39p",
        "D344",
        "Patient_1",
        "VUHD107",
        "NP27",
        "A40",
        "THD0017",
        "T121",
        "NP35",
        "Donor_06",
        "GRO-01",
        "LuT_437",
        "THD0006",
        "GRO-07",
        "T166",
        "donor 3",
        "GSM4593897",
        "2020-3173-NC007",
        "296C",
        "muc9833",
        "D326",
        "A26",
        "muc4659",
        "A47",
        "VUHD70"
    ],
    "que_normal_samples": [
        "D339",
        "T90",
        "098C",
        "226C",
        "THD0012",
        "A44",
        "NP15",
        "356C",
        "192C",
        "lafy_donor_4",
        "SAMN15153963",
        "QZY9VQng",
        "465C",
        "Donor_08",
        "VUHD92",
        "T126",
        "D353",
        "NP22",
        "D239",
        "SAMN15153956",
        "GRO-03",
        "muc3843",
        "BG9_33",
        "A37",
        "368C",
        "NP14",
        "NP11",
        "BG9_3",
        "NP39",
        "284C"
    ],
    "que_disease_samples": [
        "051I",
        "034I",
        "VUILD59",
        "166I",
        "VUILD61",
        "TILD028",
        "IPF2",
        "IPF_04",
        "TILD006",
        "138I",
        "158I",
        "225I",
        "228I",
        "022I",
        "210I",
        "221I",
        "29I",
        "59I",
        "145I",
        "212I",
        "TILD010",
        "040I",
        "174I",
        "021I",
        "025I",
        "VUILD64"
    ],
    "que_samples": [
        "D339",
        "T90",
        "098C",
        "226C",
        "THD0012",
        "A44",
        "NP15",
        "356C",
        "192C",
        "lafy_donor_4",
        "SAMN15153963",
        "QZY9VQng",
        "465C",
        "Donor_08",
        "VUHD92",
        "T126",
        "D353",
        "NP22",
        "D239",
        "SAMN15153956",
        "GRO-03",
        "muc3843",
        "BG9_33",
        "A37",
        "368C",
        "NP14",
        "NP11",
        "BG9_3",
        "NP39",
        "284C",
        "051I",
        "034I",
        "VUILD59",
        "166I",
        "VUILD61",
        "TILD028",
        "IPF2",
        "IPF_04",
        "TILD006",
        "138I",
        "158I",
        "225I",
        "228I",
        "022I",
        "210I",
        "221I",
        "29I",
        "59I",
        "145I",
        "212I",
        "TILD010",
        "040I",
        "174I",
        "021I",
        "025I",
        "VUILD64"
    ]
}