{
    "problem": "healthy-reference-EC arterial-300",
    "n_comps": 12.0,
    "optimal_k": 14.0,
    "optimal_p": 0.059999999999999935,
    "ratio-limit": 0.3333333333333333,
    "accuracy": 0.6190476190476191,
    "precision": 0.7222222222222222,
    "recall": 0.5416666666666666,
    "f1": 0.6190476190476191,
    "outlier_ratio_ref_datasets": [
        null,
        0.0,
        null,
        0.23809523809523808,
        0.02422145328719723,
        null,
        0.0,
        0.0,
        null,
        0.0,
        0.13043478260869565,
        0.04,
        null,
        null,
        0.3333333333333333,
        null,
        0.0,
        1.0,
        null,
        0.07109004739336493,
        0.0423728813559322,
        null,
        null,
        0.3333333333333333,
        null,
        0.0,
        null,
        null,
        0.07692307692307693
    ],
    "outlier_ratio_que_datasets": [
        0.0,
        0.18356456776947705,
        0.08333333333333333,
        0.10256410256410256,
        0.0,
        null,
        0.08860759493670886,
        0.050359712230215826,
        null,
        null,
        0.42857142857142855,
        0.8333333333333334,
        0.3125,
        0.47058823529411764,
        0.5,
        null,
        null,
        0.02727272727272727,
        null,
        0.3333333333333333,
        null,
        0.1111111111111111,
        0.2,
        null,
        0.08450704225352113,
        null,
        null,
        null,
        null,
        0.6,
        0.8,
        0.0,
        0.25,
        0.5,
        1.0,
        0.5,
        0.5,
        0.4,
        0.16129032258064516,
        0.21138211382113822,
        null,
        null,
        0.25,
        0.5,
        0.3,
        1.0,
        0.3,
        0.4,
        0.02197802197802198,
        0.5,
        0.0,
        0.125,
        0.5,
        0.7142857142857143,
        0.0,
        0.42857142857142855
    ],
    "ref_normal_samples": [
        "GRO-03",
        "D326",
        "VUHD076",
        "A40",
        "VUHD92",
        "NP39",
        "D353",
        "A47",
        "SAMN15153956",
        "VUHD70",
        "Donor_06",
        "368C",
        "2020-3173-NC007",
        "NP11",
        "lafy_donor_4",
        "SAMN15153963",
        "THD0006",
        "226C",
        "muc4659",
        "A44",
        "A26",
        "T126",
        "NP14",
        "D339",
        "T90",
        "356C",
        "BG9_3",
        "NP22",
        "Donor_08"
    ],
    "que_normal_samples": [
        "D344",
        "donor 2",
        "098C",
        "Patient_1",
        "THD0012",
        "GSM4593897",
        "DD046Q",
        "donor 3",
        "NP15",
        "NP27",
        "296C",
        "192C",
        "muc9833",
        "QZY9VQng",
        "465C",
        "T121",
        "T166",
        "D239",
        "VUHD107",
        "muc3843",
        "BG9_33",
        "GRO-07",
        "THD0017",
        "dd39p",
        "A37",
        "NP26",
        "GRO-01",
        "NP35",
        "LuT_437",
        "284C"
    ],
    "que_disease_samples": [
        "051I",
        "IPF_02",
        "49I",
        "IPF1",
        "157I",
        "123I",
        "TILD006",
        "063I",
        "225I",
        "IPF3",
        "210I",
        "29I",
        "177I",
        "145I",
        "179I",
        "212I",
        "TILD010",
        "174I",
        "Cryobiopsy_01",
        "135I",
        "214I",
        "IPF_01",
        "TILD001",
        "025I",
        "47I",
        "VUILD64"
    ],
    "que_samples": [
        "D344",
        "donor 2",
        "098C",
        "Patient_1",
        "THD0012",
        "GSM4593897",
        "DD046Q",
        "donor 3",
        "NP15",
        "NP27",
        "296C",
        "192C",
        "muc9833",
        "QZY9VQng",
        "465C",
        "T121",
        "T166",
        "D239",
        "VUHD107",
        "muc3843",
        "BG9_33",
        "GRO-07",
        "THD0017",
        "dd39p",
        "A37",
        "NP26",
        "GRO-01",
        "NP35",
        "LuT_437",
        "284C",
        "051I",
        "IPF_02",
        "49I",
        "IPF1",
        "157I",
        "123I",
        "TILD006",
        "063I",
        "225I",
        "IPF3",
        "210I",
        "29I",
        "177I",
        "145I",
        "179I",
        "212I",
        "TILD010",
        "174I",
        "Cryobiopsy_01",
        "135I",
        "214I",
        "IPF_01",
        "TILD001",
        "025I",
        "47I",
        "VUILD64"
    ]
}