{
    "problem": "healthy-reference-EC arterial-500",
    "n_comps": 19.0,
    "optimal_k": 12.0,
    "optimal_p": 0.1,
    "ratio-limit": 0.8333333333333334,
    "accuracy": 0.4358974358974359,
    "precision": 1.0,
    "recall": 0.08333333333333333,
    "f1": 0.15384615384615385,
    "outlier_ratio_ref_datasets": [
        null,
        null,
        0.4,
        0.025477707006369428,
        null,
        null,
        null,
        0.08,
        0.0,
        0.4375,
        0.13924050632911392,
        0.07627118644067797,
        0.3484848484848485,
        null,
        0.08333333333333333,
        0.0,
        null,
        0.056338028169014086,
        0.07194244604316546,
        0.29411764705882354,
        0.0,
        0.5,
        null,
        0.8333333333333334,
        null,
        0.2857142857142857,
        null,
        1.0,
        0.18009478672985782
    ],
    "outlier_ratio_que_datasets": [
        0.38095238095238093,
        0.15795090715048027,
        null,
        0.08974358974358974,
        0.17391304347826086,
        0.0,
        null,
        0.0,
        0.5,
        0.0,
        0.23076923076923078,
        0.3044982698961938,
        null,
        null,
        0.1,
        null,
        null,
        0.2222222222222222,
        null,
        0.2222222222222222,
        null,
        null,
        null,
        0.0,
        null,
        null,
        null,
        null,
        null,
        0.6,
        0.10810810810810811,
        0.3225806451612903,
        0.19518716577540107,
        0.34285714285714286,
        0.25,
        0.5,
        0.3333333333333333,
        0.5,
        0.5909090909090909,
        0.2,
        0.3333333333333333,
        0.14285714285714285,
        0.15384615384615385,
        null,
        0.125,
        1.0,
        0.10344827586206896,
        0.3333333333333333,
        0.5,
        0.07692307692307693,
        0.9090909090909091,
        0.0,
        0.5,
        0.42857142857142855,
        null,
        0.2857142857142857
    ],
    "ref_normal_samples": [
        "NP11",
        "T166",
        "D353",
        "VUHD70",
        "VUHD076",
        "NP15",
        "muc4659",
        "368C",
        "THD0017",
        "muc9833",
        "DD046Q",
        "A26",
        "lafy_donor_4",
        "SAMN15153956",
        "098C",
        "D344",
        "GSM4593897",
        "A37",
        "donor 3",
        "QZY9VQng",
        "356C",
        "D339",
        "T90",
        "192C",
        "T121",
        "296C",
        "SAMN15153963",
        "226C",
        "A44"
    ],
    "que_normal_samples": [
        "A40",
        "donor 2",
        "2020-3173-NC007",
        "Patient_1",
        "Donor_06",
        "THD0012",
        "NP27",
        "D326",
        "465C",
        "A47",
        "Donor_08",
        "VUHD92",
        "T126",
        "NP22",
        "D239",
        "GRO-03",
        "VUHD107",
        "muc3843",
        "BG9_33",
        "GRO-07",
        "dd39p",
        "NP26",
        "NP14",
        "THD0006",
        "BG9_3",
        "GRO-01",
        "NP35",
        "LuT_437",
        "NP39",
        "284C"
    ],
    "que_disease_samples": [
        "VUILD60",
        "034I",
        "VUILD59",
        "166I",
        "TILD028",
        "IPF_02",
        "IPF_04",
        "123I",
        "TILD006",
        "158I",
        "041I",
        "222I",
        "022I",
        "210I",
        "59I",
        "212I",
        "VUILD65",
        "053I",
        "040I",
        "Cryobiopsy_01",
        "021I",
        "214I",
        "TILD001",
        "025I",
        "VUILD53",
        "VUILD64"
    ],
    "que_samples": [
        "A40",
        "donor 2",
        "2020-3173-NC007",
        "Patient_1",
        "Donor_06",
        "THD0012",
        "NP27",
        "D326",
        "465C",
        "A47",
        "Donor_08",
        "VUHD92",
        "T126",
        "NP22",
        "D239",
        "GRO-03",
        "VUHD107",
        "muc3843",
        "BG9_33",
        "GRO-07",
        "dd39p",
        "NP26",
        "NP14",
        "THD0006",
        "BG9_3",
        "GRO-01",
        "NP35",
        "LuT_437",
        "NP39",
        "284C",
        "VUILD60",
        "034I",
        "VUILD59",
        "166I",
        "TILD028",
        "IPF_02",
        "IPF_04",
        "123I",
        "TILD006",
        "158I",
        "041I",
        "222I",
        "022I",
        "210I",
        "59I",
        "212I",
        "VUILD65",
        "053I",
        "040I",
        "Cryobiopsy_01",
        "021I",
        "214I",
        "TILD001",
        "025I",
        "VUILD53",
        "VUILD64"
    ]
}