{
    "problem": "healthy-reference-EC arterial-600",
    "n_comps": 6.0,
    "optimal_k": 14.0,
    "optimal_p": 0.030000000000000023,
    "ratio-limit": 0.3333333333333333,
    "accuracy": 0.4772727272727273,
    "precision": 0.7142857142857143,
    "recall": 0.19230769230769232,
    "f1": 0.30303030303030304,
    "outlier_ratio_ref_datasets": [
        null,
        1.0,
        null,
        null,
        0.00641025641025641,
        null,
        0.025423728813559324,
        0.1875,
        0.0,
        null,
        0.0,
        0.5,
        0.0,
        null,
        0.00909090909090909,
        null,
        0.3333333333333333,
        null,
        null,
        null,
        0.0,
        null,
        0.043478260869565216,
        0.2222222222222222,
        0.0,
        null,
        0.0,
        0.044823906083244394,
        null
    ],
    "outlier_ratio_que_datasets": [
        0.0,
        0.08333333333333333,
        0.0,
        0.012658227848101266,
        0.11870503597122302,
        0.22274881516587677,
        null,
        0.3333333333333333,
        0.0,
        0.16666666666666666,
        0.25,
        null,
        0.0,
        0.7474048442906575,
        null,
        0.8,
        null,
        null,
        0.0,
        null,
        0.04225352112676056,
        null,
        0.12,
        null,
        0.08333333333333333,
        null,
        null,
        null,
        null,
        0.2,
        0.25806451612903225,
        0.12598425196850394,
        0.2,
        0.125,
        0.5,
        0.2,
        0.5,
        0.2,
        0.0,
        0.3181818181818182,
        0.1,
        0.0,
        0.16129032258064516,
        0.3333333333333333,
        0.37398373983739835,
        0.3541666666666667,
        0.0,
        0.25,
        0.0,
        0.01098901098901099,
        0.0,
        0.15789473684210525,
        0.0,
        0.0,
        0.5,
        0.14285714285714285
    ],
    "ref_normal_samples": [
        "NP15",
        "D326",
        "muc4659",
        "T121",
        "Patient_1",
        "GRO-03",
        "A26",
        "muc9833",
        "QZY9VQng",
        "LuT_437",
        "A47",
        "D339",
        "THD0017",
        "T90",
        "D239",
        "BG9_33",
        "A40",
        "NP11",
        "NP39",
        "SAMN15153963",
        "lafy_donor_4",
        "2020-3173-NC007",
        "Donor_06",
        "GRO-07",
        "VUHD70",
        "SAMN15153956",
        "226C",
        "donor 2",
        "GSM4593897"
    ],
    "que_normal_samples": [
        "D344",
        "098C",
        "THD0012",
        "DD046Q",
        "donor 3",
        "A44",
        "NP27",
        "356C",
        "296C",
        "192C",
        "465C",
        "T166",
        "Donor_08",
        "VUHD92",
        "T126",
        "D353",
        "NP22",
        "VUHD107",
        "muc3843",
        "dd39p",
        "A37",
        "NP26",
        "368C",
        "NP14",
        "THD0006",
        "BG9_3",
        "GRO-01",
        "NP35",
        "VUHD076",
        "284C"
    ],
    "que_disease_samples": [
        "034I",
        "VUILD61",
        "IPF_03",
        "49I",
        "IPF1",
        "IPF2",
        "010I",
        "IPF_04",
        "157I",
        "TILD006",
        "138I",
        "158I",
        "225I",
        "041I",
        "IPF3",
        "TILD015",
        "177I",
        "145I",
        "053I",
        "Cryobiopsy_01",
        "135I",
        "VUILD63",
        "214I",
        "IPF_01",
        "TILD001",
        "025I"
    ],
    "que_samples": [
        "D344",
        "098C",
        "THD0012",
        "DD046Q",
        "donor 3",
        "A44",
        "NP27",
        "356C",
        "296C",
        "192C",
        "465C",
        "T166",
        "Donor_08",
        "VUHD92",
        "T126",
        "D353",
        "NP22",
        "VUHD107",
        "muc3843",
        "dd39p",
        "A37",
        "NP26",
        "368C",
        "NP14",
        "THD0006",
        "BG9_3",
        "GRO-01",
        "NP35",
        "VUHD076",
        "284C",
        "034I",
        "VUILD61",
        "IPF_03",
        "49I",
        "IPF1",
        "IPF2",
        "010I",
        "IPF_04",
        "157I",
        "TILD006",
        "138I",
        "158I",
        "225I",
        "041I",
        "IPF3",
        "TILD015",
        "177I",
        "145I",
        "053I",
        "Cryobiopsy_01",
        "135I",
        "VUILD63",
        "214I",
        "IPF_01",
        "TILD001",
        "025I"
    ]
}