{
    "problem": "healthy-reference-EC arterial-700",
    "n_comps": 18.0,
    "optimal_k": 7.0,
    "optimal_p": 0.1,
    "ratio-limit": 0.6666666666666666,
    "accuracy": 0.38095238095238093,
    "precision": 0.5,
    "recall": 0.07692307692307693,
    "f1": 0.13333333333333333,
    "outlier_ratio_ref_datasets": [
        0.08695652173913043,
        null,
        null,
        null,
        0.0,
        0.10126582278481013,
        0.4,
        null,
        0.0,
        0.6666666666666666,
        0.3333333333333333,
        null,
        0.045454545454545456,
        0.08333333333333333,
        0.0,
        0.4,
        0.18009478672985782,
        0.24242424242424243,
        null,
        0.6666666666666666,
        0.0,
        null,
        null,
        0.1111111111111111,
        0.23529411764705882,
        null,
        null,
        null,
        0.0
    ],
    "outlier_ratio_que_datasets": [
        0.14194236926360726,
        0.6666666666666666,
        null,
        0.05084745762711865,
        null,
        1.0,
        0.11538461538461539,
        0.1079136690647482,
        null,
        null,
        0.14285714285714285,
        1.0,
        null,
        0.3125,
        0.5,
        0.0,
        null,
        0.07692307692307693,
        0.36678200692041524,
        null,
        null,
        0.2222222222222222,
        0.07042253521126761,
        null,
        0.08,
        null,
        null,
        null,
        null,
        null,
        0.0,
        0.10810810810810811,
        0.2,
        0.8,
        0.25,
        0.4,
        0.5,
        0.26666666666666666,
        1.0,
        0.0,
        0.5,
        0.15,
        0.4,
        0.3,
        0.25,
        0.06451612903225806,
        0.0,
        0.3,
        0.0,
        0.5,
        0.6,
        0.0,
        0.25,
        0.42857142857142855,
        0.0,
        0.14285714285714285
    ],
    "ref_normal_samples": [
        "Donor_06",
        "VUHD076",
        "GSM4593897",
        "T121",
        "THD0017",
        "DD046Q",
        "D353",
        "VUHD107",
        "THD0006",
        "192C",
        "A40",
        "GRO-03",
        "D239",
        "098C",
        "VUHD70",
        "284C",
        "A44",
        "lafy_donor_4",
        "muc4659",
        "356C",
        "THD0012",
        "NP11",
        "NP14",
        "muc3843",
        "QZY9VQng",
        "BG9_33",
        "dd39p",
        "T126",
        "D344"
    ],
    "que_normal_samples": [
        "donor 2",
        "D339",
        "T90",
        "A26",
        "2020-3173-NC007",
        "226C",
        "Patient_1",
        "donor 3",
        "NP15",
        "NP27",
        "296C",
        "D326",
        "SAMN15153963",
        "muc9833",
        "465C",
        "A47",
        "T166",
        "Donor_08",
        "VUHD92",
        "NP22",
        "SAMN15153956",
        "GRO-07",
        "A37",
        "NP26",
        "368C",
        "BG9_3",
        "GRO-01",
        "NP35",
        "LuT_437",
        "NP39"
    ],
    "que_disease_samples": [
        "051I",
        "VUILD60",
        "166I",
        "IPF_03",
        "IPF_02",
        "IPF2",
        "010I",
        "IPF_04",
        "157I",
        "123I",
        "TILD006",
        "138I",
        "063I",
        "158I",
        "209I",
        "225I",
        "221I",
        "179I",
        "053I",
        "040I",
        "174I",
        "214I",
        "IPF_01",
        "025I",
        "47I",
        "VUILD64"
    ],
    "que_samples": [
        "donor 2",
        "D339",
        "T90",
        "A26",
        "2020-3173-NC007",
        "226C",
        "Patient_1",
        "donor 3",
        "NP15",
        "NP27",
        "296C",
        "D326",
        "SAMN15153963",
        "muc9833",
        "465C",
        "A47",
        "T166",
        "Donor_08",
        "VUHD92",
        "NP22",
        "SAMN15153956",
        "GRO-07",
        "A37",
        "NP26",
        "368C",
        "BG9_3",
        "GRO-01",
        "NP35",
        "LuT_437",
        "NP39",
        "051I",
        "VUILD60",
        "166I",
        "IPF_03",
        "IPF_02",
        "IPF2",
        "010I",
        "IPF_04",
        "157I",
        "123I",
        "TILD006",
        "138I",
        "063I",
        "158I",
        "209I",
        "225I",
        "221I",
        "179I",
        "053I",
        "040I",
        "174I",
        "214I",
        "IPF_01",
        "025I",
        "47I",
        "VUILD64"
    ]
}