{
    "problem": "healthy-reference-EC arterial-800",
    "n_comps": 24.0,
    "optimal_k": 10.0,
    "optimal_p": 0.1,
    "ratio-limit": 0.02564102564102564,
    "accuracy": 0.43902439024390244,
    "precision": 0.625,
    "recall": 0.2,
    "f1": 0.30303030303030304,
    "outlier_ratio_ref_datasets": [
        null,
        0.03460207612456748,
        0.0,
        0.0,
        0.07692307692307693,
        null,
        null,
        null,
        0.16666666666666666,
        null,
        0.0096051227321238,
        null,
        0.012658227848101266,
        null,
        0.0,
        null,
        null,
        0.02564102564102564,
        0.00909090909090909,
        0.0,
        0.0,
        0.0,
        null,
        0.0,
        0.0,
        null,
        0.0,
        0.0,
        0.0
    ],
    "outlier_ratio_que_datasets": [
        0.0,
        0.0,
        null,
        0.01694915254237288,
        null,
        1.0,
        null,
        0.0035971223021582736,
        0.014218009478672985,
        null,
        null,
        0.0,
        0.0,
        null,
        0.125,
        0.0,
        0.0,
        null,
        0.0,
        null,
        null,
        0.0,
        0.0,
        0.0,
        null,
        null,
        null,
        null,
        null,
        0.2,
        0.0,
        0.06451612903225806,
        0.034759358288770054,
        0.0,
        0.0,
        0.0,
        0.0,
        0.0,
        0.045454545454545456,
        0.0,
        0.0,
        0.0,
        0.04878048780487805,
        0.0,
        0.14285714285714285,
        0.0,
        0.0,
        0.020833333333333332,
        0.0,
        0.0,
        0.02197802197802198,
        0.0,
        0.0,
        0.0,
        null,
        0.0
    ],
    "ref_normal_samples": [
        "BG9_33",
        "VUHD92",
        "VUHD70",
        "D339",
        "Donor_08",
        "T121",
        "NP14",
        "T126",
        "192C",
        "dd39p",
        "donor 2",
        "VUHD076",
        "DD046Q",
        "VUHD107",
        "A37",
        "LuT_437",
        "NP22",
        "Patient_1",
        "D239",
        "D326",
        "A47",
        "THD0012",
        "BG9_3",
        "296C",
        "THD0006",
        "SAMN15153956",
        "368C",
        "Donor_06",
        "098C"
    ],
    "que_normal_samples": [
        "A40",
        "D344",
        "T90",
        "A26",
        "2020-3173-NC007",
        "226C",
        "GSM4593897",
        "donor 3",
        "A44",
        "NP15",
        "NP27",
        "356C",
        "lafy_donor_4",
        "SAMN15153963",
        "muc9833",
        "QZY9VQng",
        "465C",
        "T166",
        "D353",
        "GRO-03",
        "muc4659",
        "muc3843",
        "GRO-07",
        "THD0017",
        "NP26",
        "NP11",
        "GRO-01",
        "NP35",
        "NP39",
        "284C"
    ],
    "que_disease_samples": [
        "VUILD60",
        "034I",
        "VUILD59",
        "VUILD61",
        "IPF_03",
        "IPF1",
        "010I",
        "IPF_04",
        "TILD006",
        "158I",
        "225I",
        "041I",
        "IPF3",
        "222I",
        "228I",
        "022I",
        "221I",
        "TILD015",
        "212I",
        "053I",
        "Cryobiopsy_01",
        "135I",
        "VUILD63",
        "025I",
        "VUILD53",
        "VUILD64"
    ],
    "que_samples": [
        "A40",
        "D344",
        "T90",
        "A26",
        "2020-3173-NC007",
        "226C",
        "GSM4593897",
        "donor 3",
        "A44",
        "NP15",
        "NP27",
        "356C",
        "lafy_donor_4",
        "SAMN15153963",
        "muc9833",
        "QZY9VQng",
        "465C",
        "T166",
        "D353",
        "GRO-03",
        "muc4659",
        "muc3843",
        "GRO-07",
        "THD0017",
        "NP26",
        "NP11",
        "GRO-01",
        "NP35",
        "NP39",
        "284C",
        "VUILD60",
        "034I",
        "VUILD59",
        "VUILD61",
        "IPF_03",
        "IPF1",
        "010I",
        "IPF_04",
        "TILD006",
        "158I",
        "225I",
        "041I",
        "IPF3",
        "222I",
        "228I",
        "022I",
        "221I",
        "TILD015",
        "212I",
        "053I",
        "Cryobiopsy_01",
        "135I",
        "VUILD63",
        "025I",
        "VUILD53",
        "VUILD64"
    ]
}