{
    "problem": "healthy-reference-EC arterial-900",
    "n_comps": 9.0,
    "optimal_k": 15.0,
    "optimal_p": 0.1,
    "ratio-limit": 0.2,
    "accuracy": 0.4878048780487805,
    "precision": 0.625,
    "recall": 0.4,
    "f1": 0.4878048780487805,
    "outlier_ratio_ref_datasets": [
        null,
        0.03237410071942446,
        null,
        0.08,
        0.01694915254237288,
        null,
        0.0,
        0.0,
        0.11374407582938388,
        0.056338028169014086,
        0.4090909090909091,
        0.16666666666666666,
        0.17391304347826086,
        null,
        null,
        0.02727272727272727,
        0.0,
        0.2,
        0.0,
        0.125,
        0.0,
        null,
        null,
        null,
        0.1111111111111111,
        null,
        0.0,
        null,
        null
    ],
    "outlier_ratio_que_datasets": [
        0.3333333333333333,
        0.0,
        0.16542155816435433,
        null,
        1.0,
        0.02564102564102564,
        0.0,
        null,
        0.08860759493670886,
        null,
        0.14285714285714285,
        0.8333333333333334,
        0.29411764705882354,
        0.25,
        0.15384615384615385,
        0.16608996539792387,
        null,
        null,
        0.03184713375796178,
        null,
        null,
        0.0,
        null,
        null,
        null,
        null,
        null,
        null,
        null,
        0.4,
        0.08108108108108109,
        0.1935483870967742,
        0.11229946524064172,
        0.22857142857142856,
        0.0,
        0.0,
        0.0,
        0.18181818181818182,
        0.25,
        0.6,
        0.0,
        0.5,
        0.6666666666666666,
        0.23076923076923078,
        0.25,
        0.2,
        0.034482758620689655,
        0.0,
        0.5,
        0.01098901098901099,
        0.0,
        0.0,
        0.5,
        0.5714285714285714,
        0.0,
        null
    ],
    "ref_normal_samples": [
        "VUHD107",
        "donor 3",
        "SAMN15153963",
        "368C",
        "A26",
        "BG9_33",
        "098C",
        "THD0017",
        "A44",
        "A37",
        "lafy_donor_4",
        "D339",
        "Donor_06",
        "T121",
        "VUHD076",
        "D239",
        "A47",
        "D353",
        "356C",
        "muc9833",
        "THD0006",
        "SAMN15153956",
        "2020-3173-NC007",
        "T166",
        "muc3843",
        "LuT_437",
        "D326",
        "NP26",
        "NP15"
    ],
    "que_normal_samples": [
        "A40",
        "D344",
        "donor 2",
        "T90",
        "226C",
        "Patient_1",
        "THD0012",
        "GSM4593897",
        "DD046Q",
        "NP27",
        "296C",
        "192C",
        "QZY9VQng",
        "465C",
        "Donor_08",
        "VUHD92",
        "T126",
        "NP22",
        "VUHD70",
        "GRO-03",
        "muc4659",
        "GRO-07",
        "dd39p",
        "NP14",
        "NP11",
        "BG9_3",
        "GRO-01",
        "NP35",
        "NP39",
        "284C"
    ],
    "que_disease_samples": [
        "VUILD60",
        "034I",
        "VUILD59",
        "166I",
        "IPF_02",
        "49I",
        "157I",
        "TILD006",
        "138I",
        "063I",
        "158I",
        "209I",
        "228I",
        "022I",
        "177I",
        "179I",
        "VUILD65",
        "TILD010",
        "040I",
        "Cryobiopsy_01",
        "214I",
        "IPF_01",
        "TILD001",
        "025I",
        "47I",
        "VUILD53"
    ],
    "que_samples": [
        "A40",
        "D344",
        "donor 2",
        "T90",
        "226C",
        "Patient_1",
        "THD0012",
        "GSM4593897",
        "DD046Q",
        "NP27",
        "296C",
        "192C",
        "QZY9VQng",
        "465C",
        "Donor_08",
        "VUHD92",
        "T126",
        "NP22",
        "VUHD70",
        "GRO-03",
        "muc4659",
        "GRO-07",
        "dd39p",
        "NP14",
        "NP11",
        "BG9_3",
        "GRO-01",
        "NP35",
        "NP39",
        "284C",
        "VUILD60",
        "034I",
        "VUILD59",
        "166I",
        "IPF_02",
        "49I",
        "157I",
        "TILD006",
        "138I",
        "063I",
        "158I",
        "209I",
        "228I",
        "022I",
        "177I",
        "179I",
        "VUILD65",
        "TILD010",
        "040I",
        "Cryobiopsy_01",
        "214I",
        "IPF_01",
        "TILD001",
        "025I",
        "47I",
        "VUILD53"
    ]
}