{
    "problem": "healthy-reference-Innate lymphoid cell NK-0",
    "n_comps": 9.0,
    "optimal_k": 5.0,
    "optimal_p": 0.1,
    "ratio-limit": 0.16101694915254236,
    "accuracy": 0.5365853658536586,
    "precision": 0.6190476190476191,
    "recall": 0.5416666666666666,
    "f1": 0.5777777777777777,
    "outlier_ratio_ref_datasets": [
        0.09375,
        0.13821138211382114,
        0.6666666666666666,
        0.16101694915254236,
        0.06522535727372664,
        null,
        null,
        0.0962962962962963,
        0.5714285714285714,
        null,
        null,
        0.5,
        0.023255813953488372,
        0.45483870967741935,
        null,
        0.13846153846153847,
        0.14411764705882352,
        0.03333333333333333,
        0.10695187165775401,
        0.026470588235294117,
        null,
        null,
        0.07714285714285714,
        null,
        0.0,
        null,
        0.11764705882352941,
        0.0,
        null
    ],
    "outlier_ratio_que_datasets": [
        0.1701388888888889,
        0.0,
        null,
        0.1124031007751938,
        null,
        0.4,
        null,
        null,
        0.06472491909385113,
        0.22468354430379747,
        0.08264462809917356,
        0.0,
        0.0967741935483871,
        null,
        null,
        null,
        0.030303030303030304,
        0.2857142857142857,
        0.16666666666666666,
        0.025,
        null,
        null,
        null,
        0.1702127659574468,
        null,
        null,
        0.2,
        0.0,
        null,
        0.5384615384615384,
        0.1323529411764706,
        0.0891089108910891,
        0.5,
        0.15384615384615385,
        0.25165562913907286,
        0.37142857142857144,
        0.2,
        0.05668016194331984,
        0.17857142857142858,
        0.2727272727272727,
        0.10784313725490197,
        0.052054794520547946,
        0.26804123711340205,
        0.3333333333333333,
        0.09580838323353294,
        0.08727272727272728,
        0.42857142857142855,
        null,
        0.07142857142857142,
        0.10759493670886076,
        0.13994169096209913,
        0.6666666666666666,
        0.5882352941176471,
        null,
        0.22580645161290322,
        0.3333333333333333
    ],
    "ref_normal_samples": [
        "NP35",
        "muc9833",
        "368C",
        "465C",
        "donor 2",
        "NP15",
        "T126",
        "VUHD92",
        "QZY9VQng",
        "296C",
        "Donor_08",
        "D326",
        "VUHD70",
        "DD046Q",
        "BG9_3",
        "226C",
        "356C",
        "GRO-07",
        "A26",
        "VUHD107",
        "GRO-01",
        "NP22",
        "Patient_1",
        "NP14",
        "muc4659",
        "T90",
        "lafy_donor_4",
        "NP39",
        "NP27"
    ],
    "que_normal_samples": [
        "A40",
        "D344",
        "D339",
        "098C",
        "2020-3173-NC007",
        "Donor_06",
        "THD0012",
        "GSM4593897",
        "donor 3",
        "A44",
        "192C",
        "SAMN15153963",
        "A47",
        "T121",
        "T166",
        "D353",
        "D239",
        "SAMN15153956",
        "GRO-03",
        "muc3843",
        "BG9_33",
        "THD0017",
        "dd39p",
        "A37",
        "NP26",
        "THD0006",
        "NP11",
        "LuT_437",
        "VUHD076",
        "284C"
    ],
    "que_disease_samples": [
        "VUILD60",
        "166I",
        "IPF_03",
        "IPF_02",
        "49I",
        "IPF2",
        "010I",
        "157I",
        "138I",
        "063I",
        "158I",
        "222I",
        "022I",
        "29I",
        "59I",
        "179I",
        "VUILD65",
        "TILD010",
        "Cryobiopsy_01",
        "135I",
        "VUILD63",
        "214I",
        "IPF_01",
        "TILD001",
        "025I",
        "VUILD64"
    ],
    "que_samples": [
        "A40",
        "D344",
        "D339",
        "098C",
        "2020-3173-NC007",
        "Donor_06",
        "THD0012",
        "GSM4593897",
        "donor 3",
        "A44",
        "192C",
        "SAMN15153963",
        "A47",
        "T121",
        "T166",
        "D353",
        "D239",
        "SAMN15153956",
        "GRO-03",
        "muc3843",
        "BG9_33",
        "THD0017",
        "dd39p",
        "A37",
        "NP26",
        "THD0006",
        "NP11",
        "LuT_437",
        "VUHD076",
        "284C",
        "VUILD60",
        "166I",
        "IPF_03",
        "IPF_02",
        "49I",
        "IPF2",
        "010I",
        "157I",
        "138I",
        "063I",
        "158I",
        "222I",
        "022I",
        "29I",
        "59I",
        "179I",
        "VUILD65",
        "TILD010",
        "Cryobiopsy_01",
        "135I",
        "VUILD63",
        "214I",
        "IPF_01",
        "TILD001",
        "025I",
        "VUILD64"
    ]
}