{
    "problem": "healthy-reference-Innate lymphoid cell NK-100",
    "n_comps": 9.0,
    "optimal_k": 5.0,
    "optimal_p": 0.1,
    "ratio-limit": 0.01715686274509804,
    "accuracy": 0.5652173913043478,
    "precision": 0.6470588235294118,
    "recall": 0.44,
    "f1": 0.5238095238095238,
    "outlier_ratio_ref_datasets": [
        0.011428571428571429,
        null,
        null,
        null,
        null,
        null,
        0.0,
        0.0425531914893617,
        0.0,
        0.012903225806451613,
        null,
        null,
        null,
        null,
        0.0,
        0.0,
        null,
        null,
        0.13548387096774195,
        0.01715686274509804,
        0.010787486515641856,
        null,
        0.0,
        0.0,
        0.0,
        null,
        null,
        0.0,
        0.0
    ],
    "outlier_ratio_que_datasets": [
        0.029513888888888888,
        0.0,
        0.014290949065591791,
        null,
        0.0053475935828877,
        0.046153846153846156,
        0.0,
        0.05379746835443038,
        null,
        0.03137254901960784,
        0.024390243902439025,
        0.0,
        null,
        null,
        0.007407407407407408,
        null,
        0.015151515151515152,
        0.14285714285714285,
        0.0,
        0.0,
        0.0029411764705882353,
        0.0,
        null,
        0.016666666666666666,
        null,
        0.0,
        0.0,
        null,
        null,
        0.0,
        0.027777777777777776,
        0.047619047619047616,
        0.018018018018018018,
        0.0,
        0.0,
        0.0,
        0.09090909090909091,
        0.0,
        0.017985611510791366,
        0.0,
        0.02142857142857143,
        0.0,
        0.0037735849056603774,
        0.06896551724137931,
        0.018018018018018018,
        0.0,
        0.01639344262295082,
        0.0,
        0.027777777777777776,
        0.0,
        0.02040816326530612,
        0.0,
        0.11764705882352941,
        0.0,
        null,
        0.0
    ],
    "ref_normal_samples": [
        "Patient_1",
        "T166",
        "VUHD076",
        "NP14",
        "THD0012",
        "dd39p",
        "QZY9VQng",
        "A37",
        "D326",
        "A47",
        "T126",
        "2020-3173-NC007",
        "NP22",
        "NP26",
        "098C",
        "NP39",
        "NP15",
        "D339",
        "DD046Q",
        "lafy_donor_4",
        "donor 3",
        "296C",
        "muc4659",
        "NP35",
        "284C",
        "GSM4593897",
        "THD0006",
        "SAMN15153963",
        "192C"
    ],
    "que_normal_samples": [
        "A40",
        "D344",
        "donor 2",
        "T90",
        "A26",
        "226C",
        "Donor_06",
        "A44",
        "NP27",
        "356C",
        "muc9833",
        "465C",
        "T121",
        "Donor_08",
        "VUHD92",
        "D353",
        "D239",
        "SAMN15153956",
        "VUHD70",
        "GRO-03",
        "VUHD107",
        "muc3843",
        "BG9_33",
        "GRO-07",
        "THD0017",
        "368C",
        "NP11",
        "BG9_3",
        "GRO-01",
        "LuT_437"
    ],
    "que_disease_samples": [
        "034I",
        "VUILD59",
        "VUILD61",
        "TILD028",
        "IPF_02",
        "TILD006",
        "063I",
        "158I",
        "225I",
        "041I",
        "IPF3",
        "210I",
        "221I",
        "TILD015",
        "177I",
        "59I",
        "145I",
        "VUILD65",
        "040I",
        "135I",
        "VUILD63",
        "214I",
        "IPF_01",
        "025I",
        "VUILD53",
        "VUILD64"
    ],
    "que_samples": [
        "A40",
        "D344",
        "donor 2",
        "T90",
        "A26",
        "226C",
        "Donor_06",
        "A44",
        "NP27",
        "356C",
        "muc9833",
        "465C",
        "T121",
        "Donor_08",
        "VUHD92",
        "D353",
        "D239",
        "SAMN15153956",
        "VUHD70",
        "GRO-03",
        "VUHD107",
        "muc3843",
        "BG9_33",
        "GRO-07",
        "THD0017",
        "368C",
        "NP11",
        "BG9_3",
        "GRO-01",
        "LuT_437",
        "034I",
        "VUILD59",
        "VUILD61",
        "TILD028",
        "IPF_02",
        "TILD006",
        "063I",
        "158I",
        "225I",
        "041I",
        "IPF3",
        "210I",
        "221I",
        "TILD015",
        "177I",
        "59I",
        "145I",
        "VUILD65",
        "040I",
        "135I",
        "VUILD63",
        "214I",
        "IPF_01",
        "025I",
        "VUILD53",
        "VUILD64"
    ]
}