{
    "problem": "healthy-reference-Innate lymphoid cell NK-200",
    "n_comps": 4.0,
    "optimal_k": 13.0,
    "optimal_p": 0.05499999999999993,
    "ratio-limit": 0.21935483870967742,
    "accuracy": 0.5813953488372093,
    "precision": 0.7142857142857143,
    "recall": 0.4166666666666667,
    "f1": 0.5263157894736842,
    "outlier_ratio_ref_datasets": [
        0.05349945034811286,
        null,
        0.21935483870967742,
        null,
        null,
        0.0,
        0.06,
        0.01764705882352941,
        null,
        0.1684027777777778,
        null,
        null,
        0.046875,
        0.5,
        null,
        0.0,
        null,
        0.05,
        null,
        0.040992448759439054,
        null,
        null,
        null,
        0.11382113821138211,
        0.5,
        0.058823529411764705,
        0.0,
        0.09032258064516129,
        0.023255813953488372
    ],
    "outlier_ratio_que_datasets": [
        null,
        null,
        0.12790697674418605,
        0.2153846153846154,
        null,
        0.27848101265822783,
        null,
        0.13333333333333333,
        0.17355371900826447,
        0.06862745098039216,
        0.0,
        0.2857142857142857,
        0.15254237288135594,
        null,
        0.2074074074074074,
        null,
        null,
        null,
        0.030303030303030304,
        0.5714285714285714,
        0.16666666666666666,
        0.05,
        null,
        0.10638297872340426,
        0.6666666666666666,
        null,
        0.0,
        null,
        0.0,
        0.0,
        0.24043715846994534,
        0.3333333333333333,
        0.2857142857142857,
        0.1188118811881188,
        0.1891891891891892,
        0.13043478260869565,
        0.3142857142857143,
        null,
        1.0,
        0.2619047619047619,
        0.06862745098039216,
        0.17266187050359713,
        0.25225225225225223,
        0.20618556701030927,
        0.47058823529411764,
        0.052830188679245285,
        0.5555555555555556,
        0.1437125748502994,
        0.21311475409836064,
        0.13095238095238096,
        null,
        0.5,
        0.04519774011299435,
        0.13259668508287292,
        0.1935483870967742,
        0.16666666666666666
    ],
    "ref_normal_samples": [
        "donor 2",
        "VUHD076",
        "DD046Q",
        "NP26",
        "dd39p",
        "D344",
        "Patient_1",
        "VUHD107",
        "NP27",
        "A40",
        "THD0017",
        "T121",
        "NP35",
        "Donor_06",
        "GRO-01",
        "LuT_437",
        "THD0006",
        "GRO-07",
        "T166",
        "donor 3",
        "GSM4593897",
        "2020-3173-NC007",
        "296C",
        "muc9833",
        "D326",
        "A26",
        "muc4659",
        "A47",
        "VUHD70"
    ],
    "que_normal_samples": [
        "D339",
        "T90",
        "098C",
        "226C",
        "THD0012",
        "A44",
        "NP15",
        "356C",
        "192C",
        "lafy_donor_4",
        "SAMN15153963",
        "QZY9VQng",
        "465C",
        "Donor_08",
        "VUHD92",
        "T126",
        "D353",
        "NP22",
        "D239",
        "SAMN15153956",
        "GRO-03",
        "muc3843",
        "BG9_33",
        "A37",
        "368C",
        "NP14",
        "NP11",
        "BG9_3",
        "NP39",
        "284C"
    ],
    "que_disease_samples": [
        "051I",
        "034I",
        "VUILD59",
        "166I",
        "VUILD61",
        "TILD028",
        "IPF2",
        "IPF_04",
        "TILD006",
        "138I",
        "158I",
        "225I",
        "228I",
        "022I",
        "210I",
        "221I",
        "29I",
        "59I",
        "145I",
        "212I",
        "TILD010",
        "040I",
        "174I",
        "021I",
        "025I",
        "VUILD64"
    ],
    "que_samples": [
        "D339",
        "T90",
        "098C",
        "226C",
        "THD0012",
        "A44",
        "NP15",
        "356C",
        "192C",
        "lafy_donor_4",
        "SAMN15153963",
        "QZY9VQng",
        "465C",
        "Donor_08",
        "VUHD92",
        "T126",
        "D353",
        "NP22",
        "D239",
        "SAMN15153956",
        "GRO-03",
        "muc3843",
        "BG9_33",
        "A37",
        "368C",
        "NP14",
        "NP11",
        "BG9_3",
        "NP39",
        "284C",
        "051I",
        "034I",
        "VUILD59",
        "166I",
        "VUILD61",
        "TILD028",
        "IPF2",
        "IPF_04",
        "TILD006",
        "138I",
        "158I",
        "225I",
        "228I",
        "022I",
        "210I",
        "221I",
        "29I",
        "59I",
        "145I",
        "212I",
        "TILD010",
        "040I",
        "174I",
        "021I",
        "025I",
        "VUILD64"
    ]
}