{
    "problem": "healthy-reference-Innate lymphoid cell NK-300",
    "n_comps": 2.0,
    "optimal_k": 15.0,
    "optimal_p": 0.020000000000000014,
    "ratio-limit": 0.2,
    "accuracy": 0.5609756097560976,
    "precision": 1.0,
    "recall": 0.21739130434782608,
    "f1": 0.35714285714285715,
    "outlier_ratio_ref_datasets": [
        0.0,
        0.5,
        null,
        0.04513888888888889,
        0.05185185185185185,
        0.0,
        null,
        0.04086021505376344,
        0.0,
        0.0,
        0.2,
        0.3333333333333333,
        null,
        0.2,
        0.0196078431372549,
        0.0,
        null,
        0.09230769230769231,
        0.0,
        0.09177215189873418,
        0.026737967914438502,
        null,
        null,
        null,
        null,
        0.047058823529411764,
        null,
        null,
        null
    ],
    "outlier_ratio_que_datasets": [
        0.0,
        0.03627702455111763,
        0.046511627906976744,
        0.008571428571428572,
        null,
        null,
        0.1032258064516129,
        0.017259978425026967,
        null,
        null,
        null,
        0.10743801652892562,
        0.08130081300813008,
        0.14285714285714285,
        0.05084745762711865,
        null,
        null,
        0.03787878787878788,
        0.020588235294117647,
        0.025,
        null,
        0.03333333333333333,
        null,
        null,
        0.0851063829787234,
        null,
        null,
        0.03125,
        0.0,
        0.0,
        0.13114754098360656,
        0.0,
        0.11258278145695365,
        null,
        0.11740890688259109,
        0.07608695652173914,
        0.0,
        0.0,
        0.08633093525179857,
        0.05,
        0.23529411764705882,
        0.2222222222222222,
        0.05855855855855856,
        0.08196721311475409,
        0.04363636363636364,
        0.08333333333333333,
        null,
        0.02824858757062147,
        0.07142857142857142,
        0.13291139240506328,
        0.3333333333333333,
        0.17647058823529413,
        null,
        0.16129032258064516,
        0.25,
        0.3333333333333333
    ],
    "ref_normal_samples": [
        "GRO-03",
        "D326",
        "VUHD076",
        "A40",
        "VUHD92",
        "NP39",
        "D353",
        "A47",
        "SAMN15153956",
        "VUHD70",
        "Donor_06",
        "368C",
        "2020-3173-NC007",
        "NP11",
        "lafy_donor_4",
        "SAMN15153963",
        "THD0006",
        "226C",
        "muc4659",
        "A44",
        "A26",
        "T126",
        "NP14",
        "D339",
        "T90",
        "356C",
        "BG9_3",
        "NP22",
        "Donor_08"
    ],
    "que_normal_samples": [
        "D344",
        "donor 2",
        "098C",
        "Patient_1",
        "THD0012",
        "GSM4593897",
        "DD046Q",
        "donor 3",
        "NP15",
        "NP27",
        "296C",
        "192C",
        "muc9833",
        "QZY9VQng",
        "465C",
        "T121",
        "T166",
        "D239",
        "VUHD107",
        "muc3843",
        "BG9_33",
        "GRO-07",
        "THD0017",
        "dd39p",
        "A37",
        "NP26",
        "GRO-01",
        "NP35",
        "LuT_437",
        "284C"
    ],
    "que_disease_samples": [
        "051I",
        "IPF_02",
        "49I",
        "IPF1",
        "157I",
        "123I",
        "TILD006",
        "063I",
        "225I",
        "IPF3",
        "210I",
        "29I",
        "177I",
        "145I",
        "179I",
        "212I",
        "TILD010",
        "174I",
        "Cryobiopsy_01",
        "135I",
        "214I",
        "IPF_01",
        "TILD001",
        "025I",
        "47I",
        "VUILD64"
    ],
    "que_samples": [
        "D344",
        "donor 2",
        "098C",
        "Patient_1",
        "THD0012",
        "GSM4593897",
        "DD046Q",
        "donor 3",
        "NP15",
        "NP27",
        "296C",
        "192C",
        "muc9833",
        "QZY9VQng",
        "465C",
        "T121",
        "T166",
        "D239",
        "VUHD107",
        "muc3843",
        "BG9_33",
        "GRO-07",
        "THD0017",
        "dd39p",
        "A37",
        "NP26",
        "GRO-01",
        "NP35",
        "LuT_437",
        "284C",
        "051I",
        "IPF_02",
        "49I",
        "IPF1",
        "157I",
        "123I",
        "TILD006",
        "063I",
        "225I",
        "IPF3",
        "210I",
        "29I",
        "177I",
        "145I",
        "179I",
        "212I",
        "TILD010",
        "174I",
        "Cryobiopsy_01",
        "135I",
        "214I",
        "IPF_01",
        "TILD001",
        "025I",
        "47I",
        "VUILD64"
    ]
}