{
    "problem": "healthy-reference-Innate lymphoid cell NK-400",
    "n_comps": 22.0,
    "optimal_k": 6.0,
    "optimal_p": 0.1,
    "ratio-limit": 0.10443037974683544,
    "accuracy": 0.525,
    "precision": 0.7142857142857143,
    "recall": 0.22727272727272727,
    "f1": 0.3448275862068966,
    "outlier_ratio_ref_datasets": [
        null,
        0.045454545454545456,
        null,
        null,
        null,
        0.050387596899224806,
        0.14285714285714285,
        0.02962962962962963,
        null,
        0.0,
        null,
        0.00847457627118644,
        0.03870967741935484,
        null,
        0.0,
        0.056862745098039215,
        null,
        0.34838709677419355,
        0.0425531914893617,
        0.03142857142857143,
        0.031146940271161598,
        0.10443037974683544,
        0.04861111111111111,
        0.06504065040650407,
        0.3076923076923077,
        0.032362459546925564,
        null,
        null,
        null
    ],
    "outlier_ratio_que_datasets": [
        0.0,
        null,
        0.026737967914438502,
        null,
        0.09230769230769231,
        0.0,
        null,
        null,
        null,
        0.06611570247933884,
        0.051470588235294115,
        0.0,
        0.0,
        0.42857142857142855,
        null,
        null,
        null,
        0.0,
        0.0,
        0.0058823529411764705,
        0.0,
        0.0,
        null,
        0.06666666666666667,
        null,
        null,
        0.3333333333333333,
        0.0,
        null,
        0.03125,
        0.08333333333333333,
        0.046357615894039736,
        null,
        0.2857142857142857,
        null,
        1.0,
        0.07142857142857142,
        0.058823529411764705,
        0.025179856115107913,
        0.0,
        0.07142857142857142,
        0.01643835616438356,
        0.10810810810810811,
        0.058823529411764705,
        0.1111111111111111,
        0.13793103448275862,
        0.04954954954954955,
        0.011976047904191617,
        0.04918032786885246,
        0.03571428571428571,
        0.010582010582010581,
        0.047619047619047616,
        0.08454810495626822,
        0.04419889502762431,
        null,
        null
    ],
    "ref_normal_samples": [
        "296C",
        "D239",
        "NP15",
        "THD0006",
        "BG9_3",
        "098C",
        "SAMN15153956",
        "VUHD92",
        "NP14",
        "LuT_437",
        "T166",
        "465C",
        "A47",
        "VUHD076",
        "NP39",
        "356C",
        "T121",
        "DD046Q",
        "A37",
        "Patient_1",
        "donor 2",
        "A44",
        "A40",
        "muc9833",
        "284C",
        "donor 3",
        "NP26",
        "D353",
        "D339"
    ],
    "que_normal_samples": [
        "D344",
        "T90",
        "A26",
        "2020-3173-NC007",
        "226C",
        "Donor_06",
        "THD0012",
        "GSM4593897",
        "NP27",
        "192C",
        "lafy_donor_4",
        "D326",
        "SAMN15153963",
        "QZY9VQng",
        "Donor_08",
        "T126",
        "NP22",
        "VUHD70",
        "GRO-03",
        "VUHD107",
        "muc4659",
        "muc3843",
        "BG9_33",
        "GRO-07",
        "THD0017",
        "dd39p",
        "368C",
        "NP11",
        "GRO-01",
        "NP35"
    ],
    "que_disease_samples": [
        "034I",
        "49I",
        "IPF1",
        "IPF2",
        "IPF_04",
        "TILD006",
        "138I",
        "158I",
        "225I",
        "041I",
        "IPF3",
        "222I",
        "228I",
        "210I",
        "29I",
        "TILD015",
        "177I",
        "59I",
        "145I",
        "212I",
        "053I",
        "Cryobiopsy_01",
        "VUILD63",
        "021I",
        "TILD001",
        "VUILD53"
    ],
    "que_samples": [
        "D344",
        "T90",
        "A26",
        "2020-3173-NC007",
        "226C",
        "Donor_06",
        "THD0012",
        "GSM4593897",
        "NP27",
        "192C",
        "lafy_donor_4",
        "D326",
        "SAMN15153963",
        "QZY9VQng",
        "Donor_08",
        "T126",
        "NP22",
        "VUHD70",
        "GRO-03",
        "VUHD107",
        "muc4659",
        "muc3843",
        "BG9_33",
        "GRO-07",
        "THD0017",
        "dd39p",
        "368C",
        "NP11",
        "GRO-01",
        "NP35",
        "034I",
        "49I",
        "IPF1",
        "IPF2",
        "IPF_04",
        "TILD006",
        "138I",
        "158I",
        "225I",
        "041I",
        "IPF3",
        "222I",
        "228I",
        "210I",
        "29I",
        "TILD015",
        "177I",
        "59I",
        "145I",
        "212I",
        "053I",
        "Cryobiopsy_01",
        "VUILD63",
        "021I",
        "TILD001",
        "VUILD53"
    ]
}