{
    "problem": "healthy-reference-Innate lymphoid cell NK-500",
    "n_comps": 9.0,
    "optimal_k": 4.0,
    "optimal_p": 0.1,
    "ratio-limit": 0.03076923076923077,
    "accuracy": 0.425,
    "precision": 0.5,
    "recall": 0.043478260869565216,
    "f1": 0.08,
    "outlier_ratio_ref_datasets": [
        0.0,
        null,
        null,
        0.0,
        null,
        null,
        0.0,
        0.0,
        null,
        0.016260162601626018,
        0.04516129032258064,
        0.0,
        0.007352941176470588,
        0.0,
        0.0,
        0.0,
        null,
        0.02127659574468085,
        0.002157497303128371,
        0.0,
        0.01764705882352941,
        null,
        null,
        0.0,
        null,
        null,
        0.0,
        0.03076923076923077,
        0.00949367088607595
    ],
    "outlier_ratio_que_datasets": [
        0.008680555555555556,
        0.004030780505679736,
        null,
        0.008571428571428572,
        0.0,
        null,
        null,
        0.0,
        0.0,
        0.004301075268817204,
        null,
        0.0,
        null,
        null,
        0.0,
        0.0,
        0.0029411764705882353,
        0.0,
        null,
        0.0,
        null,
        null,
        null,
        null,
        null,
        null,
        0.0,
        0.0,
        0.0,
        0.07692307692307693,
        0.0,
        0.0,
        0.015873015873015872,
        0.0,
        0.0,
        0.07692307692307693,
        null,
        0.0,
        0.0,
        0.0,
        0.0,
        0.005479452054794521,
        0.0,
        0.0,
        0.0,
        0.0,
        0.0,
        0.0,
        0.0,
        0.0,
        0.0,
        0.0,
        null,
        0.0,
        null,
        0.0
    ],
    "ref_normal_samples": [
        "NP11",
        "T166",
        "D353",
        "VUHD70",
        "VUHD076",
        "NP15",
        "muc4659",
        "368C",
        "THD0017",
        "muc9833",
        "DD046Q",
        "A26",
        "lafy_donor_4",
        "SAMN15153956",
        "098C",
        "D344",
        "GSM4593897",
        "A37",
        "donor 3",
        "QZY9VQng",
        "356C",
        "D339",
        "T90",
        "192C",
        "T121",
        "296C",
        "SAMN15153963",
        "226C",
        "A44"
    ],
    "que_normal_samples": [
        "A40",
        "donor 2",
        "2020-3173-NC007",
        "Patient_1",
        "Donor_06",
        "THD0012",
        "NP27",
        "D326",
        "465C",
        "A47",
        "Donor_08",
        "VUHD92",
        "T126",
        "NP22",
        "D239",
        "GRO-03",
        "VUHD107",
        "muc3843",
        "BG9_33",
        "GRO-07",
        "dd39p",
        "NP26",
        "NP14",
        "THD0006",
        "BG9_3",
        "GRO-01",
        "NP35",
        "LuT_437",
        "NP39",
        "284C"
    ],
    "que_disease_samples": [
        "VUILD60",
        "034I",
        "VUILD59",
        "166I",
        "TILD028",
        "IPF_02",
        "IPF_04",
        "123I",
        "TILD006",
        "158I",
        "041I",
        "222I",
        "022I",
        "210I",
        "59I",
        "212I",
        "VUILD65",
        "053I",
        "040I",
        "Cryobiopsy_01",
        "021I",
        "214I",
        "TILD001",
        "025I",
        "VUILD53",
        "VUILD64"
    ],
    "que_samples": [
        "A40",
        "donor 2",
        "2020-3173-NC007",
        "Patient_1",
        "Donor_06",
        "THD0012",
        "NP27",
        "D326",
        "465C",
        "A47",
        "Donor_08",
        "VUHD92",
        "T126",
        "NP22",
        "D239",
        "GRO-03",
        "VUHD107",
        "muc3843",
        "BG9_33",
        "GRO-07",
        "dd39p",
        "NP26",
        "NP14",
        "THD0006",
        "BG9_3",
        "GRO-01",
        "NP35",
        "LuT_437",
        "NP39",
        "284C",
        "VUILD60",
        "034I",
        "VUILD59",
        "166I",
        "TILD028",
        "IPF_02",
        "IPF_04",
        "123I",
        "TILD006",
        "158I",
        "041I",
        "222I",
        "022I",
        "210I",
        "59I",
        "212I",
        "VUILD65",
        "053I",
        "040I",
        "Cryobiopsy_01",
        "021I",
        "214I",
        "TILD001",
        "025I",
        "VUILD53",
        "VUILD64"
    ]
}