{
    "problem": "healthy-reference-Innate lymphoid cell NK-600",
    "n_comps": 3.0,
    "optimal_k": 15.0,
    "optimal_p": 0.035000000000000024,
    "ratio-limit": 0.10243055555555555,
    "accuracy": 0.631578947368421,
    "precision": 0.68,
    "recall": 0.7391304347826086,
    "f1": 0.7083333333333334,
    "outlier_ratio_ref_datasets": [
        null,
        0.5,
        0.0,
        null,
        0.05714285714285714,
        0.0,
        0.053475935828877004,
        0.08130081300813008,
        0.2857142857142857,
        0.0,
        0.07096774193548387,
        null,
        null,
        null,
        0.007575757575757576,
        null,
        0.10243055555555555,
        0.0,
        1.0,
        0.0,
        0.058823529411764705,
        null,
        0.5,
        0.016666666666666666,
        0.0,
        0.2857142857142857,
        0.09230769230769231,
        0.04836936606815683,
        null
    ],
    "outlier_ratio_que_datasets": [
        0.5,
        0.08527131782945736,
        null,
        0.23870967741935484,
        0.0593311758360302,
        0.20253164556962025,
        null,
        0.1,
        null,
        0.1322314049586777,
        0.23728813559322035,
        null,
        null,
        0.1259259259259259,
        null,
        null,
        null,
        0.026470588235294117,
        0.025,
        null,
        0.0851063829787234,
        null,
        0.6666666666666666,
        null,
        null,
        null,
        null,
        0.046875,
        null,
        0.15384615384615385,
        0.1111111111111111,
        0.14414414414414414,
        0.75,
        0.15894039735099338,
        null,
        0.2,
        0.16666666666666666,
        null,
        0.09716599190283401,
        1.0,
        0.19047619047619047,
        0.049019607843137254,
        0.1223021582733813,
        0.18518518518518517,
        0.09285714285714286,
        0.14942528735632185,
        0.04054054054054054,
        0.11475409836065574,
        0.10846560846560846,
        0.07142857142857142,
        0.15822784810126583,
        0.052478134110787174,
        0.3333333333333333,
        0.35294117647058826,
        null,
        0.16129032258064516
    ],
    "ref_normal_samples": [
        "NP15",
        "D326",
        "muc4659",
        "T121",
        "Patient_1",
        "GRO-03",
        "A26",
        "muc9833",
        "QZY9VQng",
        "LuT_437",
        "A47",
        "D339",
        "THD0017",
        "T90",
        "D239",
        "BG9_33",
        "A40",
        "NP11",
        "NP39",
        "SAMN15153963",
        "lafy_donor_4",
        "2020-3173-NC007",
        "Donor_06",
        "GRO-07",
        "VUHD70",
        "SAMN15153956",
        "226C",
        "donor 2",
        "GSM4593897"
    ],
    "que_normal_samples": [
        "D344",
        "098C",
        "THD0012",
        "DD046Q",
        "donor 3",
        "A44",
        "NP27",
        "356C",
        "296C",
        "192C",
        "465C",
        "T166",
        "Donor_08",
        "VUHD92",
        "T126",
        "D353",
        "NP22",
        "VUHD107",
        "muc3843",
        "dd39p",
        "A37",
        "NP26",
        "368C",
        "NP14",
        "THD0006",
        "BG9_3",
        "GRO-01",
        "NP35",
        "VUHD076",
        "284C"
    ],
    "que_disease_samples": [
        "034I",
        "VUILD61",
        "IPF_03",
        "49I",
        "IPF1",
        "IPF2",
        "010I",
        "IPF_04",
        "157I",
        "TILD006",
        "138I",
        "158I",
        "225I",
        "041I",
        "IPF3",
        "TILD015",
        "177I",
        "145I",
        "053I",
        "Cryobiopsy_01",
        "135I",
        "VUILD63",
        "214I",
        "IPF_01",
        "TILD001",
        "025I"
    ],
    "que_samples": [
        "D344",
        "098C",
        "THD0012",
        "DD046Q",
        "donor 3",
        "A44",
        "NP27",
        "356C",
        "296C",
        "192C",
        "465C",
        "T166",
        "Donor_08",
        "VUHD92",
        "T126",
        "D353",
        "NP22",
        "VUHD107",
        "muc3843",
        "dd39p",
        "A37",
        "NP26",
        "368C",
        "NP14",
        "THD0006",
        "BG9_3",
        "GRO-01",
        "NP35",
        "VUHD076",
        "284C",
        "034I",
        "VUILD61",
        "IPF_03",
        "49I",
        "IPF1",
        "IPF2",
        "010I",
        "IPF_04",
        "157I",
        "TILD006",
        "138I",
        "158I",
        "225I",
        "041I",
        "IPF3",
        "TILD015",
        "177I",
        "145I",
        "053I",
        "Cryobiopsy_01",
        "135I",
        "VUILD63",
        "214I",
        "IPF_01",
        "TILD001",
        "025I"
    ]
}