{
    "problem": "healthy-reference-Innate lymphoid cell NK-700",
    "n_comps": 3.0,
    "optimal_k": 13.0,
    "optimal_p": 0.049999999999999926,
    "ratio-limit": 0.2,
    "accuracy": 0.4883720930232558,
    "precision": 0.6363636363636364,
    "recall": 0.28,
    "f1": 0.3888888888888889,
    "outlier_ratio_ref_datasets": [
        0.5,
        null,
        null,
        null,
        null,
        0.17419354838709677,
        null,
        0.01764705882352941,
        null,
        0.12396694214876033,
        0.09375,
        0.0,
        0.045454545454545456,
        0.07751937984496124,
        0.011627906976744186,
        0.07692307692307693,
        0.09177215189873418,
        0.03676470588235294,
        0.0,
        0.0696078431372549,
        null,
        0.2,
        null,
        0.05,
        0.14285714285714285,
        null,
        null,
        null,
        1.0
    ],
    "outlier_ratio_que_datasets": [
        0.04067423964822279,
        null,
        null,
        0.053475935828877004,
        null,
        0.09230769230769231,
        0.054285714285714284,
        0.05501618122977346,
        null,
        null,
        null,
        0.5,
        0.0,
        0.11382113821138211,
        0.3050847457627119,
        0.053763440860215055,
        null,
        null,
        0.044444444444444446,
        null,
        0.14285714285714285,
        0.016666666666666666,
        0.0851063829787234,
        null,
        0.6666666666666666,
        null,
        null,
        0.0625,
        0.0,
        1.0,
        0.18032786885245902,
        0.10294117647058823,
        0.0891089108910891,
        0.75,
        0.23076923076923078,
        0.14285714285714285,
        0.13333333333333333,
        null,
        0.08097165991902834,
        0.08695652173913043,
        1.0,
        0.17857142857142858,
        0.0,
        0.06862745098039216,
        0.057692307692307696,
        0.1079136690647482,
        0.07924528301886792,
        0.05090909090909091,
        0.12433862433862433,
        0.2222222222222222,
        0.03954802259887006,
        0.3333333333333333,
        0.35294117647058826,
        0.12903225806451613,
        0.23684210526315788,
        0.16666666666666666
    ],
    "ref_normal_samples": [
        "Donor_06",
        "VUHD076",
        "GSM4593897",
        "T121",
        "THD0017",
        "DD046Q",
        "D353",
        "VUHD107",
        "THD0006",
        "192C",
        "A40",
        "GRO-03",
        "D239",
        "098C",
        "VUHD70",
        "284C",
        "A44",
        "lafy_donor_4",
        "muc4659",
        "356C",
        "THD0012",
        "NP11",
        "NP14",
        "muc3843",
        "QZY9VQng",
        "BG9_33",
        "dd39p",
        "T126",
        "D344"
    ],
    "que_normal_samples": [
        "donor 2",
        "D339",
        "T90",
        "A26",
        "2020-3173-NC007",
        "226C",
        "Patient_1",
        "donor 3",
        "NP15",
        "NP27",
        "296C",
        "D326",
        "SAMN15153963",
        "muc9833",
        "465C",
        "A47",
        "T166",
        "Donor_08",
        "VUHD92",
        "NP22",
        "SAMN15153956",
        "GRO-07",
        "A37",
        "NP26",
        "368C",
        "BG9_3",
        "GRO-01",
        "NP35",
        "LuT_437",
        "NP39"
    ],
    "que_disease_samples": [
        "051I",
        "VUILD60",
        "166I",
        "IPF_03",
        "IPF_02",
        "IPF2",
        "010I",
        "IPF_04",
        "157I",
        "123I",
        "TILD006",
        "138I",
        "063I",
        "158I",
        "209I",
        "225I",
        "221I",
        "179I",
        "053I",
        "040I",
        "174I",
        "214I",
        "IPF_01",
        "025I",
        "47I",
        "VUILD64"
    ],
    "que_samples": [
        "donor 2",
        "D339",
        "T90",
        "A26",
        "2020-3173-NC007",
        "226C",
        "Patient_1",
        "donor 3",
        "NP15",
        "NP27",
        "296C",
        "D326",
        "SAMN15153963",
        "muc9833",
        "465C",
        "A47",
        "T166",
        "Donor_08",
        "VUHD92",
        "NP22",
        "SAMN15153956",
        "GRO-07",
        "A37",
        "NP26",
        "368C",
        "BG9_3",
        "GRO-01",
        "NP35",
        "LuT_437",
        "NP39",
        "051I",
        "VUILD60",
        "166I",
        "IPF_03",
        "IPF_02",
        "IPF2",
        "010I",
        "IPF_04",
        "157I",
        "123I",
        "TILD006",
        "138I",
        "063I",
        "158I",
        "209I",
        "225I",
        "221I",
        "179I",
        "053I",
        "040I",
        "174I",
        "214I",
        "IPF_01",
        "025I",
        "47I",
        "VUILD64"
    ]
}