{
    "problem": "healthy-reference-Innate lymphoid cell NK-800",
    "n_comps": 23.0,
    "optimal_k": 9.0,
    "optimal_p": 0.1,
    "ratio-limit": 0.6666666666666666,
    "accuracy": 0.4883720930232558,
    "precision": 1.0,
    "recall": 0.043478260869565216,
    "f1": 0.08333333333333333,
    "outlier_ratio_ref_datasets": [
        null,
        0.08888888888888889,
        0.011627906976744186,
        null,
        null,
        null,
        null,
        null,
        0.1322314049586777,
        null,
        0.06375961890802492,
        null,
        0.4774193548387097,
        0.029411764705882353,
        0.0851063829787234,
        0.3333333333333333,
        null,
        0.06571428571428571,
        0.09848484848484848,
        0.5,
        0.10967741935483871,
        null,
        null,
        null,
        null,
        0.2857142857142857,
        0.6666666666666666,
        0.5,
        0.11627906976744186
    ],
    "outlier_ratio_que_datasets": [
        0.16145833333333334,
        0.5,
        null,
        0.0748663101604278,
        null,
        0.1076923076923077,
        null,
        0.08522114347357065,
        0.22468354430379747,
        null,
        null,
        0.12549019607843137,
        0.13725490196078433,
        0.0,
        0.24390243902439024,
        0.5714285714285714,
        0.1271186440677966,
        null,
        null,
        0.16666666666666666,
        0.0,
        0.05,
        0.08333333333333333,
        null,
        null,
        0.0,
        null,
        0.109375,
        0.0,
        0.38461538461538464,
        0.10294117647058823,
        0.19444444444444445,
        0.23809523809523808,
        0.17117117117117117,
        0.5,
        null,
        0.23333333333333334,
        null,
        1.0,
        0.058823529411764705,
        0.07553956834532374,
        0.0,
        0.2357142857142857,
        0.043835616438356165,
        0.3063063063063063,
        0.17525773195876287,
        0.04150943396226415,
        0.22988505747126436,
        0.05952380952380952,
        0.06084656084656084,
        0.07142857142857142,
        0.11392405063291139,
        0.18658892128279883,
        0.12903225806451613,
        null,
        0.3333333333333333
    ],
    "ref_normal_samples": [
        "BG9_33",
        "VUHD92",
        "VUHD70",
        "D339",
        "Donor_08",
        "T121",
        "NP14",
        "T126",
        "192C",
        "dd39p",
        "donor 2",
        "VUHD076",
        "DD046Q",
        "VUHD107",
        "A37",
        "LuT_437",
        "NP22",
        "Patient_1",
        "D239",
        "D326",
        "A47",
        "THD0012",
        "BG9_3",
        "296C",
        "THD0006",
        "SAMN15153956",
        "368C",
        "Donor_06",
        "098C"
    ],
    "que_normal_samples": [
        "A40",
        "D344",
        "T90",
        "A26",
        "2020-3173-NC007",
        "226C",
        "GSM4593897",
        "donor 3",
        "A44",
        "NP15",
        "NP27",
        "356C",
        "lafy_donor_4",
        "SAMN15153963",
        "muc9833",
        "QZY9VQng",
        "465C",
        "T166",
        "D353",
        "GRO-03",
        "muc4659",
        "muc3843",
        "GRO-07",
        "THD0017",
        "NP26",
        "NP11",
        "GRO-01",
        "NP35",
        "NP39",
        "284C"
    ],
    "que_disease_samples": [
        "VUILD60",
        "034I",
        "VUILD59",
        "VUILD61",
        "IPF_03",
        "IPF1",
        "010I",
        "IPF_04",
        "TILD006",
        "158I",
        "225I",
        "041I",
        "IPF3",
        "222I",
        "228I",
        "022I",
        "221I",
        "TILD015",
        "212I",
        "053I",
        "Cryobiopsy_01",
        "135I",
        "VUILD63",
        "025I",
        "VUILD53",
        "VUILD64"
    ],
    "que_samples": [
        "A40",
        "D344",
        "T90",
        "A26",
        "2020-3173-NC007",
        "226C",
        "GSM4593897",
        "donor 3",
        "A44",
        "NP15",
        "NP27",
        "356C",
        "lafy_donor_4",
        "SAMN15153963",
        "muc9833",
        "QZY9VQng",
        "465C",
        "T166",
        "D353",
        "GRO-03",
        "muc4659",
        "muc3843",
        "GRO-07",
        "THD0017",
        "NP26",
        "NP11",
        "GRO-01",
        "NP35",
        "NP39",
        "284C",
        "VUILD60",
        "034I",
        "VUILD59",
        "VUILD61",
        "IPF_03",
        "IPF1",
        "010I",
        "IPF_04",
        "TILD006",
        "158I",
        "225I",
        "041I",
        "IPF3",
        "222I",
        "228I",
        "022I",
        "221I",
        "TILD015",
        "212I",
        "053I",
        "Cryobiopsy_01",
        "135I",
        "VUILD63",
        "025I",
        "VUILD53",
        "VUILD64"
    ]
}