{
    "problem": "healthy-reference-Innate lymphoid cell NK-900",
    "n_comps": 2.0,
    "optimal_k": 15.0,
    "optimal_p": 0.035000000000000024,
    "ratio-limit": 0.2,
    "accuracy": 0.5609756097560976,
    "precision": 1.0,
    "recall": 0.21739130434782608,
    "f1": 0.35714285714285715,
    "outlier_ratio_ref_datasets": [
        0.01764705882352941,
        0.02696871628910464,
        0.0,
        0.6666666666666666,
        0.0106951871657754,
        null,
        0.06976744186046512,
        null,
        0.1550632911392405,
        0.0851063829787234,
        0.03676470588235294,
        null,
        0.2,
        null,
        null,
        0.022727272727272728,
        0.06881720430107527,
        null,
        0.0784313725490196,
        0.07317073170731707,
        null,
        0.14285714285714285,
        null,
        null,
        0.025,
        0.0,
        0.5,
        null,
        null
    ],
    "outlier_ratio_que_datasets": [
        0.0798611111111111,
        0.0,
        0.04323928178820081,
        null,
        0.1076923076923077,
        0.02,
        null,
        null,
        0.15161290322580645,
        null,
        null,
        0.1652892561983471,
        0.14285714285714285,
        0.06779661016949153,
        null,
        0.11851851851851852,
        null,
        null,
        0.011627906976744186,
        0.0,
        0.0,
        0.03333333333333333,
        null,
        null,
        0.0,
        null,
        null,
        0.015625,
        0.0,
        0.0,
        0.08823529411764706,
        0.08333333333333333,
        0.20634920634920634,
        0.09900990099009901,
        0.0,
        0.16556291390728478,
        0.13360323886639677,
        0.0,
        0.21428571428571427,
        0.0,
        0.058823529411764705,
        0.09615384615384616,
        0.12612612612612611,
        0.15463917525773196,
        0.04954954954954955,
        0.06181818181818182,
        0.14285714285714285,
        null,
        0.3055555555555556,
        0.07142857142857142,
        0.3333333333333333,
        0.17647058823529413,
        null,
        0.16129032258064516,
        0.3026315789473684,
        null
    ],
    "ref_normal_samples": [
        "VUHD107",
        "donor 3",
        "SAMN15153963",
        "368C",
        "A26",
        "BG9_33",
        "098C",
        "THD0017",
        "A44",
        "A37",
        "lafy_donor_4",
        "D339",
        "Donor_06",
        "T121",
        "VUHD076",
        "D239",
        "A47",
        "D353",
        "356C",
        "muc9833",
        "THD0006",
        "SAMN15153956",
        "2020-3173-NC007",
        "T166",
        "muc3843",
        "LuT_437",
        "D326",
        "NP26",
        "NP15"
    ],
    "que_normal_samples": [
        "A40",
        "D344",
        "donor 2",
        "T90",
        "226C",
        "Patient_1",
        "THD0012",
        "GSM4593897",
        "DD046Q",
        "NP27",
        "296C",
        "192C",
        "QZY9VQng",
        "465C",
        "Donor_08",
        "VUHD92",
        "T126",
        "NP22",
        "VUHD70",
        "GRO-03",
        "muc4659",
        "GRO-07",
        "dd39p",
        "NP14",
        "NP11",
        "BG9_3",
        "GRO-01",
        "NP35",
        "NP39",
        "284C"
    ],
    "que_disease_samples": [
        "VUILD60",
        "034I",
        "VUILD59",
        "166I",
        "IPF_02",
        "49I",
        "157I",
        "TILD006",
        "138I",
        "063I",
        "158I",
        "209I",
        "228I",
        "022I",
        "177I",
        "179I",
        "VUILD65",
        "TILD010",
        "040I",
        "Cryobiopsy_01",
        "214I",
        "IPF_01",
        "TILD001",
        "025I",
        "47I",
        "VUILD53"
    ],
    "que_samples": [
        "A40",
        "D344",
        "donor 2",
        "T90",
        "226C",
        "Patient_1",
        "THD0012",
        "GSM4593897",
        "DD046Q",
        "NP27",
        "296C",
        "192C",
        "QZY9VQng",
        "465C",
        "Donor_08",
        "VUHD92",
        "T126",
        "NP22",
        "VUHD70",
        "GRO-03",
        "muc4659",
        "GRO-07",
        "dd39p",
        "NP14",
        "NP11",
        "BG9_3",
        "GRO-01",
        "NP35",
        "NP39",
        "284C",
        "VUILD60",
        "034I",
        "VUILD59",
        "166I",
        "IPF_02",
        "49I",
        "157I",
        "TILD006",
        "138I",
        "063I",
        "158I",
        "209I",
        "228I",
        "022I",
        "177I",
        "179I",
        "VUILD65",
        "TILD010",
        "040I",
        "Cryobiopsy_01",
        "214I",
        "IPF_01",
        "TILD001",
        "025I",
        "47I",
        "VUILD53"
    ]
}