{
    "problem": "healthy-reference-Fibroblasts-100",
    "n_comps": 4.0,
    "optimal_k": 4.0,
    "optimal_p": 0.049999999999999926,
    "ratio-limit": 0.05084745762711865,
    "accuracy": 0.8,
    "precision": 0.9047619047619048,
    "recall": 0.7307692307692307,
    "f1": 0.8085106382978723,
    "outlier_ratio_ref_datasets": [
        0.021170610211706103,
        null,
        0.0,
        null,
        0.0,
        null,
        0.05084745762711865,
        0.019987105093488073,
        0.0,
        0.0,
        null,
        0.0,
        null,
        null,
        0.0,
        null,
        null,
        0.0,
        0.03164556962025317,
        0.023809523809523808,
        0.007625272331154684,
        0.009523809523809525,
        null,
        null,
        0.0,
        null,
        0.3333333333333333,
        null,
        0.0625
    ],
    "outlier_ratio_que_datasets": [
        0.14814814814814814,
        null,
        0.0367601246105919,
        null,
        0.021724818959842,
        0.07142857142857142,
        0.0,
        0.04054054054054054,
        null,
        0.013513513513513514,
        0.025,
        0.03125,
        null,
        0.0,
        0.02197802197802198,
        0.0,
        0.016580310880829015,
        null,
        0.0,
        null,
        0.0,
        0.0,
        null,
        0.0,
        0.0,
        0.02386117136659436,
        null,
        null,
        null,
        null,
        0.0779896013864818,
        0.0380794701986755,
        0.14285714285714285,
        0.0625,
        0.058823529411764705,
        0.05194805194805195,
        0.04897959183673469,
        0.08888888888888889,
        0.08663729809104258,
        0.1223021582733813,
        0.056583242655059846,
        0.3333333333333333,
        0.09523809523809523,
        0.0859375,
        0.0784313725490196,
        0.05970149253731343,
        0.0,
        0.0,
        0.08178438661710037,
        0.024691358024691357,
        0.2,
        0.3333333333333333,
        0.2727272727272727,
        0.11764705882352941,
        0.041666666666666664,
        0.0
    ],
    "ref_normal_samples": [
        "Patient_1",
        "T166",
        "VUHD076",
        "NP14",
        "THD0012",
        "dd39p",
        "QZY9VQng",
        "A37",
        "D326",
        "A47",
        "T126",
        "2020-3173-NC007",
        "NP22",
        "NP26",
        "098C",
        "NP39",
        "NP15",
        "D339",
        "DD046Q",
        "lafy_donor_4",
        "donor 3",
        "296C",
        "muc4659",
        "NP35",
        "284C",
        "GSM4593897",
        "THD0006",
        "SAMN15153963",
        "192C"
    ],
    "que_normal_samples": [
        "A40",
        "D344",
        "donor 2",
        "T90",
        "A26",
        "226C",
        "Donor_06",
        "A44",
        "NP27",
        "356C",
        "muc9833",
        "465C",
        "T121",
        "Donor_08",
        "VUHD92",
        "D353",
        "D239",
        "SAMN15153956",
        "VUHD70",
        "GRO-03",
        "VUHD107",
        "muc3843",
        "BG9_33",
        "GRO-07",
        "THD0017",
        "368C",
        "NP11",
        "BG9_3",
        "GRO-01",
        "LuT_437"
    ],
    "que_disease_samples": [
        "034I",
        "VUILD59",
        "VUILD61",
        "TILD028",
        "IPF_02",
        "TILD006",
        "063I",
        "158I",
        "225I",
        "041I",
        "IPF3",
        "210I",
        "221I",
        "TILD015",
        "177I",
        "59I",
        "145I",
        "VUILD65",
        "040I",
        "135I",
        "VUILD63",
        "214I",
        "IPF_01",
        "025I",
        "VUILD53",
        "VUILD64"
    ],
    "que_samples": [
        "A40",
        "D344",
        "donor 2",
        "T90",
        "A26",
        "226C",
        "Donor_06",
        "A44",
        "NP27",
        "356C",
        "muc9833",
        "465C",
        "T121",
        "Donor_08",
        "VUHD92",
        "D353",
        "D239",
        "SAMN15153956",
        "VUHD70",
        "GRO-03",
        "VUHD107",
        "muc3843",
        "BG9_33",
        "GRO-07",
        "THD0017",
        "368C",
        "NP11",
        "BG9_3",
        "GRO-01",
        "LuT_437",
        "034I",
        "VUILD59",
        "VUILD61",
        "TILD028",
        "IPF_02",
        "TILD006",
        "063I",
        "158I",
        "225I",
        "041I",
        "IPF3",
        "210I",
        "221I",
        "TILD015",
        "177I",
        "59I",
        "145I",
        "VUILD65",
        "040I",
        "135I",
        "VUILD63",
        "214I",
        "IPF_01",
        "025I",
        "VUILD53",
        "VUILD64"
    ]
}