{
    "problem": "healthy-reference-Fibroblasts-200",
    "n_comps": 2.0,
    "optimal_k": 15.0,
    "optimal_p": 0.06999999999999995,
    "ratio-limit": 0.4074074074074074,
    "accuracy": 0.6136363636363636,
    "precision": 1.0,
    "recall": 0.34615384615384615,
    "f1": 0.5142857142857142,
    "outlier_ratio_ref_datasets": [
        0.03613707165109034,
        0.0,
        0.2088607594936709,
        null,
        null,
        null,
        0.09090909090909091,
        0.2923076923076923,
        null,
        0.4074074074074074,
        0.03225806451612903,
        null,
        null,
        0.0,
        null,
        null,
        0.6666666666666666,
        0.16666666666666666,
        null,
        0.03812636165577342,
        null,
        0.7916666666666666,
        0.29523809523809524,
        0.075,
        0.0,
        0.07570770243581304,
        null,
        0.16666666666666666,
        0.2
    ],
    "outlier_ratio_que_datasets": [
        0.07692307692307693,
        null,
        0.13392857142857142,
        0.35714285714285715,
        0.0,
        0.13006756756756757,
        null,
        0.2702702702702703,
        0.2125,
        0.03571428571428571,
        null,
        0.2033898305084746,
        0.25,
        0.2,
        0.03296703296703297,
        null,
        0.0,
        null,
        0.0694300518134715,
        null,
        null,
        0.2,
        null,
        0.24306898774983882,
        0.10412147505422993,
        null,
        null,
        null,
        null,
        0.0,
        0.5614973262032086,
        0.3830155979202773,
        0.20033112582781457,
        0.30666666666666664,
        0.5,
        0.265625,
        0.3157769869513642,
        0.5,
        0.35064935064935066,
        0.5036496350364964,
        0.3111111111111111,
        0.33480176211453744,
        0.424,
        0.3022774327122153,
        0.3333333333333333,
        0.3333333333333333,
        0.42857142857142855,
        0.208955223880597,
        0.2,
        0.625,
        0.20754716981132076,
        0.38661710037174724,
        0.2804878048780488,
        0.41043083900226757,
        0.17647058823529413,
        0.7
    ],
    "ref_normal_samples": [
        "donor 2",
        "VUHD076",
        "DD046Q",
        "NP26",
        "dd39p",
        "D344",
        "Patient_1",
        "VUHD107",
        "NP27",
        "A40",
        "THD0017",
        "T121",
        "NP35",
        "Donor_06",
        "GRO-01",
        "LuT_437",
        "THD0006",
        "GRO-07",
        "T166",
        "donor 3",
        "GSM4593897",
        "2020-3173-NC007",
        "296C",
        "muc9833",
        "D326",
        "A26",
        "muc4659",
        "A47",
        "VUHD70"
    ],
    "que_normal_samples": [
        "D339",
        "T90",
        "098C",
        "226C",
        "THD0012",
        "A44",
        "NP15",
        "356C",
        "192C",
        "lafy_donor_4",
        "SAMN15153963",
        "QZY9VQng",
        "465C",
        "Donor_08",
        "VUHD92",
        "T126",
        "D353",
        "NP22",
        "D239",
        "SAMN15153956",
        "GRO-03",
        "muc3843",
        "BG9_33",
        "A37",
        "368C",
        "NP14",
        "NP11",
        "BG9_3",
        "NP39",
        "284C"
    ],
    "que_disease_samples": [
        "051I",
        "034I",
        "VUILD59",
        "166I",
        "VUILD61",
        "TILD028",
        "IPF2",
        "IPF_04",
        "TILD006",
        "138I",
        "158I",
        "225I",
        "228I",
        "022I",
        "210I",
        "221I",
        "29I",
        "59I",
        "145I",
        "212I",
        "TILD010",
        "040I",
        "174I",
        "021I",
        "025I",
        "VUILD64"
    ],
    "que_samples": [
        "D339",
        "T90",
        "098C",
        "226C",
        "THD0012",
        "A44",
        "NP15",
        "356C",
        "192C",
        "lafy_donor_4",
        "SAMN15153963",
        "QZY9VQng",
        "465C",
        "Donor_08",
        "VUHD92",
        "T126",
        "D353",
        "NP22",
        "D239",
        "SAMN15153956",
        "GRO-03",
        "muc3843",
        "BG9_33",
        "A37",
        "368C",
        "NP14",
        "NP11",
        "BG9_3",
        "NP39",
        "284C",
        "051I",
        "034I",
        "VUILD59",
        "166I",
        "VUILD61",
        "TILD028",
        "IPF2",
        "IPF_04",
        "TILD006",
        "138I",
        "158I",
        "225I",
        "228I",
        "022I",
        "210I",
        "221I",
        "29I",
        "59I",
        "145I",
        "212I",
        "TILD010",
        "040I",
        "174I",
        "021I",
        "025I",
        "VUILD64"
    ]
}