{
    "problem": "healthy-reference-Fibroblasts-300",
    "n_comps": 4.0,
    "optimal_k": 15.0,
    "optimal_p": 0.06499999999999995,
    "ratio-limit": 0.14814814814814814,
    "accuracy": 0.5681818181818182,
    "precision": 0.8181818181818182,
    "recall": 0.34615384615384615,
    "f1": 0.4864864864864865,
    "outlier_ratio_ref_datasets": [
        null,
        0.0,
        0.0,
        0.14814814814814814,
        0.01098901098901099,
        null,
        0.0,
        0.08333333333333333,
        null,
        0.0,
        0.0,
        0.03036876355748373,
        0.0,
        null,
        0.07142857142857142,
        null,
        0.6666666666666666,
        0.35714285714285715,
        null,
        0.060810810810810814,
        0.026991441737985518,
        null,
        null,
        0.0,
        null,
        0.08108108108108109,
        null,
        null,
        0.0
    ],
    "outlier_ratio_que_datasets": [
        null,
        0.06791277258566979,
        0.03571428571428571,
        0.029887920298879204,
        0.0,
        null,
        0.04430379746835443,
        0.016339869281045753,
        null,
        null,
        0.09523809523809523,
        0.1125,
        0.025,
        0.1864406779661017,
        0.03125,
        null,
        null,
        0.01865284974093264,
        0.07692307692307693,
        0.0,
        null,
        0.027777777777777776,
        0.03225806451612903,
        null,
        0.06898774983881367,
        null,
        null,
        null,
        null,
        0.16666666666666666,
        0.18449197860962566,
        0.23529411764705882,
        0.1328125,
        0.11692192753081808,
        0.175,
        0.18055555555555555,
        0.08441558441558442,
        0.11836734693877551,
        0.13656387665198239,
        0.08596300326441784,
        0.3333333333333333,
        0.14285714285714285,
        0.1568627450980392,
        0.0,
        0.047619047619047616,
        0.375,
        0.1320754716981132,
        0.08536585365853659,
        0.08536585365853659,
        0.08641975308641975,
        0.5555555555555556,
        0.2727272727272727,
        0.09304511278195489,
        0.058823529411764705,
        0.044444444444444446,
        0.1
    ],
    "ref_normal_samples": [
        "GRO-03",
        "D326",
        "VUHD076",
        "A40",
        "VUHD92",
        "NP39",
        "D353",
        "A47",
        "SAMN15153956",
        "VUHD70",
        "Donor_06",
        "368C",
        "2020-3173-NC007",
        "NP11",
        "lafy_donor_4",
        "SAMN15153963",
        "THD0006",
        "226C",
        "muc4659",
        "A44",
        "A26",
        "T126",
        "NP14",
        "D339",
        "T90",
        "356C",
        "BG9_3",
        "NP22",
        "Donor_08"
    ],
    "que_normal_samples": [
        "D344",
        "donor 2",
        "098C",
        "Patient_1",
        "THD0012",
        "GSM4593897",
        "DD046Q",
        "donor 3",
        "NP15",
        "NP27",
        "296C",
        "192C",
        "muc9833",
        "QZY9VQng",
        "465C",
        "T121",
        "T166",
        "D239",
        "VUHD107",
        "muc3843",
        "BG9_33",
        "GRO-07",
        "THD0017",
        "dd39p",
        "A37",
        "NP26",
        "GRO-01",
        "NP35",
        "LuT_437",
        "284C"
    ],
    "que_disease_samples": [
        "051I",
        "IPF_02",
        "49I",
        "IPF1",
        "157I",
        "123I",
        "TILD006",
        "063I",
        "225I",
        "IPF3",
        "210I",
        "29I",
        "177I",
        "145I",
        "179I",
        "212I",
        "TILD010",
        "174I",
        "Cryobiopsy_01",
        "135I",
        "214I",
        "IPF_01",
        "TILD001",
        "025I",
        "47I",
        "VUILD64"
    ],
    "que_samples": [
        "D344",
        "donor 2",
        "098C",
        "Patient_1",
        "THD0012",
        "GSM4593897",
        "DD046Q",
        "donor 3",
        "NP15",
        "NP27",
        "296C",
        "192C",
        "muc9833",
        "QZY9VQng",
        "465C",
        "T121",
        "T166",
        "D239",
        "VUHD107",
        "muc3843",
        "BG9_33",
        "GRO-07",
        "THD0017",
        "dd39p",
        "A37",
        "NP26",
        "GRO-01",
        "NP35",
        "LuT_437",
        "284C",
        "051I",
        "IPF_02",
        "49I",
        "IPF1",
        "157I",
        "123I",
        "TILD006",
        "063I",
        "225I",
        "IPF3",
        "210I",
        "29I",
        "177I",
        "145I",
        "179I",
        "212I",
        "TILD010",
        "174I",
        "Cryobiopsy_01",
        "135I",
        "214I",
        "IPF_01",
        "TILD001",
        "025I",
        "47I",
        "VUILD64"
    ]
}