{
    "problem": "healthy-reference-Fibroblasts-400",
    "n_comps": 3.0,
    "optimal_k": 15.0,
    "optimal_p": 0.04500000000000003,
    "ratio-limit": 0.10476190476190476,
    "accuracy": 0.7857142857142857,
    "precision": 0.8695652173913043,
    "recall": 0.7692307692307693,
    "f1": 0.8163265306122449,
    "outlier_ratio_ref_datasets": [
        0.10476190476190476,
        0.00932642487046632,
        null,
        0.3333333333333333,
        null,
        0.03571428571428571,
        null,
        0.0,
        null,
        null,
        null,
        0.03125,
        0.08333333333333333,
        0.0,
        null,
        0.06756756756756757,
        null,
        0.03481012658227848,
        0.05415860735009671,
        0.037359900373599,
        0.030529595015576325,
        0.05574324324324324,
        0.18518518518518517,
        0.041666666666666664,
        0.16666666666666666,
        0.0054466230936819175,
        null,
        0.0,
        0.0
    ],
    "outlier_ratio_que_datasets": [
        null,
        null,
        0.025674786043449638,
        0.041666666666666664,
        0.5,
        0.0,
        0.0,
        null,
        null,
        0.175,
        0.07142857142857142,
        0.0,
        null,
        0.13559322033898305,
        0.1,
        null,
        null,
        0.1,
        null,
        0.09230769230769231,
        null,
        0.04,
        null,
        0.0,
        0.06451612903225806,
        null,
        0.03470715835140998,
        null,
        null,
        null,
        0.12478336221837089,
        0.1328125,
        0.12252521479267837,
        0.12170818505338078,
        0.16666666666666666,
        0.12337662337662338,
        0.19343065693430658,
        0.2,
        0.13362701908957417,
        0.23741007194244604,
        0.08088501994922016,
        0.14432989690721648,
        0.152,
        0.6666666666666666,
        0.0,
        0.109375,
        0.1568627450980392,
        0.07462686567164178,
        0.2,
        0.625,
        0.3793103448275862,
        0.07317073170731707,
        0.4,
        0.1836734693877551,
        0.10244360902255639,
        0.09722222222222222
    ],
    "ref_normal_samples": [
        "296C",
        "D239",
        "NP15",
        "THD0006",
        "BG9_3",
        "098C",
        "SAMN15153956",
        "VUHD92",
        "NP14",
        "LuT_437",
        "T166",
        "465C",
        "A47",
        "VUHD076",
        "NP39",
        "356C",
        "T121",
        "DD046Q",
        "A37",
        "Patient_1",
        "donor 2",
        "A44",
        "A40",
        "muc9833",
        "284C",
        "donor 3",
        "NP26",
        "D353",
        "D339"
    ],
    "que_normal_samples": [
        "D344",
        "T90",
        "A26",
        "2020-3173-NC007",
        "226C",
        "Donor_06",
        "THD0012",
        "GSM4593897",
        "NP27",
        "192C",
        "lafy_donor_4",
        "D326",
        "SAMN15153963",
        "QZY9VQng",
        "Donor_08",
        "T126",
        "NP22",
        "VUHD70",
        "GRO-03",
        "VUHD107",
        "muc4659",
        "muc3843",
        "BG9_33",
        "GRO-07",
        "THD0017",
        "dd39p",
        "368C",
        "NP11",
        "GRO-01",
        "NP35"
    ],
    "que_disease_samples": [
        "034I",
        "49I",
        "IPF1",
        "IPF2",
        "IPF_04",
        "TILD006",
        "138I",
        "158I",
        "225I",
        "041I",
        "IPF3",
        "222I",
        "228I",
        "210I",
        "29I",
        "TILD015",
        "177I",
        "59I",
        "145I",
        "212I",
        "053I",
        "Cryobiopsy_01",
        "VUILD63",
        "021I",
        "TILD001",
        "VUILD53"
    ],
    "que_samples": [
        "D344",
        "T90",
        "A26",
        "2020-3173-NC007",
        "226C",
        "Donor_06",
        "THD0012",
        "GSM4593897",
        "NP27",
        "192C",
        "lafy_donor_4",
        "D326",
        "SAMN15153963",
        "QZY9VQng",
        "Donor_08",
        "T126",
        "NP22",
        "VUHD70",
        "GRO-03",
        "VUHD107",
        "muc4659",
        "muc3843",
        "BG9_33",
        "GRO-07",
        "THD0017",
        "dd39p",
        "368C",
        "NP11",
        "GRO-01",
        "NP35",
        "034I",
        "49I",
        "IPF1",
        "IPF2",
        "IPF_04",
        "TILD006",
        "138I",
        "158I",
        "225I",
        "041I",
        "IPF3",
        "222I",
        "228I",
        "210I",
        "29I",
        "TILD015",
        "177I",
        "59I",
        "145I",
        "212I",
        "053I",
        "Cryobiopsy_01",
        "VUILD63",
        "021I",
        "TILD001",
        "VUILD53"
    ]
}