{
    "problem": "healthy-reference-Fibroblasts-500",
    "n_comps": 2.0,
    "optimal_k": 15.0,
    "optimal_p": 0.02500000000000002,
    "ratio-limit": 0.1375,
    "accuracy": 0.627906976744186,
    "precision": 0.8571428571428571,
    "recall": 0.46153846153846156,
    "f1": 0.6,
    "outlier_ratio_ref_datasets": [
        null,
        null,
        0.0,
        0.0,
        0.0,
        null,
        null,
        0.03036876355748373,
        0.0,
        0.125,
        0.056962025316455694,
        0.03818301514154049,
        0.08333333333333333,
        null,
        0.05357142857142857,
        null,
        null,
        0.036105738233397806,
        0.0392156862745098,
        0.13559322033898305,
        0.05405405405405406,
        0.0,
        null,
        0.1375,
        null,
        0.05714285714285714,
        null,
        0.21428571428571427,
        0.0777027027027027
    ],
    "outlier_ratio_que_datasets": [
        0.07407407407407407,
        0.14143302180685358,
        0.041666666666666664,
        0.05603985056039851,
        0.0,
        0.0,
        null,
        0.0,
        0.03125,
        0.08333333333333333,
        0.1,
        0.06593406593406594,
        null,
        null,
        0.10673575129533679,
        null,
        0.06153846153846154,
        0.04,
        null,
        0.0,
        null,
        null,
        null,
        0.3333333333333333,
        null,
        null,
        null,
        null,
        null,
        0.0,
        0.08333333333333333,
        0.1559792027729636,
        0.057947019867549666,
        0.16,
        0.09375,
        0.058823529411764705,
        0.16666666666666666,
        0.125,
        0.09740259740259741,
        0.1111111111111111,
        0.26618705035971224,
        0.10309278350515463,
        0.15113871635610765,
        0.6666666666666666,
        0.13432835820895522,
        0.5,
        0.0,
        0.3103448275862069,
        0.16356877323420074,
        0.024390243902439025,
        0.16099773242630386,
        0.5555555555555556,
        0.043233082706766915,
        0.17647058823529413,
        0.06944444444444445,
        0.1
    ],
    "ref_normal_samples": [
        "NP11",
        "T166",
        "D353",
        "VUHD70",
        "VUHD076",
        "NP15",
        "muc4659",
        "368C",
        "THD0017",
        "muc9833",
        "DD046Q",
        "A26",
        "lafy_donor_4",
        "SAMN15153956",
        "098C",
        "D344",
        "GSM4593897",
        "A37",
        "donor 3",
        "QZY9VQng",
        "356C",
        "D339",
        "T90",
        "192C",
        "T121",
        "296C",
        "SAMN15153963",
        "226C",
        "A44"
    ],
    "que_normal_samples": [
        "A40",
        "donor 2",
        "2020-3173-NC007",
        "Patient_1",
        "Donor_06",
        "THD0012",
        "NP27",
        "D326",
        "465C",
        "A47",
        "Donor_08",
        "VUHD92",
        "T126",
        "NP22",
        "D239",
        "GRO-03",
        "VUHD107",
        "muc3843",
        "BG9_33",
        "GRO-07",
        "dd39p",
        "NP26",
        "NP14",
        "THD0006",
        "BG9_3",
        "GRO-01",
        "NP35",
        "LuT_437",
        "NP39",
        "284C"
    ],
    "que_disease_samples": [
        "VUILD60",
        "034I",
        "VUILD59",
        "166I",
        "TILD028",
        "IPF_02",
        "IPF_04",
        "123I",
        "TILD006",
        "158I",
        "041I",
        "222I",
        "022I",
        "210I",
        "59I",
        "212I",
        "VUILD65",
        "053I",
        "040I",
        "Cryobiopsy_01",
        "021I",
        "214I",
        "TILD001",
        "025I",
        "VUILD53",
        "VUILD64"
    ],
    "que_samples": [
        "A40",
        "donor 2",
        "2020-3173-NC007",
        "Patient_1",
        "Donor_06",
        "THD0012",
        "NP27",
        "D326",
        "465C",
        "A47",
        "Donor_08",
        "VUHD92",
        "T126",
        "NP22",
        "D239",
        "GRO-03",
        "VUHD107",
        "muc3843",
        "BG9_33",
        "GRO-07",
        "dd39p",
        "NP26",
        "NP14",
        "THD0006",
        "BG9_3",
        "GRO-01",
        "NP35",
        "LuT_437",
        "NP39",
        "284C",
        "VUILD60",
        "034I",
        "VUILD59",
        "166I",
        "TILD028",
        "IPF_02",
        "IPF_04",
        "123I",
        "TILD006",
        "158I",
        "041I",
        "222I",
        "022I",
        "210I",
        "59I",
        "212I",
        "VUILD65",
        "053I",
        "040I",
        "Cryobiopsy_01",
        "021I",
        "214I",
        "TILD001",
        "025I",
        "VUILD53",
        "VUILD64"
    ]
}