{
    "problem": "healthy-reference-Fibroblasts-600",
    "n_comps": 9.0,
    "optimal_k": 15.0,
    "optimal_p": 0.06999999999999995,
    "ratio-limit": 0.375,
    "accuracy": 0.5777777777777777,
    "precision": 0.8181818181818182,
    "recall": 0.34615384615384615,
    "f1": 0.4864864864864865,
    "outlier_ratio_ref_datasets": [
        null,
        0.0,
        null,
        null,
        0.08094645080946451,
        null,
        0.11454904542462147,
        0.075,
        0.2033898305084746,
        null,
        0.25,
        0.0,
        0.06451612903225806,
        null,
        0.05077720207253886,
        null,
        0.2962962962962963,
        null,
        null,
        null,
        0.047619047619047616,
        0.375,
        0.0,
        0.16666666666666666,
        0.2,
        null,
        0.5,
        0.026168224299065422,
        null
    ],
    "outlier_ratio_que_datasets": [
        null,
        0.15178571428571427,
        0.0,
        0.18037974683544303,
        0.029411764705882353,
        0.14189189189189189,
        null,
        0.16216216216216217,
        0.2857142857142857,
        0.4125,
        0.25,
        null,
        0.2,
        0.04395604395604396,
        null,
        0.08333333333333333,
        null,
        0.3230769230769231,
        0.2,
        null,
        0.3127014829142489,
        null,
        0.14967462039045554,
        null,
        0.6666666666666666,
        null,
        null,
        null,
        0.0,
        0.0,
        0.44540727902946275,
        0.47619047619047616,
        0.4,
        0.2734375,
        0.33171460590212926,
        0.33190984578884936,
        0.373134328358209,
        0.3333333333333333,
        0.35,
        0.3181818181818182,
        0.5364963503649635,
        0.3111111111111111,
        0.31130690161527164,
        0.5611510791366906,
        0.22470076169749728,
        0.34375,
        0.39215686274509803,
        0.2,
        0.5862068965517241,
        0.15853658536585366,
        0.16049382716049382,
        0.4,
        0.6666666666666666,
        0.36363636363636365,
        0.3392857142857143,
        0.23529411764705882
    ],
    "ref_normal_samples": [
        "NP15",
        "D326",
        "muc4659",
        "T121",
        "Patient_1",
        "GRO-03",
        "A26",
        "muc9833",
        "QZY9VQng",
        "LuT_437",
        "A47",
        "D339",
        "THD0017",
        "T90",
        "D239",
        "BG9_33",
        "A40",
        "NP11",
        "NP39",
        "SAMN15153963",
        "lafy_donor_4",
        "2020-3173-NC007",
        "Donor_06",
        "GRO-07",
        "VUHD70",
        "SAMN15153956",
        "226C",
        "donor 2",
        "GSM4593897"
    ],
    "que_normal_samples": [
        "D344",
        "098C",
        "THD0012",
        "DD046Q",
        "donor 3",
        "A44",
        "NP27",
        "356C",
        "296C",
        "192C",
        "465C",
        "T166",
        "Donor_08",
        "VUHD92",
        "T126",
        "D353",
        "NP22",
        "VUHD107",
        "muc3843",
        "dd39p",
        "A37",
        "NP26",
        "368C",
        "NP14",
        "THD0006",
        "BG9_3",
        "GRO-01",
        "NP35",
        "VUHD076",
        "284C"
    ],
    "que_disease_samples": [
        "034I",
        "VUILD61",
        "IPF_03",
        "49I",
        "IPF1",
        "IPF2",
        "010I",
        "IPF_04",
        "157I",
        "TILD006",
        "138I",
        "158I",
        "225I",
        "041I",
        "IPF3",
        "TILD015",
        "177I",
        "145I",
        "053I",
        "Cryobiopsy_01",
        "135I",
        "VUILD63",
        "214I",
        "IPF_01",
        "TILD001",
        "025I"
    ],
    "que_samples": [
        "D344",
        "098C",
        "THD0012",
        "DD046Q",
        "donor 3",
        "A44",
        "NP27",
        "356C",
        "296C",
        "192C",
        "465C",
        "T166",
        "Donor_08",
        "VUHD92",
        "T126",
        "D353",
        "NP22",
        "VUHD107",
        "muc3843",
        "dd39p",
        "A37",
        "NP26",
        "368C",
        "NP14",
        "THD0006",
        "BG9_3",
        "GRO-01",
        "NP35",
        "VUHD076",
        "284C",
        "034I",
        "VUILD61",
        "IPF_03",
        "49I",
        "IPF1",
        "IPF2",
        "010I",
        "IPF_04",
        "157I",
        "TILD006",
        "138I",
        "158I",
        "225I",
        "041I",
        "IPF3",
        "TILD015",
        "177I",
        "145I",
        "053I",
        "Cryobiopsy_01",
        "135I",
        "VUILD63",
        "214I",
        "IPF_01",
        "TILD001",
        "025I"
    ]
}