{
    "problem": "healthy-reference-Fibroblasts-800",
    "n_comps": 18.0,
    "optimal_k": 4.0,
    "optimal_p": 0.1,
    "ratio-limit": 0.0,
    "accuracy": 0.4523809523809524,
    "precision": 0.8,
    "recall": 0.15384615384615385,
    "f1": 0.25806451612903225,
    "outlier_ratio_ref_datasets": [
        null,
        0.0,
        0.0,
        0.0,
        0.0,
        null,
        null,
        null,
        0.0,
        null,
        0.0012461059190031153,
        0.0,
        0.0,
        0.0,
        0.0006447453255963894,
        null,
        null,
        0.0012453300124533001,
        0.0010362694300518134,
        0.0,
        0.0,
        0.0,
        null,
        0.0,
        0.0,
        null,
        0.0,
        0.0,
        0.0
    ],
    "outlier_ratio_que_datasets": [
        0.0,
        null,
        null,
        0.0,
        0.0,
        0.0,
        null,
        0.0010893246187363835,
        0.0,
        null,
        null,
        0.0,
        0.0,
        null,
        0.0,
        0.0,
        0.0,
        null,
        0.0,
        null,
        null,
        0.0,
        0.0,
        0.0,
        null,
        null,
        null,
        null,
        null,
        0.0,
        0.0,
        0.0,
        0.0016556291390728477,
        0.0,
        0.0,
        0.002614867388868136,
        0.0,
        0.0,
        0.0,
        0.022222222222222223,
        0.0,
        0.0,
        0.0019949220166848025,
        0.0,
        0.0,
        0.0,
        0.0,
        0.0,
        0.0,
        0.0,
        0.0,
        0.0,
        0.0,
        0.0,
        0.0,
        0.0
    ],
    "ref_normal_samples": [
        "BG9_33",
        "VUHD92",
        "VUHD70",
        "D339",
        "Donor_08",
        "T121",
        "NP14",
        "T126",
        "192C",
        "dd39p",
        "donor 2",
        "VUHD076",
        "DD046Q",
        "VUHD107",
        "A37",
        "LuT_437",
        "NP22",
        "Patient_1",
        "D239",
        "D326",
        "A47",
        "THD0012",
        "BG9_3",
        "296C",
        "THD0006",
        "SAMN15153956",
        "368C",
        "Donor_06",
        "098C"
    ],
    "que_normal_samples": [
        "A40",
        "D344",
        "T90",
        "A26",
        "2020-3173-NC007",
        "226C",
        "GSM4593897",
        "donor 3",
        "A44",
        "NP15",
        "NP27",
        "356C",
        "lafy_donor_4",
        "SAMN15153963",
        "muc9833",
        "QZY9VQng",
        "465C",
        "T166",
        "D353",
        "GRO-03",
        "muc4659",
        "muc3843",
        "GRO-07",
        "THD0017",
        "NP26",
        "NP11",
        "GRO-01",
        "NP35",
        "NP39",
        "284C"
    ],
    "que_disease_samples": [
        "VUILD60",
        "034I",
        "VUILD59",
        "VUILD61",
        "IPF_03",
        "IPF1",
        "010I",
        "IPF_04",
        "TILD006",
        "158I",
        "225I",
        "041I",
        "IPF3",
        "222I",
        "228I",
        "022I",
        "221I",
        "TILD015",
        "212I",
        "053I",
        "Cryobiopsy_01",
        "135I",
        "VUILD63",
        "025I",
        "VUILD53",
        "VUILD64"
    ],
    "que_samples": [
        "A40",
        "D344",
        "T90",
        "A26",
        "2020-3173-NC007",
        "226C",
        "GSM4593897",
        "donor 3",
        "A44",
        "NP15",
        "NP27",
        "356C",
        "lafy_donor_4",
        "SAMN15153963",
        "muc9833",
        "QZY9VQng",
        "465C",
        "T166",
        "D353",
        "GRO-03",
        "muc4659",
        "muc3843",
        "GRO-07",
        "THD0017",
        "NP26",
        "NP11",
        "GRO-01",
        "NP35",
        "NP39",
        "284C",
        "VUILD60",
        "034I",
        "VUILD59",
        "VUILD61",
        "IPF_03",
        "IPF1",
        "010I",
        "IPF_04",
        "TILD006",
        "158I",
        "225I",
        "041I",
        "IPF3",
        "222I",
        "228I",
        "022I",
        "221I",
        "TILD015",
        "212I",
        "053I",
        "Cryobiopsy_01",
        "135I",
        "VUILD63",
        "025I",
        "VUILD53",
        "VUILD64"
    ]
}