{
    "problem": "healthy-reference-Fibroblasts-900",
    "n_comps": 3.0,
    "optimal_k": 14.0,
    "optimal_p": 0.049999999999999926,
    "ratio-limit": 0.015384615384615385,
    "accuracy": 0.6829268292682927,
    "precision": 0.8095238095238095,
    "recall": 0.6538461538461539,
    "f1": 0.723404255319149,
    "outlier_ratio_ref_datasets": [
        0.015384615384615385,
        0.0010893246187363835,
        null,
        0.004338394793926247,
        0.005924950625411455,
        null,
        0.0,
        0.0,
        0.008445945945945946,
        0.0051579626047711154,
        0.03571428571428571,
        0.0,
        0.0,
        null,
        0.0,
        0.002072538860103627,
        0.0,
        0.0,
        0.04054054054054054,
        0.008333333333333333,
        0.0,
        null,
        0.0,
        null,
        0.04,
        null,
        0.0,
        null,
        null
    ],
    "outlier_ratio_que_datasets": [
        0.0,
        null,
        0.02118380062305296,
        null,
        0.21428571428571427,
        0.014943960149439602,
        0.0,
        null,
        0.006329113924050633,
        null,
        0.01904761904761905,
        0.0,
        0.06779661016949153,
        0.0,
        0.0,
        0.0,
        null,
        null,
        0.0,
        null,
        null,
        0.0,
        null,
        null,
        null,
        null,
        null,
        null,
        null,
        0.0,
        0.0,
        0.03119584055459272,
        0.014900662251655629,
        0.05333333333333334,
        0.0,
        0.015625,
        0.025,
        0.012987012987012988,
        0.043795620437956206,
        0.004081632653061225,
        0.044444444444444446,
        0.15384615384615385,
        0.028,
        0.055900621118012424,
        0.0392156862745098,
        0.0,
        0.0,
        0.03773584905660377,
        0.03345724907063197,
        0.012195121951219513,
        0.4444444444444444,
        0.09090909090909091,
        0.022556390977443608,
        0.029411764705882353,
        0.0,
        0.041666666666666664
    ],
    "ref_normal_samples": [
        "VUHD107",
        "donor 3",
        "SAMN15153963",
        "368C",
        "A26",
        "BG9_33",
        "098C",
        "THD0017",
        "A44",
        "A37",
        "lafy_donor_4",
        "D339",
        "Donor_06",
        "T121",
        "VUHD076",
        "D239",
        "A47",
        "D353",
        "356C",
        "muc9833",
        "THD0006",
        "SAMN15153956",
        "2020-3173-NC007",
        "T166",
        "muc3843",
        "LuT_437",
        "D326",
        "NP26",
        "NP15"
    ],
    "que_normal_samples": [
        "A40",
        "D344",
        "donor 2",
        "T90",
        "226C",
        "Patient_1",
        "THD0012",
        "GSM4593897",
        "DD046Q",
        "NP27",
        "296C",
        "192C",
        "QZY9VQng",
        "465C",
        "Donor_08",
        "VUHD92",
        "T126",
        "NP22",
        "VUHD70",
        "GRO-03",
        "muc4659",
        "GRO-07",
        "dd39p",
        "NP14",
        "NP11",
        "BG9_3",
        "GRO-01",
        "NP35",
        "NP39",
        "284C"
    ],
    "que_disease_samples": [
        "VUILD60",
        "034I",
        "VUILD59",
        "166I",
        "IPF_02",
        "49I",
        "157I",
        "TILD006",
        "138I",
        "063I",
        "158I",
        "209I",
        "228I",
        "022I",
        "177I",
        "179I",
        "VUILD65",
        "TILD010",
        "040I",
        "Cryobiopsy_01",
        "214I",
        "IPF_01",
        "TILD001",
        "025I",
        "47I",
        "VUILD53"
    ],
    "que_samples": [
        "A40",
        "D344",
        "donor 2",
        "T90",
        "226C",
        "Patient_1",
        "THD0012",
        "GSM4593897",
        "DD046Q",
        "NP27",
        "296C",
        "192C",
        "QZY9VQng",
        "465C",
        "Donor_08",
        "VUHD92",
        "T126",
        "NP22",
        "VUHD70",
        "GRO-03",
        "muc4659",
        "GRO-07",
        "dd39p",
        "NP14",
        "NP11",
        "BG9_3",
        "GRO-01",
        "NP35",
        "NP39",
        "284C",
        "VUILD60",
        "034I",
        "VUILD59",
        "166I",
        "IPF_02",
        "49I",
        "157I",
        "TILD006",
        "138I",
        "063I",
        "158I",
        "209I",
        "228I",
        "022I",
        "177I",
        "179I",
        "VUILD65",
        "TILD010",
        "040I",
        "Cryobiopsy_01",
        "214I",
        "IPF_01",
        "TILD001",
        "025I",
        "47I",
        "VUILD53"
    ]
}