{
    "problem": "healthy-reference-Macrophages-0",
    "n_comps": 7.0,
    "optimal_k": 7.0,
    "optimal_p": 0.049999999999999926,
    "ratio-limit": 0.09090909090909091,
    "accuracy": 0.8846153846153846,
    "precision": 1.0,
    "recall": 0.7692307692307693,
    "f1": 0.8695652173913043,
    "outlier_ratio_ref_datasets": [
        0.0,
        0.01809954751131222,
        0.013888888888888888,
        0.03889789303079417,
        0.037309885931558935,
        0.09090909090909091,
        null,
        0.03333333333333333,
        0.012903225806451613,
        0.017482517482517484,
        0.00889248181083266,
        null,
        0.02195121951219512,
        0.05952380952380952,
        null,
        0.062321326472269865,
        0.03680981595092025,
        0.0,
        0.08870967741935484,
        0.03333333333333333,
        null,
        null,
        0.04956896551724138,
        0.0625,
        0.008130081300813009,
        null,
        0.04712041884816754,
        null,
        null
    ],
    "outlier_ratio_que_datasets": [
        0.05799598047660063,
        0.009174311926605505,
        0.0,
        0.07548209366391184,
        0.0,
        0.032359081419624215,
        0.01639344262295082,
        0.032809611829944546,
        0.03479125248508946,
        0.027573529411764705,
        0.04701397712833545,
        0.05156482861400894,
        0.016339869281045753,
        null,
        0.0,
        0.0,
        0.007782101167315175,
        0.04605641911341393,
        0.0,
        0.02422145328719723,
        null,
        0.021551724137931036,
        null,
        0.07692307692307693,
        null,
        0.040584415584415584,
        0.0,
        0.0,
        0.0,
        0.0,
        0.10707803992740472,
        0.12326931665922286,
        0.05063291139240506,
        0.09736842105263158,
        0.0995260663507109,
        0.05389221556886228,
        0.13894200127469725,
        0.12661930631007104,
        0.13894324853228962,
        0.09125717932354818,
        0.14076376554174067,
        0.16472358029334336,
        0.10543130990415335,
        0.10554561717352415,
        0.17894736842105263,
        0.1390532544378698,
        0.08167330677290836,
        0.09713024282560706,
        0.02142857142857143,
        0.1495882891125343,
        0.13978494623655913,
        0.11486486486486487,
        0.1032258064516129,
        0.11469534050179211,
        0.0880999342537804,
        0.04938271604938271
    ],
    "ref_normal_samples": [
        "NP35",
        "muc9833",
        "368C",
        "465C",
        "donor 2",
        "NP15",
        "T126",
        "VUHD92",
        "QZY9VQng",
        "296C",
        "Donor_08",
        "D326",
        "VUHD70",
        "DD046Q",
        "BG9_3",
        "226C",
        "356C",
        "GRO-07",
        "A26",
        "VUHD107",
        "GRO-01",
        "NP22",
        "Patient_1",
        "NP14",
        "muc4659",
        "T90",
        "lafy_donor_4",
        "NP39",
        "NP27"
    ],
    "que_normal_samples": [
        "A40",
        "D344",
        "D339",
        "098C",
        "2020-3173-NC007",
        "Donor_06",
        "THD0012",
        "GSM4593897",
        "donor 3",
        "A44",
        "192C",
        "SAMN15153963",
        "A47",
        "T121",
        "T166",
        "D353",
        "D239",
        "SAMN15153956",
        "GRO-03",
        "muc3843",
        "BG9_33",
        "THD0017",
        "dd39p",
        "A37",
        "NP26",
        "THD0006",
        "NP11",
        "LuT_437",
        "VUHD076",
        "284C"
    ],
    "que_disease_samples": [
        "VUILD60",
        "166I",
        "IPF_03",
        "IPF_02",
        "49I",
        "IPF2",
        "010I",
        "157I",
        "138I",
        "063I",
        "158I",
        "222I",
        "022I",
        "29I",
        "59I",
        "179I",
        "VUILD65",
        "TILD010",
        "Cryobiopsy_01",
        "135I",
        "VUILD63",
        "214I",
        "IPF_01",
        "TILD001",
        "025I",
        "VUILD64"
    ],
    "que_samples": [
        "A40",
        "D344",
        "D339",
        "098C",
        "2020-3173-NC007",
        "Donor_06",
        "THD0012",
        "GSM4593897",
        "donor 3",
        "A44",
        "192C",
        "SAMN15153963",
        "A47",
        "T121",
        "T166",
        "D353",
        "D239",
        "SAMN15153956",
        "GRO-03",
        "muc3843",
        "BG9_33",
        "THD0017",
        "dd39p",
        "A37",
        "NP26",
        "THD0006",
        "NP11",
        "LuT_437",
        "VUHD076",
        "284C",
        "VUILD60",
        "166I",
        "IPF_03",
        "IPF_02",
        "49I",
        "IPF2",
        "010I",
        "157I",
        "138I",
        "063I",
        "158I",
        "222I",
        "022I",
        "29I",
        "59I",
        "179I",
        "VUILD65",
        "TILD010",
        "Cryobiopsy_01",
        "135I",
        "VUILD63",
        "214I",
        "IPF_01",
        "TILD001",
        "025I",
        "VUILD64"
    ]
}