{
    "problem": "healthy-reference-Macrophages-100",
    "n_comps": 14.0,
    "optimal_k": 4.0,
    "optimal_p": 0.059999999999999935,
    "ratio-limit": 0.07692307692307693,
    "accuracy": 0.78,
    "precision": 1.0,
    "recall": 0.5769230769230769,
    "f1": 0.7317073170731707,
    "outlier_ratio_ref_datasets": [
        0.04525862068965517,
        0.0,
        0.0,
        0.0,
        0.013114754098360656,
        null,
        0.012903225806451613,
        0.07692307692307693,
        null,
        0.013071895424836602,
        null,
        0.0,
        null,
        null,
        0.05785123966942149,
        null,
        0.0,
        0.0,
        0.10714285714285714,
        0.06282722513089005,
        0.02253147779986746,
        0.017482517482517484,
        0.008130081300813009,
        0.0,
        0.01818181818181818,
        0.018484288354898338,
        0.022727272727272728,
        0.030700447093889718,
        0.04066073697585769
    ],
    "outlier_ratio_que_datasets": [
        0.06632213608957795,
        0.01834862385321101,
        0.046102661596958174,
        null,
        0.028225806451612902,
        0.058319039451114926,
        0.026096033402922755,
        0.025735294117647058,
        null,
        0.049079754601226995,
        0.013574660633484163,
        0.02106969205834684,
        null,
        0.00889248181083266,
        0.03333333333333333,
        0.0,
        0.0,
        0.03454231433506045,
        0.00975609756097561,
        0.0,
        0.03333333333333333,
        0.02422145328719723,
        null,
        0.0,
        0.004310344827586207,
        0.004629629629629629,
        0.0,
        null,
        null,
        0.0,
        0.11228813559322035,
        0.0659432387312187,
        0.1261595547309833,
        0.10399257195914577,
        0.06578947368421052,
        0.09515570934256055,
        0.07083599234205488,
        0.10257548845470693,
        0.09699279966116052,
        0.11190306486101212,
        0.050930460333006855,
        0.0879848628192999,
        0.095952023988006,
        0.07019438444924406,
        0.07164518574677786,
        0.07894736842105263,
        0.06763925729442971,
        0.06772908366533864,
        0.09547244094488189,
        0.1212259835315645,
        0.08064516129032258,
        0.0945945945945946,
        0.08172043010752689,
        0.05128205128205128,
        0.04395604395604396,
        0.0
    ],
    "ref_normal_samples": [
        "Patient_1",
        "T166",
        "VUHD076",
        "NP14",
        "THD0012",
        "dd39p",
        "QZY9VQng",
        "A37",
        "D326",
        "A47",
        "T126",
        "2020-3173-NC007",
        "NP22",
        "NP26",
        "098C",
        "NP39",
        "NP15",
        "D339",
        "DD046Q",
        "lafy_donor_4",
        "donor 3",
        "296C",
        "muc4659",
        "NP35",
        "284C",
        "GSM4593897",
        "THD0006",
        "SAMN15153963",
        "192C"
    ],
    "que_normal_samples": [
        "A40",
        "D344",
        "donor 2",
        "T90",
        "A26",
        "226C",
        "Donor_06",
        "A44",
        "NP27",
        "356C",
        "muc9833",
        "465C",
        "T121",
        "Donor_08",
        "VUHD92",
        "D353",
        "D239",
        "SAMN15153956",
        "VUHD70",
        "GRO-03",
        "VUHD107",
        "muc3843",
        "BG9_33",
        "GRO-07",
        "THD0017",
        "368C",
        "NP11",
        "BG9_3",
        "GRO-01",
        "LuT_437"
    ],
    "que_disease_samples": [
        "034I",
        "VUILD59",
        "VUILD61",
        "TILD028",
        "IPF_02",
        "TILD006",
        "063I",
        "158I",
        "225I",
        "041I",
        "IPF3",
        "210I",
        "221I",
        "TILD015",
        "177I",
        "59I",
        "145I",
        "VUILD65",
        "040I",
        "135I",
        "VUILD63",
        "214I",
        "IPF_01",
        "025I",
        "VUILD53",
        "VUILD64"
    ],
    "que_samples": [
        "A40",
        "D344",
        "donor 2",
        "T90",
        "A26",
        "226C",
        "Donor_06",
        "A44",
        "NP27",
        "356C",
        "muc9833",
        "465C",
        "T121",
        "Donor_08",
        "VUHD92",
        "D353",
        "D239",
        "SAMN15153956",
        "VUHD70",
        "GRO-03",
        "VUHD107",
        "muc3843",
        "BG9_33",
        "GRO-07",
        "THD0017",
        "368C",
        "NP11",
        "BG9_3",
        "GRO-01",
        "LuT_437",
        "034I",
        "VUILD59",
        "VUILD61",
        "TILD028",
        "IPF_02",
        "TILD006",
        "063I",
        "158I",
        "225I",
        "041I",
        "IPF3",
        "210I",
        "221I",
        "TILD015",
        "177I",
        "59I",
        "145I",
        "VUILD65",
        "040I",
        "135I",
        "VUILD63",
        "214I",
        "IPF_01",
        "025I",
        "VUILD53",
        "VUILD64"
    ]
}