{
    "problem": "healthy-reference-Macrophages-200",
    "n_comps": 12.0,
    "optimal_k": 4.0,
    "optimal_p": 0.059999999999999935,
    "ratio-limit": 0.08333333333333333,
    "accuracy": 0.82,
    "precision": 0.8148148148148148,
    "recall": 0.8461538461538461,
    "f1": 0.8301886792452831,
    "outlier_ratio_ref_datasets": [
        0.048716730038022814,
        0.16666666666666666,
        0.08333333333333333,
        null,
        null,
        0.009174311926605505,
        0.05064655172413793,
        0.05,
        null,
        0.07235142118863049,
        0.021551724137931036,
        null,
        0.0,
        0.033402922755741124,
        null,
        0.0,
        0.03896103896103896,
        0.0,
        0.0,
        0.027833001988071572,
        0.024029574861367836,
        0.0,
        0.017482517482517484,
        0.02262443438914027,
        null,
        0.03225806451612903,
        0.0,
        0.016339869281045753,
        0.024390243902439025
    ],
    "outlier_ratio_que_datasets": [
        0.0,
        null,
        0.0837465564738292,
        0.09548313321898227,
        0.019672131147540985,
        0.04044117647058824,
        0.09090909090909091,
        0.06748466257668712,
        0.07115628970775095,
        0.07591623036649214,
        0.04709388971684054,
        0.023655913978494623,
        0.04051863857374392,
        0.012934518997574777,
        0.06666666666666667,
        null,
        0.0,
        null,
        0.011673151750972763,
        0.045768566493955096,
        0.0,
        0.02422145328719723,
        null,
        0.15384615384615385,
        0.018518518518518517,
        0.125,
        0.0,
        null,
        null,
        0.05454545454545454,
        0.12976782752902155,
        0.18220338983050846,
        0.07623817473567056,
        0.12505582849486377,
        0.1614100185528757,
        0.15784586815227483,
        0.11377245508982035,
        0.01022604951560818,
        0.13494809688581316,
        0.16144814090019569,
        0.1372113676731794,
        0.1279119017365523,
        0.08394833948339483,
        0.11261980830670927,
        0.13339640491958374,
        0.15942028985507245,
        0.10196779964221825,
        0.15789473684210525,
        0.09814323607427056,
        0.1259150805270864,
        0.09713024282560706,
        0.1328740157480315,
        0.10619469026548672,
        0.12164948453608247,
        0.06903353057199212,
        0.012345679012345678
    ],
    "ref_normal_samples": [
        "donor 2",
        "VUHD076",
        "DD046Q",
        "NP26",
        "dd39p",
        "D344",
        "Patient_1",
        "VUHD107",
        "NP27",
        "A40",
        "THD0017",
        "T121",
        "NP35",
        "Donor_06",
        "GRO-01",
        "LuT_437",
        "THD0006",
        "GRO-07",
        "T166",
        "donor 3",
        "GSM4593897",
        "2020-3173-NC007",
        "296C",
        "muc9833",
        "D326",
        "A26",
        "muc4659",
        "A47",
        "VUHD70"
    ],
    "que_normal_samples": [
        "D339",
        "T90",
        "098C",
        "226C",
        "THD0012",
        "A44",
        "NP15",
        "356C",
        "192C",
        "lafy_donor_4",
        "SAMN15153963",
        "QZY9VQng",
        "465C",
        "Donor_08",
        "VUHD92",
        "T126",
        "D353",
        "NP22",
        "D239",
        "SAMN15153956",
        "GRO-03",
        "muc3843",
        "BG9_33",
        "A37",
        "368C",
        "NP14",
        "NP11",
        "BG9_3",
        "NP39",
        "284C"
    ],
    "que_disease_samples": [
        "051I",
        "034I",
        "VUILD59",
        "166I",
        "VUILD61",
        "TILD028",
        "IPF2",
        "IPF_04",
        "TILD006",
        "138I",
        "158I",
        "225I",
        "228I",
        "022I",
        "210I",
        "221I",
        "29I",
        "59I",
        "145I",
        "212I",
        "TILD010",
        "040I",
        "174I",
        "021I",
        "025I",
        "VUILD64"
    ],
    "que_samples": [
        "D339",
        "T90",
        "098C",
        "226C",
        "THD0012",
        "A44",
        "NP15",
        "356C",
        "192C",
        "lafy_donor_4",
        "SAMN15153963",
        "QZY9VQng",
        "465C",
        "Donor_08",
        "VUHD92",
        "T126",
        "D353",
        "NP22",
        "D239",
        "SAMN15153956",
        "GRO-03",
        "muc3843",
        "BG9_33",
        "A37",
        "368C",
        "NP14",
        "NP11",
        "BG9_3",
        "NP39",
        "284C",
        "051I",
        "034I",
        "VUILD59",
        "166I",
        "VUILD61",
        "TILD028",
        "IPF2",
        "IPF_04",
        "TILD006",
        "138I",
        "158I",
        "225I",
        "228I",
        "022I",
        "210I",
        "221I",
        "29I",
        "59I",
        "145I",
        "212I",
        "TILD010",
        "040I",
        "174I",
        "021I",
        "025I",
        "VUILD64"
    ]
}