{
    "problem": "healthy-reference-Macrophages-300",
    "n_comps": 14.0,
    "optimal_k": 4.0,
    "optimal_p": 0.059999999999999935,
    "ratio-limit": 0.017152658662092625,
    "accuracy": 0.82,
    "precision": 0.84,
    "recall": 0.8076923076923077,
    "f1": 0.8235294117647058,
    "outlier_ratio_ref_datasets": [
        0.0,
        null,
        0.0,
        0.031294860752225095,
        0.0,
        null,
        0.0,
        0.0,
        0.014104778353483017,
        0.0024390243902439024,
        0.0,
        0.0,
        0.0,
        0.0,
        0.015706806282722512,
        0.009836065573770493,
        0.00487012987012987,
        0.017152658662092625,
        0.008130081300813009,
        0.007352941176470588,
        0.016129032258064516,
        null,
        0.0,
        0.0,
        null,
        0.012269938650306749,
        null,
        null,
        0.0032336297493936943
    ],
    "outlier_ratio_que_datasets": [
        0.0,
        0.022100760456273766,
        0.025895316804407712,
        0.023706896551724137,
        0.0,
        0.007855822550831794,
        0.011904761904761904,
        0.009609012591119947,
        0.0,
        null,
        0.0034965034965034965,
        0.011435832274459974,
        0.0,
        0.0,
        0.008103727714748784,
        null,
        0.0,
        0.0,
        0.0,
        0.0034602076124567475,
        null,
        0.0,
        0.0,
        null,
        0.07692307692307693,
        null,
        null,
        0.0,
        0.0,
        0.0,
        0.02197346600331675,
        0.010526315789473684,
        0.03238546603475513,
        0.0,
        0.028834099456748852,
        0.035650623885918005,
        0.0328719723183391,
        0.02744097000638162,
        0.027318932655654382,
        0.01762977473065622,
        0.033112582781456956,
        0.008944543828264758,
        0.029567854435178165,
        0.019230769230769232,
        0.03727810650887574,
        0.03367496339677892,
        0.02869757174392936,
        0.030678466076696165,
        0.0,
        0.043000914913083256,
        0.033783783783783786,
        0.034408602150537634,
        0.03225806451612903,
        0.024983563445101907,
        0.02106318956870612,
        0.0
    ],
    "ref_normal_samples": [
        "GRO-03",
        "D326",
        "VUHD076",
        "A40",
        "VUHD92",
        "NP39",
        "D353",
        "A47",
        "SAMN15153956",
        "VUHD70",
        "Donor_06",
        "368C",
        "2020-3173-NC007",
        "NP11",
        "lafy_donor_4",
        "SAMN15153963",
        "THD0006",
        "226C",
        "muc4659",
        "A44",
        "A26",
        "T126",
        "NP14",
        "D339",
        "T90",
        "356C",
        "BG9_3",
        "NP22",
        "Donor_08"
    ],
    "que_normal_samples": [
        "D344",
        "donor 2",
        "098C",
        "Patient_1",
        "THD0012",
        "GSM4593897",
        "DD046Q",
        "donor 3",
        "NP15",
        "NP27",
        "296C",
        "192C",
        "muc9833",
        "QZY9VQng",
        "465C",
        "T121",
        "T166",
        "D239",
        "VUHD107",
        "muc3843",
        "BG9_33",
        "GRO-07",
        "THD0017",
        "dd39p",
        "A37",
        "NP26",
        "GRO-01",
        "NP35",
        "LuT_437",
        "284C"
    ],
    "que_disease_samples": [
        "051I",
        "IPF_02",
        "49I",
        "IPF1",
        "157I",
        "123I",
        "TILD006",
        "063I",
        "225I",
        "IPF3",
        "210I",
        "29I",
        "177I",
        "145I",
        "179I",
        "212I",
        "TILD010",
        "174I",
        "Cryobiopsy_01",
        "135I",
        "214I",
        "IPF_01",
        "TILD001",
        "025I",
        "47I",
        "VUILD64"
    ],
    "que_samples": [
        "D344",
        "donor 2",
        "098C",
        "Patient_1",
        "THD0012",
        "GSM4593897",
        "DD046Q",
        "donor 3",
        "NP15",
        "NP27",
        "296C",
        "192C",
        "muc9833",
        "QZY9VQng",
        "465C",
        "T121",
        "T166",
        "D239",
        "VUHD107",
        "muc3843",
        "BG9_33",
        "GRO-07",
        "THD0017",
        "dd39p",
        "A37",
        "NP26",
        "GRO-01",
        "NP35",
        "LuT_437",
        "284C",
        "051I",
        "IPF_02",
        "49I",
        "IPF1",
        "157I",
        "123I",
        "TILD006",
        "063I",
        "225I",
        "IPF3",
        "210I",
        "29I",
        "177I",
        "145I",
        "179I",
        "212I",
        "TILD010",
        "174I",
        "Cryobiopsy_01",
        "135I",
        "214I",
        "IPF_01",
        "TILD001",
        "025I",
        "47I",
        "VUILD64"
    ]
}