{
    "problem": "healthy-reference-Macrophages-400",
    "n_comps": 10.0,
    "optimal_k": 4.0,
    "optimal_p": 0.06499999999999995,
    "ratio-limit": 0.1,
    "accuracy": 0.75,
    "precision": 1.0,
    "recall": 0.5384615384615384,
    "f1": 0.7,
    "outlier_ratio_ref_datasets": [
        0.017482517482517484,
        0.0,
        0.0,
        0.02922077922077922,
        null,
        0.06501377410468319,
        0.04001151410477835,
        0.1,
        0.125,
        0.0,
        0.0,
        0.027552674230145867,
        0.00980392156862745,
        0.0,
        null,
        0.049079754601226995,
        null,
        0.05952380952380952,
        0.23076923076923078,
        0.04418103448275862,
        0.0370722433460076,
        0.025735294117647058,
        0.06517370083261556,
        0.00904977375565611,
        0.01818181818181818,
        0.027833001988071572,
        null,
        0.0,
        0.0
    ],
    "outlier_ratio_que_datasets": [
        0.009174311926605505,
        null,
        0.04032258064516129,
        0.0,
        0.05946255002858777,
        0.024008350730688934,
        0.019672131147540985,
        0.025878003696857672,
        null,
        0.05400254129606099,
        0.06282722513089005,
        null,
        0.044709388971684055,
        0.025806451612903226,
        0.00889248181083266,
        null,
        null,
        0.03170731707317073,
        0.0,
        0.016666666666666666,
        0.0,
        0.020761245674740483,
        null,
        0.0,
        0.021551724137931036,
        null,
        0.013888888888888888,
        0.0,
        null,
        0.0,
        0.15889830508474576,
        0.1066350710900474,
        0.25,
        0.08083832335329341,
        0.008611410118406888,
        0.11245674740484429,
        0.12720156555772993,
        0.1238898756660746,
        0.11181702668360864,
        0.14397719173200285,
        0.05680705190989226,
        0.1387739751786386,
        0.06273062730627306,
        0.10406811731315042,
        0.08050089445438283,
        0.08855291576673865,
        0.07922668688400303,
        0.15263157894736842,
        0.09151193633952255,
        0.10395314787701318,
        0.10823529411764705,
        0.014285714285714285,
        0.11290322580645161,
        0.09896907216494845,
        0.08602150537634409,
        0.054945054945054944
    ],
    "ref_normal_samples": [
        "296C",
        "D239",
        "NP15",
        "THD0006",
        "BG9_3",
        "098C",
        "SAMN15153956",
        "VUHD92",
        "NP14",
        "LuT_437",
        "T166",
        "465C",
        "A47",
        "VUHD076",
        "NP39",
        "356C",
        "T121",
        "DD046Q",
        "A37",
        "Patient_1",
        "donor 2",
        "A44",
        "A40",
        "muc9833",
        "284C",
        "donor 3",
        "NP26",
        "D353",
        "D339"
    ],
    "que_normal_samples": [
        "D344",
        "T90",
        "A26",
        "2020-3173-NC007",
        "226C",
        "Donor_06",
        "THD0012",
        "GSM4593897",
        "NP27",
        "192C",
        "lafy_donor_4",
        "D326",
        "SAMN15153963",
        "QZY9VQng",
        "Donor_08",
        "T126",
        "NP22",
        "VUHD70",
        "GRO-03",
        "VUHD107",
        "muc4659",
        "muc3843",
        "BG9_33",
        "GRO-07",
        "THD0017",
        "dd39p",
        "368C",
        "NP11",
        "GRO-01",
        "NP35"
    ],
    "que_disease_samples": [
        "034I",
        "49I",
        "IPF1",
        "IPF2",
        "IPF_04",
        "TILD006",
        "138I",
        "158I",
        "225I",
        "041I",
        "IPF3",
        "222I",
        "228I",
        "210I",
        "29I",
        "TILD015",
        "177I",
        "59I",
        "145I",
        "212I",
        "053I",
        "Cryobiopsy_01",
        "VUILD63",
        "021I",
        "TILD001",
        "VUILD53"
    ],
    "que_samples": [
        "D344",
        "T90",
        "A26",
        "2020-3173-NC007",
        "226C",
        "Donor_06",
        "THD0012",
        "GSM4593897",
        "NP27",
        "192C",
        "lafy_donor_4",
        "D326",
        "SAMN15153963",
        "QZY9VQng",
        "Donor_08",
        "T126",
        "NP22",
        "VUHD70",
        "GRO-03",
        "VUHD107",
        "muc4659",
        "muc3843",
        "BG9_33",
        "GRO-07",
        "THD0017",
        "dd39p",
        "368C",
        "NP11",
        "GRO-01",
        "NP35",
        "034I",
        "49I",
        "IPF1",
        "IPF2",
        "IPF_04",
        "TILD006",
        "138I",
        "158I",
        "225I",
        "041I",
        "IPF3",
        "222I",
        "228I",
        "210I",
        "29I",
        "TILD015",
        "177I",
        "59I",
        "145I",
        "212I",
        "053I",
        "Cryobiopsy_01",
        "VUILD63",
        "021I",
        "TILD001",
        "VUILD53"
    ]
}