{
    "problem": "healthy-reference-Macrophages-500",
    "n_comps": 25.0,
    "optimal_k": 4.0,
    "optimal_p": 0.059999999999999935,
    "ratio-limit": 0.034031413612565446,
    "accuracy": 0.7391304347826086,
    "precision": 0.85,
    "recall": 0.6538461538461539,
    "f1": 0.7391304347826086,
    "outlier_ratio_ref_datasets": [
        0.0,
        0.0,
        0.0,
        0.012195121951219513,
        0.0,
        0.0,
        0.008130081300813009,
        0.0,
        0.0,
        0.03167420814479638,
        0.08333333333333333,
        0.028225806451612902,
        0.034031413612565446,
        0.016119746689694875,
        0.03140495867768595,
        0.009174311926605505,
        0.006931608133086876,
        0.0,
        0.02186878727634195,
        0.0064516129032258064,
        0.024539877300613498,
        0.0,
        null,
        0.018424396442185513,
        null,
        0.017482517482517484,
        0.013412816691505217,
        0.023441966838193252,
        0.009191176470588236
    ],
    "outlier_ratio_que_datasets": [
        0.03674992822279644,
        0.03231939163498099,
        0.0,
        0.04849137931034483,
        0.022964509394572025,
        0.006557377049180328,
        null,
        null,
        0.01620745542949757,
        0.00980392156862745,
        0.01131770412287793,
        0.03333333333333333,
        null,
        null,
        0.007782101167315175,
        0.0,
        0.016666666666666666,
        0.010380622837370242,
        null,
        0.0,
        null,
        null,
        0.0,
        0.012987012987012988,
        null,
        null,
        0.0,
        0.011627906976744186,
        null,
        0.05454545454545454,
        0.041742286751361164,
        0.04978813559322034,
        0.05342237061769616,
        0.029477445288075034,
        0.055710306406685235,
        0.03684210526315789,
        0.013993541442411194,
        0.04634581105169341,
        0.05363321799307959,
        0.049289520426287745,
        0.047042052744119746,
        0.040992854456562616,
        0.023961661341853034,
        0.03784295175023652,
        0.042105263157894736,
        0.04904831625183016,
        0.045816733067729085,
        0.02823529411764706,
        0.041830708661417325,
        0.0,
        0.0288659793814433,
        0.04054054054054054,
        0.025089605734767026,
        0.023011176857330704,
        0.038461538461538464,
        0.024691358024691357
    ],
    "ref_normal_samples": [
        "NP11",
        "T166",
        "D353",
        "VUHD70",
        "VUHD076",
        "NP15",
        "muc4659",
        "368C",
        "THD0017",
        "muc9833",
        "DD046Q",
        "A26",
        "lafy_donor_4",
        "SAMN15153956",
        "098C",
        "D344",
        "GSM4593897",
        "A37",
        "donor 3",
        "QZY9VQng",
        "356C",
        "D339",
        "T90",
        "192C",
        "T121",
        "296C",
        "SAMN15153963",
        "226C",
        "A44"
    ],
    "que_normal_samples": [
        "A40",
        "donor 2",
        "2020-3173-NC007",
        "Patient_1",
        "Donor_06",
        "THD0012",
        "NP27",
        "D326",
        "465C",
        "A47",
        "Donor_08",
        "VUHD92",
        "T126",
        "NP22",
        "D239",
        "GRO-03",
        "VUHD107",
        "muc3843",
        "BG9_33",
        "GRO-07",
        "dd39p",
        "NP26",
        "NP14",
        "THD0006",
        "BG9_3",
        "GRO-01",
        "NP35",
        "LuT_437",
        "NP39",
        "284C"
    ],
    "que_disease_samples": [
        "VUILD60",
        "034I",
        "VUILD59",
        "166I",
        "TILD028",
        "IPF_02",
        "IPF_04",
        "123I",
        "TILD006",
        "158I",
        "041I",
        "222I",
        "022I",
        "210I",
        "59I",
        "212I",
        "VUILD65",
        "053I",
        "040I",
        "Cryobiopsy_01",
        "021I",
        "214I",
        "TILD001",
        "025I",
        "VUILD53",
        "VUILD64"
    ],
    "que_samples": [
        "A40",
        "donor 2",
        "2020-3173-NC007",
        "Patient_1",
        "Donor_06",
        "THD0012",
        "NP27",
        "D326",
        "465C",
        "A47",
        "Donor_08",
        "VUHD92",
        "T126",
        "NP22",
        "D239",
        "GRO-03",
        "VUHD107",
        "muc3843",
        "BG9_33",
        "GRO-07",
        "dd39p",
        "NP26",
        "NP14",
        "THD0006",
        "BG9_3",
        "GRO-01",
        "NP35",
        "LuT_437",
        "NP39",
        "284C",
        "VUILD60",
        "034I",
        "VUILD59",
        "166I",
        "TILD028",
        "IPF_02",
        "IPF_04",
        "123I",
        "TILD006",
        "158I",
        "041I",
        "222I",
        "022I",
        "210I",
        "59I",
        "212I",
        "VUILD65",
        "053I",
        "040I",
        "Cryobiopsy_01",
        "021I",
        "214I",
        "TILD001",
        "025I",
        "VUILD53",
        "VUILD64"
    ]
}