{
    "problem": "healthy-reference-Macrophages-600",
    "n_comps": 17.0,
    "optimal_k": 4.0,
    "optimal_p": 0.06499999999999995,
    "ratio-limit": 0.04565030146425495,
    "accuracy": 0.7551020408163265,
    "precision": 0.8181818181818182,
    "recall": 0.6923076923076923,
    "f1": 0.75,
    "outlier_ratio_ref_datasets": [
        0.0,
        null,
        0.0,
        null,
        0.04525862068965517,
        0.0,
        0.03225806451612903,
        0.004524886877828055,
        0.004301075268817204,
        0.011627906976744186,
        0.0032679738562091504,
        0.0,
        0.004310344827586207,
        null,
        0.0038910505836575876,
        null,
        0.04565030146425495,
        0.0,
        null,
        0.018777943368107303,
        0.0274869109947644,
        0.0,
        0.019832985386221295,
        0.0,
        0.007317073170731708,
        0.021301093839953943,
        0.03430531732418525,
        0.02423954372623574,
        0.009242144177449169
    ],
    "outlier_ratio_que_datasets": [
        0.01834862385321101,
        0.045730027548209366,
        0.013114754098360656,
        0.05952380952380952,
        0.018886679920477135,
        0.02022058823529412,
        null,
        0.018404907975460124,
        0.01048951048951049,
        0.029224904701397714,
        0.022690437601296597,
        1.0,
        0.0064672594987873885,
        0.0,
        null,
        0.0,
        null,
        0.03333333333333333,
        0.01384083044982699,
        null,
        0.07692307692307693,
        null,
        0.0,
        0.0,
        0.011363636363636364,
        null,
        null,
        0.0,
        0.0,
        0.01818181818181818,
        0.0646186440677966,
        0.09090909090909091,
        0.01977848101265823,
        0.053712480252764615,
        0.0,
        0.05688622754491018,
        0.06692160611854685,
        0.005920344456404736,
        0.057668198913497705,
        0.06228373702422145,
        0.05577299412915851,
        0.06261101243339254,
        0.0529436679373147,
        0.06129722024233785,
        0.03525954946131244,
        0.05723542116630669,
        0.047763457164518575,
        0.03647214854111406,
        0.034509803921568626,
        0.0,
        0.0768526989935956,
        0.06451612903225806,
        0.08445945945945946,
        0.060215053763440864,
        0.053763440860215055,
        0.03287310979618672
    ],
    "ref_normal_samples": [
        "NP15",
        "D326",
        "muc4659",
        "T121",
        "Patient_1",
        "GRO-03",
        "A26",
        "muc9833",
        "QZY9VQng",
        "LuT_437",
        "A47",
        "D339",
        "THD0017",
        "T90",
        "D239",
        "BG9_33",
        "A40",
        "NP11",
        "NP39",
        "SAMN15153963",
        "lafy_donor_4",
        "2020-3173-NC007",
        "Donor_06",
        "GRO-07",
        "VUHD70",
        "SAMN15153956",
        "226C",
        "donor 2",
        "GSM4593897"
    ],
    "que_normal_samples": [
        "D344",
        "098C",
        "THD0012",
        "DD046Q",
        "donor 3",
        "A44",
        "NP27",
        "356C",
        "296C",
        "192C",
        "465C",
        "T166",
        "Donor_08",
        "VUHD92",
        "T126",
        "D353",
        "NP22",
        "VUHD107",
        "muc3843",
        "dd39p",
        "A37",
        "NP26",
        "368C",
        "NP14",
        "THD0006",
        "BG9_3",
        "GRO-01",
        "NP35",
        "VUHD076",
        "284C"
    ],
    "que_disease_samples": [
        "034I",
        "VUILD61",
        "IPF_03",
        "49I",
        "IPF1",
        "IPF2",
        "010I",
        "IPF_04",
        "157I",
        "TILD006",
        "138I",
        "158I",
        "225I",
        "041I",
        "IPF3",
        "TILD015",
        "177I",
        "145I",
        "053I",
        "Cryobiopsy_01",
        "135I",
        "VUILD63",
        "214I",
        "IPF_01",
        "TILD001",
        "025I"
    ],
    "que_samples": [
        "D344",
        "098C",
        "THD0012",
        "DD046Q",
        "donor 3",
        "A44",
        "NP27",
        "356C",
        "296C",
        "192C",
        "465C",
        "T166",
        "Donor_08",
        "VUHD92",
        "T126",
        "D353",
        "NP22",
        "VUHD107",
        "muc3843",
        "dd39p",
        "A37",
        "NP26",
        "368C",
        "NP14",
        "THD0006",
        "BG9_3",
        "GRO-01",
        "NP35",
        "VUHD076",
        "284C",
        "034I",
        "VUILD61",
        "IPF_03",
        "49I",
        "IPF1",
        "IPF2",
        "010I",
        "IPF_04",
        "157I",
        "TILD006",
        "138I",
        "158I",
        "225I",
        "041I",
        "IPF3",
        "TILD015",
        "177I",
        "145I",
        "053I",
        "Cryobiopsy_01",
        "135I",
        "VUILD63",
        "214I",
        "IPF_01",
        "TILD001",
        "025I"
    ]
}