{
    "problem": "healthy-reference-Macrophages-700",
    "n_comps": 13.0,
    "optimal_k": 4.0,
    "optimal_p": 0.059999999999999935,
    "ratio-limit": 0.03502727533735286,
    "accuracy": 0.8125,
    "precision": 0.9473684210526315,
    "recall": 0.6923076923076923,
    "f1": 0.8,
    "outlier_ratio_ref_datasets": [
        0.009394572025052192,
        0.0,
        0.012014787430683918,
        null,
        0.004310344827586207,
        0.05952380952380952,
        0.0,
        0.016666666666666666,
        0.00974025974025974,
        0.019695044472681066,
        0.03502727533735286,
        0.0,
        0.0,
        0.02699724517906336,
        0.00975609756097561,
        0.0,
        0.0055147058823529415,
        0.015706806282722512,
        0.0,
        0.018404907975460124,
        0.006557377049180328,
        0.0,
        0.0,
        0.01384083044982699,
        0.0,
        null,
        null,
        null,
        0.009174311926605505
    ],
    "outlier_ratio_que_datasets": [
        0.02376425855513308,
        0.0,
        null,
        0.016129032258064516,
        0.0,
        0.02172670097198399,
        0.03879310344827586,
        0.0145791915175613,
        0.0,
        null,
        0.01048951048951049,
        null,
        0.01818181818181818,
        0.0,
        0.008103727714748784,
        0.006535947712418301,
        0.0,
        0.004042037186742118,
        0.03333333333333333,
        null,
        0.018134715025906734,
        0.0,
        0.0,
        null,
        0.0,
        null,
        null,
        0.0,
        0.0,
        null,
        0.03109452736318408,
        0.032667876588021776,
        0.036176864671728454,
        0.005537974683544304,
        0.013157894736842105,
        0.03592814371257485,
        0.0497131931166348,
        0.004843918191603875,
        0.03760969494358546,
        0.05169340463458111,
        0.05795847750865052,
        0.0410958904109589,
        0.03509891512444161,
        0.05106571936056838,
        0.059357964869775896,
        0.04531977975434138,
        0.04297851074462768,
        0.051479289940828406,
        0.03607843137254902,
        0.04872047244094488,
        0.04188790560471976,
        0.0472972972972973,
        0.03870967741935484,
        0.026298487836949377,
        0.033099297893681046,
        0.012345679012345678
    ],
    "ref_normal_samples": [
        "Donor_06",
        "VUHD076",
        "GSM4593897",
        "T121",
        "THD0017",
        "DD046Q",
        "D353",
        "VUHD107",
        "THD0006",
        "192C",
        "A40",
        "GRO-03",
        "D239",
        "098C",
        "VUHD70",
        "284C",
        "A44",
        "lafy_donor_4",
        "muc4659",
        "356C",
        "THD0012",
        "NP11",
        "NP14",
        "muc3843",
        "QZY9VQng",
        "BG9_33",
        "dd39p",
        "T126",
        "D344"
    ],
    "que_normal_samples": [
        "donor 2",
        "D339",
        "T90",
        "A26",
        "2020-3173-NC007",
        "226C",
        "Patient_1",
        "donor 3",
        "NP15",
        "NP27",
        "296C",
        "D326",
        "SAMN15153963",
        "muc9833",
        "465C",
        "A47",
        "T166",
        "Donor_08",
        "VUHD92",
        "NP22",
        "SAMN15153956",
        "GRO-07",
        "A37",
        "NP26",
        "368C",
        "BG9_3",
        "GRO-01",
        "NP35",
        "LuT_437",
        "NP39"
    ],
    "que_disease_samples": [
        "051I",
        "VUILD60",
        "166I",
        "IPF_03",
        "IPF_02",
        "IPF2",
        "010I",
        "IPF_04",
        "157I",
        "123I",
        "TILD006",
        "138I",
        "063I",
        "158I",
        "209I",
        "225I",
        "221I",
        "179I",
        "053I",
        "040I",
        "174I",
        "214I",
        "IPF_01",
        "025I",
        "47I",
        "VUILD64"
    ],
    "que_samples": [
        "donor 2",
        "D339",
        "T90",
        "A26",
        "2020-3173-NC007",
        "226C",
        "Patient_1",
        "donor 3",
        "NP15",
        "NP27",
        "296C",
        "D326",
        "SAMN15153963",
        "muc9833",
        "465C",
        "A47",
        "T166",
        "Donor_08",
        "VUHD92",
        "NP22",
        "SAMN15153956",
        "GRO-07",
        "A37",
        "NP26",
        "368C",
        "BG9_3",
        "GRO-01",
        "NP35",
        "LuT_437",
        "NP39",
        "051I",
        "VUILD60",
        "166I",
        "IPF_03",
        "IPF_02",
        "IPF2",
        "010I",
        "IPF_04",
        "157I",
        "123I",
        "TILD006",
        "138I",
        "063I",
        "158I",
        "209I",
        "225I",
        "221I",
        "179I",
        "053I",
        "040I",
        "174I",
        "214I",
        "IPF_01",
        "025I",
        "47I",
        "VUILD64"
    ]
}