{
    "problem": "healthy-reference-Macrophages-800",
    "n_comps": 8.0,
    "optimal_k": 4.0,
    "optimal_p": 0.049999999999999926,
    "ratio-limit": 0.15384615384615385,
    "accuracy": 0.803921568627451,
    "precision": 0.9444444444444444,
    "recall": 0.6538461538461539,
    "f1": 0.7727272727272727,
    "outlier_ratio_ref_datasets": [
        null,
        0.13333333333333333,
        0.04878048780487805,
        0.0,
        0.0137429264349232,
        null,
        0.0625,
        null,
        0.08831003811944091,
        null,
        0.057747148288973385,
        0.0,
        0.10714285714285714,
        0.016666666666666666,
        0.15384615384615385,
        0.0,
        null,
        0.07758620689655173,
        0.0038910505836575876,
        null,
        0.032679738562091505,
        0.04918032786885246,
        null,
        0.03146853146853147,
        0.07142857142857142,
        0.05382843983880253,
        0.05555555555555555,
        0.04801670146137787,
        0.12396694214876033
    ],
    "outlier_ratio_que_datasets": [
        0.11886304909560723,
        0.027522935779816515,
        null,
        0.14112903225806453,
        0.0,
        0.14636935391652373,
        0.04621072088724584,
        0.0559973492379059,
        0.09191176470588236,
        0.09090909090909091,
        null,
        0.1165644171779141,
        0.09162303664921466,
        0.07332339791356185,
        0.03167420814479638,
        0.023655913978494623,
        0.07455429497568881,
        0.0,
        0.0,
        0.0,
        0.008130081300813009,
        0.03806228373702422,
        0.0,
        0.034482758620689655,
        null,
        1.0,
        null,
        0.0,
        null,
        0.03636363636363636,
        0.19419237749546278,
        0.3029661016949153,
        0.11825264329437953,
        0.26159554730983303,
        0.06724683544303797,
        0.25,
        0.22434671765455705,
        0.022604951560818085,
        0.16782006920415224,
        0.22069271758436945,
        0.2085980516730199,
        0.28296507483962935,
        0.13026444662095985,
        0.23993982700263256,
        0.12361623616236163,
        0.19808306709265175,
        0.22038980509745126,
        0.17278617710583152,
        0.19546120058565153,
        0.19607843137254902,
        0.02857142857142857,
        0.23559011893870083,
        0.22043010752688172,
        0.1242603550295858,
        0.13186813186813187,
        0.06172839506172839
    ],
    "ref_normal_samples": [
        "BG9_33",
        "VUHD92",
        "VUHD70",
        "D339",
        "Donor_08",
        "T121",
        "NP14",
        "T126",
        "192C",
        "dd39p",
        "donor 2",
        "VUHD076",
        "DD046Q",
        "VUHD107",
        "A37",
        "LuT_437",
        "NP22",
        "Patient_1",
        "D239",
        "D326",
        "A47",
        "THD0012",
        "BG9_3",
        "296C",
        "THD0006",
        "SAMN15153956",
        "368C",
        "Donor_06",
        "098C"
    ],
    "que_normal_samples": [
        "A40",
        "D344",
        "T90",
        "A26",
        "2020-3173-NC007",
        "226C",
        "GSM4593897",
        "donor 3",
        "A44",
        "NP15",
        "NP27",
        "356C",
        "lafy_donor_4",
        "SAMN15153963",
        "muc9833",
        "QZY9VQng",
        "465C",
        "T166",
        "D353",
        "GRO-03",
        "muc4659",
        "muc3843",
        "GRO-07",
        "THD0017",
        "NP26",
        "NP11",
        "GRO-01",
        "NP35",
        "NP39",
        "284C"
    ],
    "que_disease_samples": [
        "VUILD60",
        "034I",
        "VUILD59",
        "VUILD61",
        "IPF_03",
        "IPF1",
        "010I",
        "IPF_04",
        "TILD006",
        "158I",
        "225I",
        "041I",
        "IPF3",
        "222I",
        "228I",
        "022I",
        "221I",
        "TILD015",
        "212I",
        "053I",
        "Cryobiopsy_01",
        "135I",
        "VUILD63",
        "025I",
        "VUILD53",
        "VUILD64"
    ],
    "que_samples": [
        "A40",
        "D344",
        "T90",
        "A26",
        "2020-3173-NC007",
        "226C",
        "GSM4593897",
        "donor 3",
        "A44",
        "NP15",
        "NP27",
        "356C",
        "lafy_donor_4",
        "SAMN15153963",
        "muc9833",
        "QZY9VQng",
        "465C",
        "T166",
        "D353",
        "GRO-03",
        "muc4659",
        "muc3843",
        "GRO-07",
        "THD0017",
        "NP26",
        "NP11",
        "GRO-01",
        "NP35",
        "NP39",
        "284C",
        "VUILD60",
        "034I",
        "VUILD59",
        "VUILD61",
        "IPF_03",
        "IPF1",
        "010I",
        "IPF_04",
        "TILD006",
        "158I",
        "225I",
        "041I",
        "IPF3",
        "222I",
        "228I",
        "022I",
        "221I",
        "TILD015",
        "212I",
        "053I",
        "Cryobiopsy_01",
        "135I",
        "VUILD63",
        "025I",
        "VUILD53",
        "VUILD64"
    ]
}