{
    "problem": "healthy-reference-Macrophages-900",
    "n_comps": 16.0,
    "optimal_k": 4.0,
    "optimal_p": 0.06499999999999995,
    "ratio-limit": 0.08705234159779614,
    "accuracy": 0.8541666666666666,
    "precision": 0.88,
    "recall": 0.8461538461538461,
    "f1": 0.8627450980392157,
    "outlier_ratio_ref_datasets": [
        0.03333333333333333,
        0.03512259774685222,
        0.040238450074515646,
        0.004629629629629629,
        0.036290322580645164,
        null,
        0.08705234159779614,
        0.021551724137931036,
        0.03125,
        0.15384615384615385,
        0.08376963350785341,
        0.0,
        0.033402922755741124,
        null,
        0.0,
        0.007782101167315175,
        0.016339869281045753,
        0.0,
        0.05521472392638037,
        0.02262443438914027,
        0.030844155844155844,
        0.04145077720207254,
        0.0,
        0.0,
        0.020761245674740483,
        0.011627906976744186,
        null,
        null,
        0.09090909090909091
    ],
    "outlier_ratio_que_datasets": [
        0.08641975308641975,
        0.027522935779816515,
        0.061549429657794676,
        null,
        0.09548313321898227,
        0.06465517241379311,
        0.01639344262295082,
        0.026802218114602587,
        0.07142857142857142,
        null,
        0.017482517482517484,
        0.056543837357052096,
        0.010752688172043012,
        0.04051863857374392,
        0.012126111560226353,
        0.03333333333333333,
        null,
        null,
        0.026829268292682926,
        0.0,
        0.024390243902439025,
        0.0,
        null,
        0.125,
        0.0,
        null,
        null,
        1.0,
        null,
        0.03636363636363636,
        0.11070780399274047,
        0.18114406779661016,
        0.09321090706733445,
        0.10808396605627513,
        0.08157894736842106,
        0.12322274881516587,
        0.1316339323025491,
        0.1384083044982699,
        0.14187866927592954,
        0.09317166560306318,
        0.13543516873889877,
        0.17746820109024833,
        0.09132841328413284,
        0.09824281150159744,
        0.09287338893100834,
        0.14792899408284024,
        0.10358565737051793,
        0.10375275938189846,
        0.13041338582677164,
        0.02142857142857143,
        0.19256756756756757,
        0.12043010752688173,
        0.1003584229390681,
        0.06640368178829717,
        0.09729187562688064,
        0.06043956043956044
    ],
    "ref_normal_samples": [
        "VUHD107",
        "donor 3",
        "SAMN15153963",
        "368C",
        "A26",
        "BG9_33",
        "098C",
        "THD0017",
        "A44",
        "A37",
        "lafy_donor_4",
        "D339",
        "Donor_06",
        "T121",
        "VUHD076",
        "D239",
        "A47",
        "D353",
        "356C",
        "muc9833",
        "THD0006",
        "SAMN15153956",
        "2020-3173-NC007",
        "T166",
        "muc3843",
        "LuT_437",
        "D326",
        "NP26",
        "NP15"
    ],
    "que_normal_samples": [
        "A40",
        "D344",
        "donor 2",
        "T90",
        "226C",
        "Patient_1",
        "THD0012",
        "GSM4593897",
        "DD046Q",
        "NP27",
        "296C",
        "192C",
        "QZY9VQng",
        "465C",
        "Donor_08",
        "VUHD92",
        "T126",
        "NP22",
        "VUHD70",
        "GRO-03",
        "muc4659",
        "GRO-07",
        "dd39p",
        "NP14",
        "NP11",
        "BG9_3",
        "GRO-01",
        "NP35",
        "NP39",
        "284C"
    ],
    "que_disease_samples": [
        "VUILD60",
        "034I",
        "VUILD59",
        "166I",
        "IPF_02",
        "49I",
        "157I",
        "TILD006",
        "138I",
        "063I",
        "158I",
        "209I",
        "228I",
        "022I",
        "177I",
        "179I",
        "VUILD65",
        "TILD010",
        "040I",
        "Cryobiopsy_01",
        "214I",
        "IPF_01",
        "TILD001",
        "025I",
        "47I",
        "VUILD53"
    ],
    "que_samples": [
        "A40",
        "D344",
        "donor 2",
        "T90",
        "226C",
        "Patient_1",
        "THD0012",
        "GSM4593897",
        "DD046Q",
        "NP27",
        "296C",
        "192C",
        "QZY9VQng",
        "465C",
        "Donor_08",
        "VUHD92",
        "T126",
        "NP22",
        "VUHD70",
        "GRO-03",
        "muc4659",
        "GRO-07",
        "dd39p",
        "NP14",
        "NP11",
        "BG9_3",
        "GRO-01",
        "NP35",
        "NP39",
        "284C",
        "VUILD60",
        "034I",
        "VUILD59",
        "166I",
        "IPF_02",
        "49I",
        "157I",
        "TILD006",
        "138I",
        "063I",
        "158I",
        "209I",
        "228I",
        "022I",
        "177I",
        "179I",
        "VUILD65",
        "TILD010",
        "040I",
        "Cryobiopsy_01",
        "214I",
        "IPF_01",
        "TILD001",
        "025I",
        "47I",
        "VUILD53"
    ]
}