{
    "problem": "healthy-reference-EC venous-0",
    "n_comps": 15.0,
    "optimal_k": 8.0,
    "optimal_p": 0.1,
    "ratio-limit": 0.0,
    "accuracy": 0.5238095238095238,
    "precision": 1.0,
    "recall": 0.23076923076923078,
    "f1": 0.375,
    "outlier_ratio_ref_datasets": [
        null,
        0.009523809523809525,
        0.0,
        0.07692307692307693,
        0.0,
        null,
        null,
        0.0,
        0.0,
        0.11764705882352941,
        0.0,
        0.0,
        0.0,
        0.006493506493506494,
        null,
        0.0,
        0.0,
        0.0,
        0.0,
        null,
        0.0,
        null,
        0.0,
        null,
        null,
        null,
        0.0,
        null,
        null
    ],
    "outlier_ratio_que_datasets": [
        0.0,
        0.0,
        0.0,
        0.0,
        null,
        0.0,
        0.0,
        null,
        0.0,
        0.0,
        0.0,
        null,
        null,
        null,
        null,
        0.0,
        0.0,
        null,
        null,
        0.0,
        null,
        0.0,
        null,
        0.0,
        null,
        0.0,
        null,
        null,
        null,
        0.0,
        0.0,
        0.0,
        0.0,
        0.0,
        0.011363636363636364,
        0.012903225806451613,
        0.0,
        0.0,
        0.007692307692307693,
        0.0,
        0.0,
        0.0,
        0.004149377593360996,
        0.0,
        0.0,
        0.06666666666666667,
        0.0,
        0.0,
        0.009259259259259259,
        0.0,
        0.0,
        0.0,
        0.0,
        0.0,
        0.0,
        0.0
    ],
    "ref_normal_samples": [
        "NP35",
        "muc9833",
        "368C",
        "465C",
        "donor 2",
        "NP15",
        "T126",
        "VUHD92",
        "QZY9VQng",
        "296C",
        "Donor_08",
        "D326",
        "VUHD70",
        "DD046Q",
        "BG9_3",
        "226C",
        "356C",
        "GRO-07",
        "A26",
        "VUHD107",
        "GRO-01",
        "NP22",
        "Patient_1",
        "NP14",
        "muc4659",
        "T90",
        "lafy_donor_4",
        "NP39",
        "NP27"
    ],
    "que_normal_samples": [
        "A40",
        "D344",
        "D339",
        "098C",
        "2020-3173-NC007",
        "Donor_06",
        "THD0012",
        "GSM4593897",
        "donor 3",
        "A44",
        "192C",
        "SAMN15153963",
        "A47",
        "T121",
        "T166",
        "D353",
        "D239",
        "SAMN15153956",
        "GRO-03",
        "muc3843",
        "BG9_33",
        "THD0017",
        "dd39p",
        "A37",
        "NP26",
        "THD0006",
        "NP11",
        "LuT_437",
        "VUHD076",
        "284C"
    ],
    "que_disease_samples": [
        "VUILD60",
        "166I",
        "IPF_03",
        "IPF_02",
        "49I",
        "IPF2",
        "010I",
        "157I",
        "138I",
        "063I",
        "158I",
        "222I",
        "022I",
        "29I",
        "59I",
        "179I",
        "VUILD65",
        "TILD010",
        "Cryobiopsy_01",
        "135I",
        "VUILD63",
        "214I",
        "IPF_01",
        "TILD001",
        "025I",
        "VUILD64"
    ],
    "que_samples": [
        "A40",
        "D344",
        "D339",
        "098C",
        "2020-3173-NC007",
        "Donor_06",
        "THD0012",
        "GSM4593897",
        "donor 3",
        "A44",
        "192C",
        "SAMN15153963",
        "A47",
        "T121",
        "T166",
        "D353",
        "D239",
        "SAMN15153956",
        "GRO-03",
        "muc3843",
        "BG9_33",
        "THD0017",
        "dd39p",
        "A37",
        "NP26",
        "THD0006",
        "NP11",
        "LuT_437",
        "VUHD076",
        "284C",
        "VUILD60",
        "166I",
        "IPF_03",
        "IPF_02",
        "49I",
        "IPF2",
        "010I",
        "157I",
        "138I",
        "063I",
        "158I",
        "222I",
        "022I",
        "29I",
        "59I",
        "179I",
        "VUILD65",
        "TILD010",
        "Cryobiopsy_01",
        "135I",
        "VUILD63",
        "214I",
        "IPF_01",
        "TILD001",
        "025I",
        "VUILD64"
    ]
}