{
    "problem": "healthy-reference-EC venous-100",
    "n_comps": 16.0,
    "optimal_k": 10.0,
    "optimal_p": 0.05499999999999993,
    "ratio-limit": 0.3888888888888889,
    "accuracy": 0.4782608695652174,
    "precision": 1.0,
    "recall": 0.07692307692307693,
    "f1": 0.14285714285714285,
    "outlier_ratio_ref_datasets": [
        0.05588235294117647,
        null,
        null,
        null,
        0.08571428571428572,
        null,
        0.3888888888888889,
        0.06923076923076923,
        0.0,
        null,
        null,
        null,
        null,
        null,
        0.2608695652173913,
        null,
        null,
        0.0027548209366391185,
        0.13636363636363635,
        0.12,
        0.05198776758409786,
        0.35294117647058826,
        null,
        null,
        0.06896551724137931,
        null,
        0.0,
        null,
        0.3076923076923077
    ],
    "outlier_ratio_que_datasets": [
        0.2,
        0.0,
        0.11664482306684142,
        null,
        0.16666666666666666,
        0.0,
        0.10256410256410256,
        0.10764872521246459,
        null,
        0.047619047619047616,
        0.20952380952380953,
        0.15384615384615385,
        null,
        0.3181818181818182,
        0.1,
        0.0,
        0.05813953488372093,
        null,
        0.03225806451612903,
        null,
        null,
        0.16666666666666666,
        null,
        0.08547008547008547,
        0.36363636363636365,
        0.05813953488372093,
        null,
        null,
        0.0,
        null,
        0.2076271186440678,
        0.24806201550387597,
        0.13274336283185842,
        0.1322314049586777,
        0.056818181818181816,
        0.1323529411764706,
        0.1935483870967742,
        0.1702127659574468,
        0.16194331983805668,
        0.23684210526315788,
        0.22949640287769785,
        0.0,
        0.0,
        0.11138613861386139,
        0.3333333333333333,
        0.1796875,
        0.25,
        0.11475409836065574,
        0.3032258064516129,
        0.18181818181818182,
        0.2916666666666667,
        0.7,
        0.08823529411764706,
        0.47619047619047616,
        0.1686746987951807,
        0.0
    ],
    "ref_normal_samples": [
        "Patient_1",
        "T166",
        "VUHD076",
        "NP14",
        "THD0012",
        "dd39p",
        "QZY9VQng",
        "A37",
        "D326",
        "A47",
        "T126",
        "2020-3173-NC007",
        "NP22",
        "NP26",
        "098C",
        "NP39",
        "NP15",
        "D339",
        "DD046Q",
        "lafy_donor_4",
        "donor 3",
        "296C",
        "muc4659",
        "NP35",
        "284C",
        "GSM4593897",
        "THD0006",
        "SAMN15153963",
        "192C"
    ],
    "que_normal_samples": [
        "A40",
        "D344",
        "donor 2",
        "T90",
        "A26",
        "226C",
        "Donor_06",
        "A44",
        "NP27",
        "356C",
        "muc9833",
        "465C",
        "T121",
        "Donor_08",
        "VUHD92",
        "D353",
        "D239",
        "SAMN15153956",
        "VUHD70",
        "GRO-03",
        "VUHD107",
        "muc3843",
        "BG9_33",
        "GRO-07",
        "THD0017",
        "368C",
        "NP11",
        "BG9_3",
        "GRO-01",
        "LuT_437"
    ],
    "que_disease_samples": [
        "034I",
        "VUILD59",
        "VUILD61",
        "TILD028",
        "IPF_02",
        "TILD006",
        "063I",
        "158I",
        "225I",
        "041I",
        "IPF3",
        "210I",
        "221I",
        "TILD015",
        "177I",
        "59I",
        "145I",
        "VUILD65",
        "040I",
        "135I",
        "VUILD63",
        "214I",
        "IPF_01",
        "025I",
        "VUILD53",
        "VUILD64"
    ],
    "que_samples": [
        "A40",
        "D344",
        "donor 2",
        "T90",
        "A26",
        "226C",
        "Donor_06",
        "A44",
        "NP27",
        "356C",
        "muc9833",
        "465C",
        "T121",
        "Donor_08",
        "VUHD92",
        "D353",
        "D239",
        "SAMN15153956",
        "VUHD70",
        "GRO-03",
        "VUHD107",
        "muc3843",
        "BG9_33",
        "GRO-07",
        "THD0017",
        "368C",
        "NP11",
        "BG9_3",
        "GRO-01",
        "LuT_437",
        "034I",
        "VUILD59",
        "VUILD61",
        "TILD028",
        "IPF_02",
        "TILD006",
        "063I",
        "158I",
        "225I",
        "041I",
        "IPF3",
        "210I",
        "221I",
        "TILD015",
        "177I",
        "59I",
        "145I",
        "VUILD65",
        "040I",
        "135I",
        "VUILD63",
        "214I",
        "IPF_01",
        "025I",
        "VUILD53",
        "VUILD64"
    ]
}