{
    "problem": "healthy-reference-EC venous-200",
    "n_comps": 2.0,
    "optimal_k": 15.0,
    "optimal_p": 0.05499999999999993,
    "ratio-limit": 0.12,
    "accuracy": 0.7727272727272727,
    "precision": 0.8636363636363636,
    "recall": 0.7307692307692307,
    "f1": 0.7916666666666666,
    "outlier_ratio_ref_datasets": [
        0.06684141546526867,
        null,
        0.045454545454545456,
        null,
        null,
        0.2,
        0.10294117647058823,
        null,
        null,
        0.12,
        0.0,
        null,
        null,
        0.07692307692307693,
        0.0,
        null,
        0.06666666666666667,
        0.042735042735042736,
        null,
        0.03363914373088685,
        null,
        null,
        0.058823529411764705,
        0.10476190476190476,
        0.030534351145038167,
        0.023809523809523808,
        null,
        null,
        0.008064516129032258
    ],
    "outlier_ratio_que_datasets": [
        0.013774104683195593,
        null,
        0.08695652173913043,
        0.0,
        0.0,
        0.08781869688385269,
        null,
        0.047619047619047616,
        0.38461538461538464,
        0.05333333333333334,
        null,
        0.4444444444444444,
        0.0,
        0.045454545454545456,
        0.03333333333333333,
        null,
        0.0,
        null,
        0.0,
        null,
        null,
        0.16666666666666666,
        null,
        0.038461538461538464,
        0.011627906976744186,
        null,
        null,
        null,
        null,
        0.034482758620689655,
        0.4507042253521127,
        0.2584745762711864,
        0.10852713178294573,
        0.13253012048192772,
        0.02654867256637168,
        0.19559228650137742,
        0.15806451612903225,
        0.0,
        0.10784313725490197,
        0.47692307692307695,
        0.1276595744680851,
        0.30364372469635625,
        0.25396825396825395,
        0.4066390041493776,
        0.0,
        0.125,
        0.5882352941176471,
        0.4765625,
        0.25,
        0.2222222222222222,
        0.07692307692307693,
        0.49032258064516127,
        0.15384615384615385,
        0.47465437788018433,
        0.47619047619047616,
        0.0
    ],
    "ref_normal_samples": [
        "donor 2",
        "VUHD076",
        "DD046Q",
        "NP26",
        "dd39p",
        "D344",
        "Patient_1",
        "VUHD107",
        "NP27",
        "A40",
        "THD0017",
        "T121",
        "NP35",
        "Donor_06",
        "GRO-01",
        "LuT_437",
        "THD0006",
        "GRO-07",
        "T166",
        "donor 3",
        "GSM4593897",
        "2020-3173-NC007",
        "296C",
        "muc9833",
        "D326",
        "A26",
        "muc4659",
        "A47",
        "VUHD70"
    ],
    "que_normal_samples": [
        "D339",
        "T90",
        "098C",
        "226C",
        "THD0012",
        "A44",
        "NP15",
        "356C",
        "192C",
        "lafy_donor_4",
        "SAMN15153963",
        "QZY9VQng",
        "465C",
        "Donor_08",
        "VUHD92",
        "T126",
        "D353",
        "NP22",
        "D239",
        "SAMN15153956",
        "GRO-03",
        "muc3843",
        "BG9_33",
        "A37",
        "368C",
        "NP14",
        "NP11",
        "BG9_3",
        "NP39",
        "284C"
    ],
    "que_disease_samples": [
        "051I",
        "034I",
        "VUILD59",
        "166I",
        "VUILD61",
        "TILD028",
        "IPF2",
        "IPF_04",
        "TILD006",
        "138I",
        "158I",
        "225I",
        "228I",
        "022I",
        "210I",
        "221I",
        "29I",
        "59I",
        "145I",
        "212I",
        "TILD010",
        "040I",
        "174I",
        "021I",
        "025I",
        "VUILD64"
    ],
    "que_samples": [
        "D339",
        "T90",
        "098C",
        "226C",
        "THD0012",
        "A44",
        "NP15",
        "356C",
        "192C",
        "lafy_donor_4",
        "SAMN15153963",
        "QZY9VQng",
        "465C",
        "Donor_08",
        "VUHD92",
        "T126",
        "D353",
        "NP22",
        "D239",
        "SAMN15153956",
        "GRO-03",
        "muc3843",
        "BG9_33",
        "A37",
        "368C",
        "NP14",
        "NP11",
        "BG9_3",
        "NP39",
        "284C",
        "051I",
        "034I",
        "VUILD59",
        "166I",
        "VUILD61",
        "TILD028",
        "IPF2",
        "IPF_04",
        "TILD006",
        "138I",
        "158I",
        "225I",
        "228I",
        "022I",
        "210I",
        "221I",
        "29I",
        "59I",
        "145I",
        "212I",
        "TILD010",
        "040I",
        "174I",
        "021I",
        "025I",
        "VUILD64"
    ]
}