{
    "problem": "healthy-reference-EC venous-300",
    "n_comps": 4.0,
    "optimal_k": 14.0,
    "optimal_p": 0.04500000000000003,
    "ratio-limit": 0.2,
    "accuracy": 0.6888888888888889,
    "precision": 0.6764705882352942,
    "recall": 0.8846153846153846,
    "f1": 0.7666666666666667,
    "outlier_ratio_ref_datasets": [
        null,
        0.0,
        null,
        0.2,
        0.0,
        null,
        0.0,
        null,
        null,
        0.04838709677419355,
        0.10256410256410256,
        0.08139534883720931,
        null,
        null,
        0.18666666666666668,
        null,
        0.0,
        1.0,
        null,
        0.12181303116147309,
        0.09523809523809523,
        null,
        null,
        0.005509641873278237,
        null,
        0.09523809523809523,
        null,
        null,
        0.045454545454545456
    ],
    "outlier_ratio_que_datasets": [
        0.0,
        0.23328964613368283,
        0.30434782608695654,
        0.21176470588235294,
        0.02857142857142857,
        null,
        0.07792207792207792,
        0.10091743119266056,
        null,
        null,
        0.5294117647058824,
        0.5384615384615384,
        0.2761904761904762,
        0.8888888888888888,
        0.38461538461538464,
        null,
        null,
        0.05813953488372093,
        null,
        0.5833333333333334,
        null,
        0.07692307692307693,
        0.36363636363636365,
        null,
        0.1076923076923077,
        null,
        0.0,
        null,
        null,
        0.4482758620689655,
        0.5492957746478874,
        0.06818181818181818,
        0.45454545454545453,
        0.375,
        0.4727272727272727,
        0.4166666666666667,
        0.23529411764705882,
        0.3763440860215054,
        0.4089068825910931,
        0.21151079136690648,
        0.5,
        0.6470588235294118,
        0.8333333333333334,
        1.0,
        0.5333333333333333,
        0.6666666666666666,
        0.19230769230769232,
        0.41025641025641024,
        0.17592592592592593,
        0.3181818181818182,
        0.8,
        0.29411764705882354,
        0.37777777777777777,
        0.5714285714285714,
        0.8125,
        0.3333333333333333
    ],
    "ref_normal_samples": [
        "GRO-03",
        "D326",
        "VUHD076",
        "A40",
        "VUHD92",
        "NP39",
        "D353",
        "A47",
        "SAMN15153956",
        "VUHD70",
        "Donor_06",
        "368C",
        "2020-3173-NC007",
        "NP11",
        "lafy_donor_4",
        "SAMN15153963",
        "THD0006",
        "226C",
        "muc4659",
        "A44",
        "A26",
        "T126",
        "NP14",
        "D339",
        "T90",
        "356C",
        "BG9_3",
        "NP22",
        "Donor_08"
    ],
    "que_normal_samples": [
        "D344",
        "donor 2",
        "098C",
        "Patient_1",
        "THD0012",
        "GSM4593897",
        "DD046Q",
        "donor 3",
        "NP15",
        "NP27",
        "296C",
        "192C",
        "muc9833",
        "QZY9VQng",
        "465C",
        "T121",
        "T166",
        "D239",
        "VUHD107",
        "muc3843",
        "BG9_33",
        "GRO-07",
        "THD0017",
        "dd39p",
        "A37",
        "NP26",
        "GRO-01",
        "NP35",
        "LuT_437",
        "284C"
    ],
    "que_disease_samples": [
        "051I",
        "IPF_02",
        "49I",
        "IPF1",
        "157I",
        "123I",
        "TILD006",
        "063I",
        "225I",
        "IPF3",
        "210I",
        "29I",
        "177I",
        "145I",
        "179I",
        "212I",
        "TILD010",
        "174I",
        "Cryobiopsy_01",
        "135I",
        "214I",
        "IPF_01",
        "TILD001",
        "025I",
        "47I",
        "VUILD64"
    ],
    "que_samples": [
        "D344",
        "donor 2",
        "098C",
        "Patient_1",
        "THD0012",
        "GSM4593897",
        "DD046Q",
        "donor 3",
        "NP15",
        "NP27",
        "296C",
        "192C",
        "muc9833",
        "QZY9VQng",
        "465C",
        "T121",
        "T166",
        "D239",
        "VUHD107",
        "muc3843",
        "BG9_33",
        "GRO-07",
        "THD0017",
        "dd39p",
        "A37",
        "NP26",
        "GRO-01",
        "NP35",
        "LuT_437",
        "284C",
        "051I",
        "IPF_02",
        "49I",
        "IPF1",
        "157I",
        "123I",
        "TILD006",
        "063I",
        "225I",
        "IPF3",
        "210I",
        "29I",
        "177I",
        "145I",
        "179I",
        "212I",
        "TILD010",
        "174I",
        "Cryobiopsy_01",
        "135I",
        "214I",
        "IPF_01",
        "TILD001",
        "025I",
        "47I",
        "VUILD64"
    ]
}