{
    "problem": "healthy-reference-EC venous-400",
    "n_comps": 4.0,
    "optimal_k": 14.0,
    "optimal_p": 0.059999999999999935,
    "ratio-limit": 0.16,
    "accuracy": 0.6904761904761905,
    "precision": 0.8095238095238095,
    "recall": 0.6538461538461539,
    "f1": 0.723404255319149,
    "outlier_ratio_ref_datasets": [
        0.0,
        0.03488372093023256,
        null,
        0.0,
        null,
        0.043478260869565216,
        null,
        0.0,
        null,
        null,
        null,
        0.15384615384615385,
        null,
        null,
        null,
        0.0,
        null,
        0.045454545454545456,
        0.046153846153846156,
        0.09117647058823529,
        0.0655307994757536,
        0.10764872521246459,
        0.16,
        0.1523809523809524,
        0.034482758620689655,
        0.05198776758409786,
        null,
        0.0,
        0.005509641873278237
    ],
    "outlier_ratio_que_datasets": [
        0.0,
        null,
        0.023809523809523808,
        null,
        0.0,
        0.02564102564102564,
        0.02857142857142857,
        null,
        null,
        0.3076923076923077,
        0.02666666666666667,
        0.0,
        null,
        0.2222222222222222,
        0.0,
        null,
        null,
        0.008064516129032258,
        null,
        null,
        null,
        0.16666666666666666,
        null,
        0.017094017094017096,
        0.18181818181818182,
        null,
        0.03488372093023256,
        null,
        0.0,
        null,
        0.2245762711864407,
        0.36363636363636365,
        0.0,
        0.11935483870967742,
        0.08333333333333333,
        0.11764705882352941,
        0.2692307692307692,
        0.1702127659574468,
        0.2793522267206478,
        0.3815789473684211,
        0.13237410071942446,
        0.10344827586206896,
        0.2222222222222222,
        0.0,
        0.47058823529411764,
        0.16336633663366337,
        0.3333333333333333,
        0.3671875,
        0.25,
        0.4444444444444444,
        0.21428571428571427,
        0.009259259259259259,
        0.125,
        0.37327188940092165,
        0.3111111111111111,
        0.1927710843373494
    ],
    "ref_normal_samples": [
        "296C",
        "D239",
        "NP15",
        "THD0006",
        "BG9_3",
        "098C",
        "SAMN15153956",
        "VUHD92",
        "NP14",
        "LuT_437",
        "T166",
        "465C",
        "A47",
        "VUHD076",
        "NP39",
        "356C",
        "T121",
        "DD046Q",
        "A37",
        "Patient_1",
        "donor 2",
        "A44",
        "A40",
        "muc9833",
        "284C",
        "donor 3",
        "NP26",
        "D353",
        "D339"
    ],
    "que_normal_samples": [
        "D344",
        "T90",
        "A26",
        "2020-3173-NC007",
        "226C",
        "Donor_06",
        "THD0012",
        "GSM4593897",
        "NP27",
        "192C",
        "lafy_donor_4",
        "D326",
        "SAMN15153963",
        "QZY9VQng",
        "Donor_08",
        "T126",
        "NP22",
        "VUHD70",
        "GRO-03",
        "VUHD107",
        "muc4659",
        "muc3843",
        "BG9_33",
        "GRO-07",
        "THD0017",
        "dd39p",
        "368C",
        "NP11",
        "GRO-01",
        "NP35"
    ],
    "que_disease_samples": [
        "034I",
        "49I",
        "IPF1",
        "IPF2",
        "IPF_04",
        "TILD006",
        "138I",
        "158I",
        "225I",
        "041I",
        "IPF3",
        "222I",
        "228I",
        "210I",
        "29I",
        "TILD015",
        "177I",
        "59I",
        "145I",
        "212I",
        "053I",
        "Cryobiopsy_01",
        "VUILD63",
        "021I",
        "TILD001",
        "VUILD53"
    ],
    "que_samples": [
        "D344",
        "T90",
        "A26",
        "2020-3173-NC007",
        "226C",
        "Donor_06",
        "THD0012",
        "GSM4593897",
        "NP27",
        "192C",
        "lafy_donor_4",
        "D326",
        "SAMN15153963",
        "QZY9VQng",
        "Donor_08",
        "T126",
        "NP22",
        "VUHD70",
        "GRO-03",
        "VUHD107",
        "muc4659",
        "muc3843",
        "BG9_33",
        "GRO-07",
        "THD0017",
        "dd39p",
        "368C",
        "NP11",
        "GRO-01",
        "NP35",
        "034I",
        "49I",
        "IPF1",
        "IPF2",
        "IPF_04",
        "TILD006",
        "138I",
        "158I",
        "225I",
        "041I",
        "IPF3",
        "222I",
        "228I",
        "210I",
        "29I",
        "TILD015",
        "177I",
        "59I",
        "145I",
        "212I",
        "053I",
        "Cryobiopsy_01",
        "VUILD63",
        "021I",
        "TILD001",
        "VUILD53"
    ]
}