{
    "problem": "healthy-reference-EC venous-500",
    "n_comps": 3.0,
    "optimal_k": 15.0,
    "optimal_p": 0.049999999999999926,
    "ratio-limit": 0.25333333333333335,
    "accuracy": 0.6829268292682927,
    "precision": 0.9333333333333333,
    "recall": 0.5384615384615384,
    "f1": 0.6829268292682927,
    "outlier_ratio_ref_datasets": [
        null,
        null,
        0.0,
        0.04032258064516129,
        null,
        null,
        null,
        0.023255813953488372,
        0.0,
        0.13333333333333333,
        0.05194805194805195,
        0.07142857142857142,
        0.25333333333333335,
        null,
        0.17391304347826086,
        0.0,
        null,
        0.06923076923076923,
        0.039755351681957186,
        0.6666666666666666,
        0.0,
        0.005509641873278237,
        null,
        0.8461538461538461,
        null,
        0.23529411764705882,
        null,
        1.0,
        0.12181303116147309
    ],
    "outlier_ratio_que_datasets": [
        0.04,
        0.18086500655307994,
        null,
        0.15294117647058825,
        0.1282051282051282,
        0.02857142857142857,
        null,
        0.0,
        0.07692307692307693,
        null,
        0.045454545454545456,
        0.03333333333333333,
        null,
        null,
        0.023255813953488372,
        null,
        null,
        0.25,
        null,
        0.042735042735042736,
        null,
        null,
        null,
        0.0,
        null,
        0.0,
        null,
        null,
        null,
        0.4827586206896552,
        0.04,
        0.3516949152542373,
        0.1524547803617571,
        0.26506024096385544,
        0.29201101928374656,
        0.03409090909090909,
        0.0,
        0.4166666666666667,
        0.16176470588235295,
        0.14893617021276595,
        0.4473684210526316,
        0.2413793103448276,
        0.5062240663900415,
        0.0,
        0.5234375,
        0.3333333333333333,
        0.01639344262295082,
        0.21428571428571427,
        0.5935483870967742,
        0.05555555555555555,
        0.5852534562211982,
        0.5,
        0.37777777777777777,
        0.6666666666666666,
        0.2891566265060241,
        0.0
    ],
    "ref_normal_samples": [
        "NP11",
        "T166",
        "D353",
        "VUHD70",
        "VUHD076",
        "NP15",
        "muc4659",
        "368C",
        "THD0017",
        "muc9833",
        "DD046Q",
        "A26",
        "lafy_donor_4",
        "SAMN15153956",
        "098C",
        "D344",
        "GSM4593897",
        "A37",
        "donor 3",
        "QZY9VQng",
        "356C",
        "D339",
        "T90",
        "192C",
        "T121",
        "296C",
        "SAMN15153963",
        "226C",
        "A44"
    ],
    "que_normal_samples": [
        "A40",
        "donor 2",
        "2020-3173-NC007",
        "Patient_1",
        "Donor_06",
        "THD0012",
        "NP27",
        "D326",
        "465C",
        "A47",
        "Donor_08",
        "VUHD92",
        "T126",
        "NP22",
        "D239",
        "GRO-03",
        "VUHD107",
        "muc3843",
        "BG9_33",
        "GRO-07",
        "dd39p",
        "NP26",
        "NP14",
        "THD0006",
        "BG9_3",
        "GRO-01",
        "NP35",
        "LuT_437",
        "NP39",
        "284C"
    ],
    "que_disease_samples": [
        "VUILD60",
        "034I",
        "VUILD59",
        "166I",
        "TILD028",
        "IPF_02",
        "IPF_04",
        "123I",
        "TILD006",
        "158I",
        "041I",
        "222I",
        "022I",
        "210I",
        "59I",
        "212I",
        "VUILD65",
        "053I",
        "040I",
        "Cryobiopsy_01",
        "021I",
        "214I",
        "TILD001",
        "025I",
        "VUILD53",
        "VUILD64"
    ],
    "que_samples": [
        "A40",
        "donor 2",
        "2020-3173-NC007",
        "Patient_1",
        "Donor_06",
        "THD0012",
        "NP27",
        "D326",
        "465C",
        "A47",
        "Donor_08",
        "VUHD92",
        "T126",
        "NP22",
        "D239",
        "GRO-03",
        "VUHD107",
        "muc3843",
        "BG9_33",
        "GRO-07",
        "dd39p",
        "NP26",
        "NP14",
        "THD0006",
        "BG9_3",
        "GRO-01",
        "NP35",
        "LuT_437",
        "NP39",
        "284C",
        "VUILD60",
        "034I",
        "VUILD59",
        "166I",
        "TILD028",
        "IPF_02",
        "IPF_04",
        "123I",
        "TILD006",
        "158I",
        "041I",
        "222I",
        "022I",
        "210I",
        "59I",
        "212I",
        "VUILD65",
        "053I",
        "040I",
        "Cryobiopsy_01",
        "021I",
        "214I",
        "TILD001",
        "025I",
        "VUILD53",
        "VUILD64"
    ]
}