{
    "problem": "healthy-reference-EC venous-600",
    "n_comps": 5.0,
    "optimal_k": 14.0,
    "optimal_p": 0.05499999999999993,
    "ratio-limit": 0.18095238095238095,
    "accuracy": 0.8222222222222222,
    "precision": 0.875,
    "recall": 0.8076923076923077,
    "f1": 0.84,
    "outlier_ratio_ref_datasets": [
        null,
        0.0,
        null,
        null,
        0.12058823529411765,
        null,
        0.07142857142857142,
        0.18095238095238095,
        0.16666666666666666,
        null,
        null,
        0.008264462809917356,
        0.36363636363636365,
        null,
        0.05813953488372093,
        null,
        0.16,
        null,
        null,
        null,
        0.05333333333333334,
        null,
        0.05128205128205128,
        0.05128205128205128,
        0.03225806451612903,
        null,
        0.0,
        0.07470511140235911,
        null
    ],
    "outlier_ratio_que_datasets": [
        0.0,
        0.21739130434782608,
        0.0,
        0.07792207792207792,
        0.07339449541284404,
        0.09915014164305949,
        null,
        0.047619047619047616,
        0.17647058823529413,
        0.23076923076923078,
        0.15384615384615385,
        null,
        0.09090909090909091,
        0.1,
        null,
        0.0,
        null,
        null,
        0.25,
        null,
        0.046153846153846156,
        null,
        0.06976744186046512,
        null,
        0.06666666666666667,
        null,
        0.0,
        null,
        null,
        0.10344827586206896,
        0.2923728813559322,
        0.20353982300884957,
        0.13513513513513514,
        0.3977272727272727,
        0.25,
        0.1935483870967742,
        0.23333333333333334,
        0.25,
        0.43636363636363634,
        0.21568627450980393,
        0.27692307692307694,
        0.3617021276595745,
        0.3157894736842105,
        0.4605263157894737,
        0.17338129496402876,
        0.17574257425742573,
        0.3333333333333333,
        0.25,
        0.21428571428571427,
        0.10185185185185185,
        0.2727272727272727,
        0.2916666666666667,
        0.4,
        0.11764705882352941,
        0.26666666666666666,
        0.5238095238095238
    ],
    "ref_normal_samples": [
        "NP15",
        "D326",
        "muc4659",
        "T121",
        "Patient_1",
        "GRO-03",
        "A26",
        "muc9833",
        "QZY9VQng",
        "LuT_437",
        "A47",
        "D339",
        "THD0017",
        "T90",
        "D239",
        "BG9_33",
        "A40",
        "NP11",
        "NP39",
        "SAMN15153963",
        "lafy_donor_4",
        "2020-3173-NC007",
        "Donor_06",
        "GRO-07",
        "VUHD70",
        "SAMN15153956",
        "226C",
        "donor 2",
        "GSM4593897"
    ],
    "que_normal_samples": [
        "D344",
        "098C",
        "THD0012",
        "DD046Q",
        "donor 3",
        "A44",
        "NP27",
        "356C",
        "296C",
        "192C",
        "465C",
        "T166",
        "Donor_08",
        "VUHD92",
        "T126",
        "D353",
        "NP22",
        "VUHD107",
        "muc3843",
        "dd39p",
        "A37",
        "NP26",
        "368C",
        "NP14",
        "THD0006",
        "BG9_3",
        "GRO-01",
        "NP35",
        "VUHD076",
        "284C"
    ],
    "que_disease_samples": [
        "034I",
        "VUILD61",
        "IPF_03",
        "49I",
        "IPF1",
        "IPF2",
        "010I",
        "IPF_04",
        "157I",
        "TILD006",
        "138I",
        "158I",
        "225I",
        "041I",
        "IPF3",
        "TILD015",
        "177I",
        "145I",
        "053I",
        "Cryobiopsy_01",
        "135I",
        "VUILD63",
        "214I",
        "IPF_01",
        "TILD001",
        "025I"
    ],
    "que_samples": [
        "D344",
        "098C",
        "THD0012",
        "DD046Q",
        "donor 3",
        "A44",
        "NP27",
        "356C",
        "296C",
        "192C",
        "465C",
        "T166",
        "Donor_08",
        "VUHD92",
        "T126",
        "D353",
        "NP22",
        "VUHD107",
        "muc3843",
        "dd39p",
        "A37",
        "NP26",
        "368C",
        "NP14",
        "THD0006",
        "BG9_3",
        "GRO-01",
        "NP35",
        "VUHD076",
        "284C",
        "034I",
        "VUILD61",
        "IPF_03",
        "49I",
        "IPF1",
        "IPF2",
        "010I",
        "IPF_04",
        "157I",
        "TILD006",
        "138I",
        "158I",
        "225I",
        "041I",
        "IPF3",
        "TILD015",
        "177I",
        "145I",
        "053I",
        "Cryobiopsy_01",
        "135I",
        "VUILD63",
        "214I",
        "IPF_01",
        "TILD001",
        "025I"
    ]
}