{
    "problem": "healthy-reference-EC venous-700",
    "n_comps": 10.0,
    "optimal_k": 7.0,
    "optimal_p": 0.1,
    "ratio-limit": 0.0,
    "accuracy": 0.4523809523809524,
    "precision": 0.5882352941176471,
    "recall": 0.38461538461538464,
    "f1": 0.46511627906976744,
    "outlier_ratio_ref_datasets": [
        0.0,
        null,
        null,
        null,
        0.0,
        0.0,
        0.0,
        null,
        0.0,
        0.0,
        0.0,
        null,
        0.0,
        0.0,
        0.0,
        0.0,
        0.0,
        0.0,
        null,
        0.0,
        0.0,
        null,
        null,
        0.0,
        0.0,
        null,
        null,
        null,
        0.0
    ],
    "outlier_ratio_que_datasets": [
        0.001310615989515072,
        0.0,
        null,
        0.0,
        null,
        0.0,
        0.0029411764705882353,
        0.0030581039755351682,
        null,
        null,
        0.058823529411764705,
        0.0,
        null,
        0.009523809523809525,
        0.07692307692307693,
        null,
        null,
        0.0,
        0.0,
        null,
        null,
        0.0,
        0.0,
        null,
        0.011627906976744186,
        null,
        0.0,
        null,
        null,
        null,
        0.014084507042253521,
        0.0,
        0.012048192771084338,
        0.0,
        0.0,
        0.0064516129032258064,
        0.0,
        0.0,
        0.0,
        0.0,
        0.014705882352941176,
        0.0,
        0.0,
        0.02127659574468085,
        0.0,
        0.004048582995951417,
        0.0,
        0.06666666666666667,
        0.0,
        0.012903225806451613,
        0.02564102564102564,
        0.0,
        0.0,
        0.047619047619047616,
        0.0,
        0.0
    ],
    "ref_normal_samples": [
        "Donor_06",
        "VUHD076",
        "GSM4593897",
        "T121",
        "THD0017",
        "DD046Q",
        "D353",
        "VUHD107",
        "THD0006",
        "192C",
        "A40",
        "GRO-03",
        "D239",
        "098C",
        "VUHD70",
        "284C",
        "A44",
        "lafy_donor_4",
        "muc4659",
        "356C",
        "THD0012",
        "NP11",
        "NP14",
        "muc3843",
        "QZY9VQng",
        "BG9_33",
        "dd39p",
        "T126",
        "D344"
    ],
    "que_normal_samples": [
        "donor 2",
        "D339",
        "T90",
        "A26",
        "2020-3173-NC007",
        "226C",
        "Patient_1",
        "donor 3",
        "NP15",
        "NP27",
        "296C",
        "D326",
        "SAMN15153963",
        "muc9833",
        "465C",
        "A47",
        "T166",
        "Donor_08",
        "VUHD92",
        "NP22",
        "SAMN15153956",
        "GRO-07",
        "A37",
        "NP26",
        "368C",
        "BG9_3",
        "GRO-01",
        "NP35",
        "LuT_437",
        "NP39"
    ],
    "que_disease_samples": [
        "051I",
        "VUILD60",
        "166I",
        "IPF_03",
        "IPF_02",
        "IPF2",
        "010I",
        "IPF_04",
        "157I",
        "123I",
        "TILD006",
        "138I",
        "063I",
        "158I",
        "209I",
        "225I",
        "221I",
        "179I",
        "053I",
        "040I",
        "174I",
        "214I",
        "IPF_01",
        "025I",
        "47I",
        "VUILD64"
    ],
    "que_samples": [
        "donor 2",
        "D339",
        "T90",
        "A26",
        "2020-3173-NC007",
        "226C",
        "Patient_1",
        "donor 3",
        "NP15",
        "NP27",
        "296C",
        "D326",
        "SAMN15153963",
        "muc9833",
        "465C",
        "A47",
        "T166",
        "Donor_08",
        "VUHD92",
        "NP22",
        "SAMN15153956",
        "GRO-07",
        "A37",
        "NP26",
        "368C",
        "BG9_3",
        "GRO-01",
        "NP35",
        "LuT_437",
        "NP39",
        "051I",
        "VUILD60",
        "166I",
        "IPF_03",
        "IPF_02",
        "IPF2",
        "010I",
        "IPF_04",
        "157I",
        "123I",
        "TILD006",
        "138I",
        "063I",
        "158I",
        "209I",
        "225I",
        "221I",
        "179I",
        "053I",
        "040I",
        "174I",
        "214I",
        "IPF_01",
        "025I",
        "47I",
        "VUILD64"
    ]
}