{
    "problem": "healthy-reference-EC venous-800",
    "n_comps": 4.0,
    "optimal_k": 13.0,
    "optimal_p": 0.05499999999999993,
    "ratio-limit": 0.15,
    "accuracy": 0.6976744186046512,
    "precision": 0.76,
    "recall": 0.7307692307692307,
    "f1": 0.7450980392156863,
    "outlier_ratio_ref_datasets": [
        null,
        0.03333333333333333,
        0.024193548387096774,
        0.008264462809917356,
        0.0,
        null,
        null,
        null,
        0.3076923076923077,
        null,
        0.06946264744429882,
        null,
        0.06493506493506493,
        null,
        0.08461538461538462,
        null,
        null,
        0.15,
        0.023255813953488372,
        0.0,
        null,
        0.0,
        null,
        0.11764705882352941,
        0.0,
        null,
        0.05813953488372093,
        0.02564102564102564,
        0.043478260869565216
    ],
    "outlier_ratio_que_datasets": [
        0.2,
        0.0,
        null,
        0.047619047619047616,
        null,
        0.0,
        null,
        0.09174311926605505,
        0.12464589235127478,
        null,
        null,
        0.14285714285714285,
        0.013333333333333334,
        null,
        0.21904761904761905,
        0.3888888888888889,
        0.23076923076923078,
        null,
        0.0,
        null,
        null,
        0.25,
        0.08547008547008547,
        0.2727272727272727,
        null,
        null,
        0.0,
        null,
        null,
        0.10344827586206896,
        0.08,
        0.3432203389830508,
        0.16279069767441862,
        0.18584070796460178,
        0.1891891891891892,
        0.25,
        0.13333333333333333,
        0.08333333333333333,
        0.20098039215686275,
        0.2553191489361702,
        0.38461538461538464,
        0.47368421052631576,
        0.1920863309352518,
        0.2413793103448276,
        0.4126984126984127,
        0.36099585062240663,
        0.125,
        0.2301980198019802,
        0.4444444444444444,
        0.35714285714285715,
        0.037037037037037035,
        0.2727272727272727,
        0.125,
        0.6666666666666666,
        0.37349397590361444,
        0.0
    ],
    "ref_normal_samples": [
        "BG9_33",
        "VUHD92",
        "VUHD70",
        "D339",
        "Donor_08",
        "T121",
        "NP14",
        "T126",
        "192C",
        "dd39p",
        "donor 2",
        "VUHD076",
        "DD046Q",
        "VUHD107",
        "A37",
        "LuT_437",
        "NP22",
        "Patient_1",
        "D239",
        "D326",
        "A47",
        "THD0012",
        "BG9_3",
        "296C",
        "THD0006",
        "SAMN15153956",
        "368C",
        "Donor_06",
        "098C"
    ],
    "que_normal_samples": [
        "A40",
        "D344",
        "T90",
        "A26",
        "2020-3173-NC007",
        "226C",
        "GSM4593897",
        "donor 3",
        "A44",
        "NP15",
        "NP27",
        "356C",
        "lafy_donor_4",
        "SAMN15153963",
        "muc9833",
        "QZY9VQng",
        "465C",
        "T166",
        "D353",
        "GRO-03",
        "muc4659",
        "muc3843",
        "GRO-07",
        "THD0017",
        "NP26",
        "NP11",
        "GRO-01",
        "NP35",
        "NP39",
        "284C"
    ],
    "que_disease_samples": [
        "VUILD60",
        "034I",
        "VUILD59",
        "VUILD61",
        "IPF_03",
        "IPF1",
        "010I",
        "IPF_04",
        "TILD006",
        "158I",
        "225I",
        "041I",
        "IPF3",
        "222I",
        "228I",
        "022I",
        "221I",
        "TILD015",
        "212I",
        "053I",
        "Cryobiopsy_01",
        "135I",
        "VUILD63",
        "025I",
        "VUILD53",
        "VUILD64"
    ],
    "que_samples": [
        "A40",
        "D344",
        "T90",
        "A26",
        "2020-3173-NC007",
        "226C",
        "GSM4593897",
        "donor 3",
        "A44",
        "NP15",
        "NP27",
        "356C",
        "lafy_donor_4",
        "SAMN15153963",
        "muc9833",
        "QZY9VQng",
        "465C",
        "T166",
        "D353",
        "GRO-03",
        "muc4659",
        "muc3843",
        "GRO-07",
        "THD0017",
        "NP26",
        "NP11",
        "GRO-01",
        "NP35",
        "NP39",
        "284C",
        "VUILD60",
        "034I",
        "VUILD59",
        "VUILD61",
        "IPF_03",
        "IPF1",
        "010I",
        "IPF_04",
        "TILD006",
        "158I",
        "225I",
        "041I",
        "IPF3",
        "222I",
        "228I",
        "022I",
        "221I",
        "TILD015",
        "212I",
        "053I",
        "Cryobiopsy_01",
        "135I",
        "VUILD63",
        "025I",
        "VUILD53",
        "VUILD64"
    ]
}