{
    "problem": "healthy-reference-EC venous-900",
    "n_comps": 5.0,
    "optimal_k": 15.0,
    "optimal_p": 0.06499999999999995,
    "ratio-limit": 0.2727272727272727,
    "accuracy": 0.6744186046511628,
    "precision": 0.75,
    "recall": 0.6923076923076923,
    "f1": 0.72,
    "outlier_ratio_ref_datasets": [
        null,
        0.0672782874617737,
        null,
        0.05813953488372093,
        0.09523809523809523,
        null,
        0.30434782608695654,
        0.2727272727272727,
        0.13031161473087818,
        0.05384615384615385,
        0.21333333333333335,
        0.0,
        0.10256410256410256,
        null,
        null,
        0.03488372093023256,
        null,
        0.0,
        0.047619047619047616,
        0.13333333333333333,
        0.0,
        null,
        null,
        null,
        0.3333333333333333,
        null,
        0.0,
        null,
        null
    ],
    "outlier_ratio_que_datasets": [
        0.08,
        0.0,
        0.24246395806028834,
        null,
        1.0,
        0.18529411764705883,
        0.02857142857142857,
        null,
        0.09090909090909091,
        null,
        0.35294117647058826,
        0.6923076923076923,
        0.8333333333333334,
        0.3076923076923077,
        0.045454545454545456,
        0.2,
        null,
        null,
        0.03225806451612903,
        null,
        null,
        0.06837606837606838,
        null,
        null,
        null,
        null,
        0.0,
        null,
        null,
        0.5172413793103449,
        0.08,
        0.3220338983050847,
        0.24806201550387597,
        0.3373493975903614,
        0.07954545454545454,
        0.3977272727272727,
        0.4,
        0.19117647058823528,
        0.5461538461538461,
        0.3655913978494624,
        0.3617021276595745,
        0.3902439024390244,
        0.3492063492063492,
        0.46887966804979253,
        0.8333333333333334,
        0.6666666666666666,
        0.18032786885245902,
        0.19230769230769232,
        0.567741935483871,
        0.07407407407407407,
        0.5,
        0.19117647058823528,
        0.28888888888888886,
        0.6666666666666666,
        0.875,
        0.3493975903614458
    ],
    "ref_normal_samples": [
        "VUHD107",
        "donor 3",
        "SAMN15153963",
        "368C",
        "A26",
        "BG9_33",
        "098C",
        "THD0017",
        "A44",
        "A37",
        "lafy_donor_4",
        "D339",
        "Donor_06",
        "T121",
        "VUHD076",
        "D239",
        "A47",
        "D353",
        "356C",
        "muc9833",
        "THD0006",
        "SAMN15153956",
        "2020-3173-NC007",
        "T166",
        "muc3843",
        "LuT_437",
        "D326",
        "NP26",
        "NP15"
    ],
    "que_normal_samples": [
        "A40",
        "D344",
        "donor 2",
        "T90",
        "226C",
        "Patient_1",
        "THD0012",
        "GSM4593897",
        "DD046Q",
        "NP27",
        "296C",
        "192C",
        "QZY9VQng",
        "465C",
        "Donor_08",
        "VUHD92",
        "T126",
        "NP22",
        "VUHD70",
        "GRO-03",
        "muc4659",
        "GRO-07",
        "dd39p",
        "NP14",
        "NP11",
        "BG9_3",
        "GRO-01",
        "NP35",
        "NP39",
        "284C"
    ],
    "que_disease_samples": [
        "VUILD60",
        "034I",
        "VUILD59",
        "166I",
        "IPF_02",
        "49I",
        "157I",
        "TILD006",
        "138I",
        "063I",
        "158I",
        "209I",
        "228I",
        "022I",
        "177I",
        "179I",
        "VUILD65",
        "TILD010",
        "040I",
        "Cryobiopsy_01",
        "214I",
        "IPF_01",
        "TILD001",
        "025I",
        "47I",
        "VUILD53"
    ],
    "que_samples": [
        "A40",
        "D344",
        "donor 2",
        "T90",
        "226C",
        "Patient_1",
        "THD0012",
        "GSM4593897",
        "DD046Q",
        "NP27",
        "296C",
        "192C",
        "QZY9VQng",
        "465C",
        "Donor_08",
        "VUHD92",
        "T126",
        "NP22",
        "VUHD70",
        "GRO-03",
        "muc4659",
        "GRO-07",
        "dd39p",
        "NP14",
        "NP11",
        "BG9_3",
        "GRO-01",
        "NP35",
        "NP39",
        "284C",
        "VUILD60",
        "034I",
        "VUILD59",
        "166I",
        "IPF_02",
        "49I",
        "157I",
        "TILD006",
        "138I",
        "063I",
        "158I",
        "209I",
        "228I",
        "022I",
        "177I",
        "179I",
        "VUILD65",
        "TILD010",
        "040I",
        "Cryobiopsy_01",
        "214I",
        "IPF_01",
        "TILD001",
        "025I",
        "47I",
        "VUILD53"
    ]
}