{
    "problem": "healthy-reference-Monocytes-0",
    "n_comps": 25.0,
    "optimal_k": 4.0,
    "optimal_p": 0.1,
    "ratio-limit": 0.008771929824561403,
    "accuracy": 0.5510204081632653,
    "precision": 0.7,
    "recall": 0.2692307692307692,
    "f1": 0.3888888888888889,
    "outlier_ratio_ref_datasets": [
        0.0,
        0.0,
        0.0,
        0.0,
        0.0012254901960784314,
        0.0,
        null,
        0.022099447513812154,
        0.0,
        0.0,
        0.008771929824561403,
        0.0,
        0.0,
        0.0554675118858954,
        null,
        0.00697350069735007,
        0.004662004662004662,
        0.0,
        0.004273504273504274,
        0.0,
        null,
        null,
        0.0,
        0.0,
        0.0,
        null,
        0.007233273056057866,
        null,
        null
    ],
    "outlier_ratio_que_datasets": [
        0.004997223764575236,
        0.0,
        0.0,
        0.009230769230769232,
        0.0,
        0.006557377049180328,
        0.020618556701030927,
        null,
        0.003669724770642202,
        0.0,
        0.009900990099009901,
        0.0,
        0.0,
        null,
        null,
        null,
        0.005208333333333333,
        0.0,
        0.0,
        0.0,
        null,
        0.0,
        null,
        0.0,
        null,
        0.0,
        0.0,
        0.0,
        0.0,
        0.0,
        0.020202020202020204,
        0.006125574272588055,
        0.021052631578947368,
        0.0,
        0.007633587786259542,
        0.030100334448160536,
        0.014925373134328358,
        0.0035087719298245615,
        0.011111111111111112,
        0.0,
        0.0,
        0.002680965147453083,
        0.005012531328320802,
        0.0,
        0.01694915254237288,
        0.006711409395973154,
        0.038461538461538464,
        0.0,
        0.0,
        0.003194888178913738,
        0.0,
        0.008695652173913044,
        0.006211180124223602,
        0.0,
        0.007462686567164179,
        0.0
    ],
    "ref_normal_samples": [
        "NP35",
        "muc9833",
        "368C",
        "465C",
        "donor 2",
        "NP15",
        "T126",
        "VUHD92",
        "QZY9VQng",
        "296C",
        "Donor_08",
        "D326",
        "VUHD70",
        "DD046Q",
        "BG9_3",
        "226C",
        "356C",
        "GRO-07",
        "A26",
        "VUHD107",
        "GRO-01",
        "NP22",
        "Patient_1",
        "NP14",
        "muc4659",
        "T90",
        "lafy_donor_4",
        "NP39",
        "NP27"
    ],
    "que_normal_samples": [
        "A40",
        "D344",
        "D339",
        "098C",
        "2020-3173-NC007",
        "Donor_06",
        "THD0012",
        "GSM4593897",
        "donor 3",
        "A44",
        "192C",
        "SAMN15153963",
        "A47",
        "T121",
        "T166",
        "D353",
        "D239",
        "SAMN15153956",
        "GRO-03",
        "muc3843",
        "BG9_33",
        "THD0017",
        "dd39p",
        "A37",
        "NP26",
        "THD0006",
        "NP11",
        "LuT_437",
        "VUHD076",
        "284C"
    ],
    "que_disease_samples": [
        "VUILD60",
        "166I",
        "IPF_03",
        "IPF_02",
        "49I",
        "IPF2",
        "010I",
        "157I",
        "138I",
        "063I",
        "158I",
        "222I",
        "022I",
        "29I",
        "59I",
        "179I",
        "VUILD65",
        "TILD010",
        "Cryobiopsy_01",
        "135I",
        "VUILD63",
        "214I",
        "IPF_01",
        "TILD001",
        "025I",
        "VUILD64"
    ],
    "que_samples": [
        "A40",
        "D344",
        "D339",
        "098C",
        "2020-3173-NC007",
        "Donor_06",
        "THD0012",
        "GSM4593897",
        "donor 3",
        "A44",
        "192C",
        "SAMN15153963",
        "A47",
        "T121",
        "T166",
        "D353",
        "D239",
        "SAMN15153956",
        "GRO-03",
        "muc3843",
        "BG9_33",
        "THD0017",
        "dd39p",
        "A37",
        "NP26",
        "THD0006",
        "NP11",
        "LuT_437",
        "VUHD076",
        "284C",
        "VUILD60",
        "166I",
        "IPF_03",
        "IPF_02",
        "49I",
        "IPF2",
        "010I",
        "157I",
        "138I",
        "063I",
        "158I",
        "222I",
        "022I",
        "29I",
        "59I",
        "179I",
        "VUILD65",
        "TILD010",
        "Cryobiopsy_01",
        "135I",
        "VUILD63",
        "214I",
        "IPF_01",
        "TILD001",
        "025I",
        "VUILD64"
    ]
}