{
    "problem": "healthy-reference-Monocytes-100",
    "n_comps": 21.0,
    "optimal_k": 4.0,
    "optimal_p": 0.1,
    "ratio-limit": 0.0,
    "accuracy": 0.5306122448979592,
    "precision": 0.6153846153846154,
    "recall": 0.3076923076923077,
    "f1": 0.41025641025641024,
    "outlier_ratio_ref_datasets": [
        0.0,
        null,
        0.0,
        0.0,
        0.0,
        null,
        0.0,
        0.0,
        0.0,
        0.0,
        null,
        0.0,
        null,
        null,
        0.003076923076923077,
        null,
        0.0,
        0.0,
        0.030110935023771792,
        0.0018083182640144665,
        0.001834862385321101,
        0.0,
        0.0,
        0.0,
        0.0,
        null,
        0.0,
        0.0,
        0.0
    ],
    "outlier_ratio_que_datasets": [
        0.001665741254858412,
        0.0,
        0.0012254901960784314,
        null,
        0.0,
        0.0041841004184100415,
        0.0,
        0.0,
        null,
        0.0,
        0.0,
        0.0,
        null,
        0.0,
        0.0055248618784530384,
        null,
        0.0026041666666666665,
        0.0,
        0.0,
        0.0,
        0.0,
        0.0,
        null,
        0.0,
        0.0,
        0.0,
        0.0,
        null,
        null,
        0.0,
        0.0064516129032258064,
        0.0,
        0.00684931506849315,
        0.0,
        0.0,
        0.005,
        0.0,
        0.003205128205128205,
        0.002171552660152009,
        0.0,
        0.0,
        0.0,
        0.0,
        0.004325259515570935,
        0.0016863406408094434,
        0.01694915254237288,
        0.0,
        0.0,
        0.0,
        0.0,
        0.0,
        0.0,
        0.0,
        0.0,
        0.0,
        0.0
    ],
    "ref_normal_samples": [
        "Patient_1",
        "T166",
        "VUHD076",
        "NP14",
        "THD0012",
        "dd39p",
        "QZY9VQng",
        "A37",
        "D326",
        "A47",
        "T126",
        "2020-3173-NC007",
        "NP22",
        "NP26",
        "098C",
        "NP39",
        "NP15",
        "D339",
        "DD046Q",
        "lafy_donor_4",
        "donor 3",
        "296C",
        "muc4659",
        "NP35",
        "284C",
        "GSM4593897",
        "THD0006",
        "SAMN15153963",
        "192C"
    ],
    "que_normal_samples": [
        "A40",
        "D344",
        "donor 2",
        "T90",
        "A26",
        "226C",
        "Donor_06",
        "A44",
        "NP27",
        "356C",
        "muc9833",
        "465C",
        "T121",
        "Donor_08",
        "VUHD92",
        "D353",
        "D239",
        "SAMN15153956",
        "VUHD70",
        "GRO-03",
        "VUHD107",
        "muc3843",
        "BG9_33",
        "GRO-07",
        "THD0017",
        "368C",
        "NP11",
        "BG9_3",
        "GRO-01",
        "LuT_437"
    ],
    "que_disease_samples": [
        "034I",
        "VUILD59",
        "VUILD61",
        "TILD028",
        "IPF_02",
        "TILD006",
        "063I",
        "158I",
        "225I",
        "041I",
        "IPF3",
        "210I",
        "221I",
        "TILD015",
        "177I",
        "59I",
        "145I",
        "VUILD65",
        "040I",
        "135I",
        "VUILD63",
        "214I",
        "IPF_01",
        "025I",
        "VUILD53",
        "VUILD64"
    ],
    "que_samples": [
        "A40",
        "D344",
        "donor 2",
        "T90",
        "A26",
        "226C",
        "Donor_06",
        "A44",
        "NP27",
        "356C",
        "muc9833",
        "465C",
        "T121",
        "Donor_08",
        "VUHD92",
        "D353",
        "D239",
        "SAMN15153956",
        "VUHD70",
        "GRO-03",
        "VUHD107",
        "muc3843",
        "BG9_33",
        "GRO-07",
        "THD0017",
        "368C",
        "NP11",
        "BG9_3",
        "GRO-01",
        "LuT_437",
        "034I",
        "VUILD59",
        "VUILD61",
        "TILD028",
        "IPF_02",
        "TILD006",
        "063I",
        "158I",
        "225I",
        "041I",
        "IPF3",
        "210I",
        "221I",
        "TILD015",
        "177I",
        "59I",
        "145I",
        "VUILD65",
        "040I",
        "135I",
        "VUILD63",
        "214I",
        "IPF_01",
        "025I",
        "VUILD53",
        "VUILD64"
    ]
}