{
    "problem": "healthy-reference-Monocytes-200",
    "n_comps": 14.0,
    "optimal_k": 15.0,
    "optimal_p": 0.059999999999999935,
    "ratio-limit": 0.16798732171156894,
    "accuracy": 0.5102040816326531,
    "precision": 0.5555555555555556,
    "recall": 0.38461538461538464,
    "f1": 0.45454545454545453,
    "outlier_ratio_ref_datasets": [
        0.024509803921568627,
        0.0,
        0.16798732171156894,
        null,
        null,
        0.08333333333333333,
        0.025974025974025976,
        0.16666666666666666,
        null,
        0.10882842865074958,
        0.0423728813559322,
        null,
        0.015873015873015872,
        0.08524590163934426,
        null,
        0.0,
        0.03333333333333333,
        0.021551724137931036,
        null,
        0.012844036697247707,
        null,
        0.5,
        0.3125,
        0.06363636363636363,
        0.0,
        0.042735042735042736,
        0.0,
        0.03225806451612903,
        0.038461538461538464
    ],
    "outlier_ratio_que_datasets": [
        0.0,
        null,
        0.13230769230769232,
        0.1799163179916318,
        0.1958762886597938,
        0.0943952802359882,
        0.08333333333333333,
        0.07459207459207459,
        0.24752475247524752,
        0.10849909584086799,
        0.5,
        0.25,
        0.15873015873015872,
        0.008771929824561403,
        0.11602209944751381,
        null,
        null,
        null,
        0.07552083333333333,
        0.5,
        0.0,
        0.0625,
        null,
        0.06896551724137931,
        0.3333333333333333,
        0.15384615384615385,
        0.0,
        null,
        null,
        0.375,
        0.25894378194207834,
        0.33548387096774196,
        0.05194805194805195,
        0.11179173047473201,
        0.14383561643835616,
        0.10368663594470046,
        0.10367892976588629,
        0.0125,
        0.145,
        0.20277777777777778,
        0.125,
        0.18132464712269272,
        0.25996204933586337,
        0.18796992481203006,
        0.2441860465116279,
        0.09397590361445783,
        0.10843373493975904,
        0.2033898305084746,
        0.14066496163682865,
        0.15948275862068967,
        0.0,
        0.28695652173913044,
        0.08108108108108109,
        0.1540785498489426,
        0.26119402985074625,
        0.0
    ],
    "ref_normal_samples": [
        "donor 2",
        "VUHD076",
        "DD046Q",
        "NP26",
        "dd39p",
        "D344",
        "Patient_1",
        "VUHD107",
        "NP27",
        "A40",
        "THD0017",
        "T121",
        "NP35",
        "Donor_06",
        "GRO-01",
        "LuT_437",
        "THD0006",
        "GRO-07",
        "T166",
        "donor 3",
        "GSM4593897",
        "2020-3173-NC007",
        "296C",
        "muc9833",
        "D326",
        "A26",
        "muc4659",
        "A47",
        "VUHD70"
    ],
    "que_normal_samples": [
        "D339",
        "T90",
        "098C",
        "226C",
        "THD0012",
        "A44",
        "NP15",
        "356C",
        "192C",
        "lafy_donor_4",
        "SAMN15153963",
        "QZY9VQng",
        "465C",
        "Donor_08",
        "VUHD92",
        "T126",
        "D353",
        "NP22",
        "D239",
        "SAMN15153956",
        "GRO-03",
        "muc3843",
        "BG9_33",
        "A37",
        "368C",
        "NP14",
        "NP11",
        "BG9_3",
        "NP39",
        "284C"
    ],
    "que_disease_samples": [
        "051I",
        "034I",
        "VUILD59",
        "166I",
        "VUILD61",
        "TILD028",
        "IPF2",
        "IPF_04",
        "TILD006",
        "138I",
        "158I",
        "225I",
        "228I",
        "022I",
        "210I",
        "221I",
        "29I",
        "59I",
        "145I",
        "212I",
        "TILD010",
        "040I",
        "174I",
        "021I",
        "025I",
        "VUILD64"
    ],
    "que_samples": [
        "D339",
        "T90",
        "098C",
        "226C",
        "THD0012",
        "A44",
        "NP15",
        "356C",
        "192C",
        "lafy_donor_4",
        "SAMN15153963",
        "QZY9VQng",
        "465C",
        "Donor_08",
        "VUHD92",
        "T126",
        "D353",
        "NP22",
        "D239",
        "SAMN15153956",
        "GRO-03",
        "muc3843",
        "BG9_33",
        "A37",
        "368C",
        "NP14",
        "NP11",
        "BG9_3",
        "NP39",
        "284C",
        "051I",
        "034I",
        "VUILD59",
        "166I",
        "VUILD61",
        "TILD028",
        "IPF2",
        "IPF_04",
        "TILD006",
        "138I",
        "158I",
        "225I",
        "228I",
        "022I",
        "210I",
        "221I",
        "29I",
        "59I",
        "145I",
        "212I",
        "TILD010",
        "040I",
        "174I",
        "021I",
        "025I",
        "VUILD64"
    ]
}