{
    "problem": "healthy-reference-Monocytes-300",
    "n_comps": 4.0,
    "optimal_k": 13.0,
    "optimal_p": 0.04000000000000003,
    "ratio-limit": 0.03556485355648536,
    "accuracy": 0.574468085106383,
    "precision": 0.6,
    "recall": 0.6,
    "f1": 0.6,
    "outlier_ratio_ref_datasets": [
        0.0,
        0.0,
        0.0,
        0.02220988339811216,
        0.022099447513812154,
        null,
        null,
        0.0,
        0.0,
        0.0,
        0.01639344262295082,
        0.0,
        0.5,
        0.0,
        0.02531645569620253,
        0.5,
        0.011111111111111112,
        0.03556485355648536,
        0.0,
        0.017699115044247787,
        0.01282051282051282,
        null,
        0.15384615384615385,
        0.2,
        null,
        0.02564102564102564,
        null,
        null,
        0.017543859649122806
    ],
    "outlier_ratio_que_datasets": [
        0.027777777777777776,
        0.0024509803921568627,
        0.04,
        0.00974025974025974,
        0.030927835051546393,
        null,
        0.07448494453248812,
        0.003669724770642202,
        0.041666666666666664,
        null,
        0.1875,
        0.0429042904290429,
        0.0,
        0.1875,
        0.06349206349206349,
        null,
        null,
        0.013020833333333334,
        0.047619047619047616,
        0.020833333333333332,
        null,
        0.004310344827586207,
        0.00847457627118644,
        null,
        0.06896551724137931,
        null,
        null,
        0.0,
        0.0,
        0.125,
        0.06814310051107325,
        0.18181818181818182,
        0.043256997455470736,
        null,
        0.056140350877192984,
        0.05952380952380952,
        0.04,
        0.017543859649122806,
        0.048859934853420196,
        0.020930232558139535,
        0.05232558139534884,
        0.012048192771084338,
        0.03541315345699832,
        0.043478260869565216,
        0.04697986577181208,
        0.06465517241379311,
        0.0,
        0.015015015015015015,
        0.0,
        0.04792332268370607,
        0.043478260869565216,
        0.034161490683229816,
        0.0045871559633027525,
        0.1044776119402985,
        0.07929515418502203,
        0.0
    ],
    "ref_normal_samples": [
        "GRO-03",
        "D326",
        "VUHD076",
        "A40",
        "VUHD92",
        "NP39",
        "D353",
        "A47",
        "SAMN15153956",
        "VUHD70",
        "Donor_06",
        "368C",
        "2020-3173-NC007",
        "NP11",
        "lafy_donor_4",
        "SAMN15153963",
        "THD0006",
        "226C",
        "muc4659",
        "A44",
        "A26",
        "T126",
        "NP14",
        "D339",
        "T90",
        "356C",
        "BG9_3",
        "NP22",
        "Donor_08"
    ],
    "que_normal_samples": [
        "D344",
        "donor 2",
        "098C",
        "Patient_1",
        "THD0012",
        "GSM4593897",
        "DD046Q",
        "donor 3",
        "NP15",
        "NP27",
        "296C",
        "192C",
        "muc9833",
        "QZY9VQng",
        "465C",
        "T121",
        "T166",
        "D239",
        "VUHD107",
        "muc3843",
        "BG9_33",
        "GRO-07",
        "THD0017",
        "dd39p",
        "A37",
        "NP26",
        "GRO-01",
        "NP35",
        "LuT_437",
        "284C"
    ],
    "que_disease_samples": [
        "051I",
        "IPF_02",
        "49I",
        "IPF1",
        "157I",
        "123I",
        "TILD006",
        "063I",
        "225I",
        "IPF3",
        "210I",
        "29I",
        "177I",
        "145I",
        "179I",
        "212I",
        "TILD010",
        "174I",
        "Cryobiopsy_01",
        "135I",
        "214I",
        "IPF_01",
        "TILD001",
        "025I",
        "47I",
        "VUILD64"
    ],
    "que_samples": [
        "D344",
        "donor 2",
        "098C",
        "Patient_1",
        "THD0012",
        "GSM4593897",
        "DD046Q",
        "donor 3",
        "NP15",
        "NP27",
        "296C",
        "192C",
        "muc9833",
        "QZY9VQng",
        "465C",
        "T121",
        "T166",
        "D239",
        "VUHD107",
        "muc3843",
        "BG9_33",
        "GRO-07",
        "THD0017",
        "dd39p",
        "A37",
        "NP26",
        "GRO-01",
        "NP35",
        "LuT_437",
        "284C",
        "051I",
        "IPF_02",
        "49I",
        "IPF1",
        "157I",
        "123I",
        "TILD006",
        "063I",
        "225I",
        "IPF3",
        "210I",
        "29I",
        "177I",
        "145I",
        "179I",
        "212I",
        "TILD010",
        "174I",
        "Cryobiopsy_01",
        "135I",
        "214I",
        "IPF_01",
        "TILD001",
        "025I",
        "47I",
        "VUILD64"
    ]
}