{
    "problem": "healthy-reference-Monocytes-400",
    "n_comps": 8.0,
    "optimal_k": 15.0,
    "optimal_p": 0.049999999999999926,
    "ratio-limit": 0.021538461538461538,
    "accuracy": 0.6808510638297872,
    "precision": 0.8571428571428571,
    "recall": 0.48,
    "f1": 0.6153846153846154,
    "outlier_ratio_ref_datasets": [
        0.125,
        0.0078125,
        0.0,
        0.0,
        null,
        0.021538461538461538,
        0.0,
        0.0055248618784530384,
        0.0,
        0.0,
        null,
        0.015873015873015872,
        0.002932551319648094,
        0.0,
        null,
        0.0,
        null,
        0.042789223454833596,
        0.034482758620689655,
        0.0016233766233766235,
        0.003676470588235294,
        0.0058997050147492625,
        0.014436424208772903,
        0.0,
        0.0,
        0.001834862385321101,
        null,
        null,
        0.0
    ],
    "outlier_ratio_que_datasets": [
        0.0,
        null,
        0.0,
        0.0,
        0.016736401673640166,
        0.01639344262295082,
        0.020618556701030927,
        null,
        null,
        0.019801980198019802,
        0.009041591320072333,
        0.0,
        0.0,
        0.125,
        0.0,
        null,
        null,
        0.0,
        0.0,
        0.023809523809523808,
        0.0,
        0.020833333333333332,
        null,
        0.004310344827586207,
        0.005649717514124294,
        null,
        0.0,
        0.0,
        null,
        0.0,
        0.04516129032258064,
        0.043256997455470736,
        null,
        0.006688963210702341,
        0.0,
        0.015,
        0.025,
        0.022435897435897436,
        0.0249728555917481,
        0.03463203463203463,
        0.013953488372093023,
        0.01742627345844504,
        0.013282732447817837,
        0.023255813953488372,
        0.012048192771084338,
        0.02249134948096886,
        0.023608768971332208,
        0.05084745762711865,
        0.010230179028132993,
        0.03017241379310345,
        0.04329004329004329,
        0.0,
        0.011764705882352941,
        0.021148036253776436,
        0.0045871559633027525,
        0.0
    ],
    "ref_normal_samples": [
        "296C",
        "D239",
        "NP15",
        "THD0006",
        "BG9_3",
        "098C",
        "SAMN15153956",
        "VUHD92",
        "NP14",
        "LuT_437",
        "T166",
        "465C",
        "A47",
        "VUHD076",
        "NP39",
        "356C",
        "T121",
        "DD046Q",
        "A37",
        "Patient_1",
        "donor 2",
        "A44",
        "A40",
        "muc9833",
        "284C",
        "donor 3",
        "NP26",
        "D353",
        "D339"
    ],
    "que_normal_samples": [
        "D344",
        "T90",
        "A26",
        "2020-3173-NC007",
        "226C",
        "Donor_06",
        "THD0012",
        "GSM4593897",
        "NP27",
        "192C",
        "lafy_donor_4",
        "D326",
        "SAMN15153963",
        "QZY9VQng",
        "Donor_08",
        "T126",
        "NP22",
        "VUHD70",
        "GRO-03",
        "VUHD107",
        "muc4659",
        "muc3843",
        "BG9_33",
        "GRO-07",
        "THD0017",
        "dd39p",
        "368C",
        "NP11",
        "GRO-01",
        "NP35"
    ],
    "que_disease_samples": [
        "034I",
        "49I",
        "IPF1",
        "IPF2",
        "IPF_04",
        "TILD006",
        "138I",
        "158I",
        "225I",
        "041I",
        "IPF3",
        "222I",
        "228I",
        "210I",
        "29I",
        "TILD015",
        "177I",
        "59I",
        "145I",
        "212I",
        "053I",
        "Cryobiopsy_01",
        "VUILD63",
        "021I",
        "TILD001",
        "VUILD53"
    ],
    "que_samples": [
        "D344",
        "T90",
        "A26",
        "2020-3173-NC007",
        "226C",
        "Donor_06",
        "THD0012",
        "GSM4593897",
        "NP27",
        "192C",
        "lafy_donor_4",
        "D326",
        "SAMN15153963",
        "QZY9VQng",
        "Donor_08",
        "T126",
        "NP22",
        "VUHD70",
        "GRO-03",
        "VUHD107",
        "muc4659",
        "muc3843",
        "BG9_33",
        "GRO-07",
        "THD0017",
        "dd39p",
        "368C",
        "NP11",
        "GRO-01",
        "NP35",
        "034I",
        "49I",
        "IPF1",
        "IPF2",
        "IPF_04",
        "TILD006",
        "138I",
        "158I",
        "225I",
        "041I",
        "IPF3",
        "222I",
        "228I",
        "210I",
        "29I",
        "TILD015",
        "177I",
        "59I",
        "145I",
        "212I",
        "053I",
        "Cryobiopsy_01",
        "VUILD63",
        "021I",
        "TILD001",
        "VUILD53"
    ]
}