{
    "problem": "healthy-reference-Monocytes-600",
    "n_comps": 19.0,
    "optimal_k": 4.0,
    "optimal_p": 0.049999999999999926,
    "ratio-limit": 0.011157601115760111,
    "accuracy": 0.5869565217391305,
    "precision": 0.8,
    "recall": 0.32,
    "f1": 0.45714285714285713,
    "outlier_ratio_ref_datasets": [
        0.0,
        0.0,
        0.0,
        null,
        0.0,
        0.0,
        0.004273504273504274,
        0.0,
        0.03125,
        0.0,
        0.002932551319648094,
        0.0,
        0.0,
        null,
        0.005208333333333333,
        null,
        0.004997223764575236,
        0.0,
        null,
        0.25,
        0.0054249547920434,
        0.0,
        0.006557377049180328,
        0.0,
        0.0,
        0.0,
        0.011157601115760111,
        0.0012254901960784314,
        null
    ],
    "outlier_ratio_que_datasets": [
        0.027777777777777776,
        0.009230769230769232,
        0.010309278350515464,
        0.044374009508716325,
        0.003669724770642202,
        0.0,
        null,
        0.004662004662004662,
        0.0,
        0.006600660066006601,
        0.0,
        null,
        0.008771929824561403,
        0.0055248618784530384,
        null,
        null,
        null,
        0.0,
        0.0,
        null,
        0.0,
        null,
        0.0,
        0.0,
        0.0,
        null,
        null,
        0.0,
        0.0,
        0.0,
        0.012903225806451613,
        0.00684931506849315,
        0.031578947368421054,
        0.010178117048346057,
        null,
        0.010033444816053512,
        0.020895522388059702,
        0.0,
        0.010526315789473684,
        0.01,
        0.011111111111111112,
        0.00641025641025641,
        0.008686210640608035,
        0.012987012987012988,
        0.009302325581395349,
        0.014705882352941176,
        0.01517706576728499,
        0.0,
        0.0,
        0.0,
        0.007987220447284345,
        0.011764705882352941,
        0.008695652173913044,
        0.006211180124223602,
        0.0,
        0.014925373134328358
    ],
    "ref_normal_samples": [
        "NP15",
        "D326",
        "muc4659",
        "T121",
        "Patient_1",
        "GRO-03",
        "A26",
        "muc9833",
        "QZY9VQng",
        "LuT_437",
        "A47",
        "D339",
        "THD0017",
        "T90",
        "D239",
        "BG9_33",
        "A40",
        "NP11",
        "NP39",
        "SAMN15153963",
        "lafy_donor_4",
        "2020-3173-NC007",
        "Donor_06",
        "GRO-07",
        "VUHD70",
        "SAMN15153956",
        "226C",
        "donor 2",
        "GSM4593897"
    ],
    "que_normal_samples": [
        "D344",
        "098C",
        "THD0012",
        "DD046Q",
        "donor 3",
        "A44",
        "NP27",
        "356C",
        "296C",
        "192C",
        "465C",
        "T166",
        "Donor_08",
        "VUHD92",
        "T126",
        "D353",
        "NP22",
        "VUHD107",
        "muc3843",
        "dd39p",
        "A37",
        "NP26",
        "368C",
        "NP14",
        "THD0006",
        "BG9_3",
        "GRO-01",
        "NP35",
        "VUHD076",
        "284C"
    ],
    "que_disease_samples": [
        "034I",
        "VUILD61",
        "IPF_03",
        "49I",
        "IPF1",
        "IPF2",
        "010I",
        "IPF_04",
        "157I",
        "TILD006",
        "138I",
        "158I",
        "225I",
        "041I",
        "IPF3",
        "TILD015",
        "177I",
        "145I",
        "053I",
        "Cryobiopsy_01",
        "135I",
        "VUILD63",
        "214I",
        "IPF_01",
        "TILD001",
        "025I"
    ],
    "que_samples": [
        "D344",
        "098C",
        "THD0012",
        "DD046Q",
        "donor 3",
        "A44",
        "NP27",
        "356C",
        "296C",
        "192C",
        "465C",
        "T166",
        "Donor_08",
        "VUHD92",
        "T126",
        "D353",
        "NP22",
        "VUHD107",
        "muc3843",
        "dd39p",
        "A37",
        "NP26",
        "368C",
        "NP14",
        "THD0006",
        "BG9_3",
        "GRO-01",
        "NP35",
        "VUHD076",
        "284C",
        "034I",
        "VUILD61",
        "IPF_03",
        "49I",
        "IPF1",
        "IPF2",
        "010I",
        "IPF_04",
        "157I",
        "TILD006",
        "138I",
        "158I",
        "225I",
        "041I",
        "IPF3",
        "TILD015",
        "177I",
        "145I",
        "053I",
        "Cryobiopsy_01",
        "135I",
        "VUILD63",
        "214I",
        "IPF_01",
        "TILD001",
        "025I"
    ]
}