{
    "problem": "healthy-reference-Monocytes-900",
    "n_comps": 8.0,
    "optimal_k": 6.0,
    "optimal_p": 0.05499999999999993,
    "ratio-limit": 0.07076923076923076,
    "accuracy": 0.5957446808510638,
    "precision": 0.6842105263157895,
    "recall": 0.5,
    "f1": 0.5777777777777777,
    "outlier_ratio_ref_datasets": [
        0.047619047619047616,
        0.007339449541284404,
        0.25,
        0.0,
        0.01282051282051282,
        null,
        0.07076923076923076,
        0.01977401129943503,
        0.05309734513274336,
        0.034482758620689655,
        0.034358047016274866,
        0.0,
        0.03278688524590164,
        null,
        0.0,
        0.0078125,
        0.011730205278592375,
        null,
        0.02097902097902098,
        0.01818181818181818,
        0.03333333333333333,
        0.0,
        0.0,
        null,
        0.041666666666666664,
        0.0,
        0.0,
        null,
        0.041666666666666664
    ],
    "outlier_ratio_que_datasets": [
        0.05830094392004442,
        0.0,
        0.012254901960784314,
        null,
        0.07670850767085077,
        0.011363636363636364,
        0.030927835051546393,
        null,
        0.10301109350237718,
        null,
        0.0625,
        0.0891089108910891,
        0.1875,
        0.09523809523809523,
        0.008771929824561403,
        0.027624309392265192,
        null,
        null,
        0.0,
        0.0,
        0.0,
        0.01293103448275862,
        null,
        0.0,
        0.0,
        null,
        null,
        0.0,
        null,
        0.125,
        0.010101010101010102,
        0.21935483870967742,
        0.03896103896103896,
        0.07044410413476264,
        0.0,
        0.0916030534351145,
        0.07017543859649122,
        0.065,
        0.08055555555555556,
        0.08771929824561403,
        0.07371794871794872,
        0.07671957671957672,
        0.0967741935483871,
        0.09774436090225563,
        0.05902192242833052,
        0.09060402684563758,
        0.0,
        0.0,
        0.1782608695652174,
        0.0,
        0.13043478260869565,
        0.031055900621118012,
        0.01834862385321101,
        0.08955223880597014,
        0.13215859030837004,
        0.03571428571428571
    ],
    "ref_normal_samples": [
        "VUHD107",
        "donor 3",
        "SAMN15153963",
        "368C",
        "A26",
        "BG9_33",
        "098C",
        "THD0017",
        "A44",
        "A37",
        "lafy_donor_4",
        "D339",
        "Donor_06",
        "T121",
        "VUHD076",
        "D239",
        "A47",
        "D353",
        "356C",
        "muc9833",
        "THD0006",
        "SAMN15153956",
        "2020-3173-NC007",
        "T166",
        "muc3843",
        "LuT_437",
        "D326",
        "NP26",
        "NP15"
    ],
    "que_normal_samples": [
        "A40",
        "D344",
        "donor 2",
        "T90",
        "226C",
        "Patient_1",
        "THD0012",
        "GSM4593897",
        "DD046Q",
        "NP27",
        "296C",
        "192C",
        "QZY9VQng",
        "465C",
        "Donor_08",
        "VUHD92",
        "T126",
        "NP22",
        "VUHD70",
        "GRO-03",
        "muc4659",
        "GRO-07",
        "dd39p",
        "NP14",
        "NP11",
        "BG9_3",
        "GRO-01",
        "NP35",
        "NP39",
        "284C"
    ],
    "que_disease_samples": [
        "VUILD60",
        "034I",
        "VUILD59",
        "166I",
        "IPF_02",
        "49I",
        "157I",
        "TILD006",
        "138I",
        "063I",
        "158I",
        "209I",
        "228I",
        "022I",
        "177I",
        "179I",
        "VUILD65",
        "TILD010",
        "040I",
        "Cryobiopsy_01",
        "214I",
        "IPF_01",
        "TILD001",
        "025I",
        "47I",
        "VUILD53"
    ],
    "que_samples": [
        "A40",
        "D344",
        "donor 2",
        "T90",
        "226C",
        "Patient_1",
        "THD0012",
        "GSM4593897",
        "DD046Q",
        "NP27",
        "296C",
        "192C",
        "QZY9VQng",
        "465C",
        "Donor_08",
        "VUHD92",
        "T126",
        "NP22",
        "VUHD70",
        "GRO-03",
        "muc4659",
        "GRO-07",
        "dd39p",
        "NP14",
        "NP11",
        "BG9_3",
        "GRO-01",
        "NP35",
        "NP39",
        "284C",
        "VUILD60",
        "034I",
        "VUILD59",
        "166I",
        "IPF_02",
        "49I",
        "157I",
        "TILD006",
        "138I",
        "063I",
        "158I",
        "209I",
        "228I",
        "022I",
        "177I",
        "179I",
        "VUILD65",
        "TILD010",
        "040I",
        "Cryobiopsy_01",
        "214I",
        "IPF_01",
        "TILD001",
        "025I",
        "47I",
        "VUILD53"
    ]
}