{
    "problem": "healthy-reference-Myofibroblasts-100",
    "n_comps": 8.0,
    "optimal_k": 15.0,
    "optimal_p": 0.07499999999999996,
    "ratio-limit": 0.0,
    "accuracy": 0.6666666666666666,
    "precision": 0.6666666666666666,
    "recall": 0.7272727272727273,
    "f1": 0.6956521739130435,
    "outlier_ratio_ref_datasets": [
        0.0,
        null,
        null,
        null,
        null,
        null,
        null,
        0.0,
        null,
        null,
        null,
        null,
        null,
        null,
        0.0,
        null,
        null,
        null,
        0.0,
        0.0,
        0.047619047619047616,
        null,
        null,
        null,
        null,
        null,
        null,
        null,
        null
    ],
    "outlier_ratio_que_datasets": [
        null,
        null,
        0.08163265306122448,
        null,
        0.11235955056179775,
        null,
        null,
        0.0,
        null,
        null,
        0.2,
        null,
        null,
        null,
        0.0,
        0.0,
        0.0,
        null,
        null,
        null,
        0.0,
        null,
        null,
        0.0,
        null,
        0.14285714285714285,
        null,
        null,
        null,
        null,
        0.5,
        0.19642857142857142,
        0.0,
        0.3103448275862069,
        0.0,
        0.16666666666666666,
        null,
        null,
        0.19047619047619047,
        null,
        0.23793103448275862,
        null,
        0.0,
        0.1,
        null,
        null,
        null,
        null,
        0.5,
        null,
        null,
        null,
        null,
        null,
        null,
        null
    ],
    "ref_normal_samples": [
        "Patient_1",
        "T166",
        "VUHD076",
        "NP14",
        "THD0012",
        "dd39p",
        "QZY9VQng",
        "A37",
        "D326",
        "A47",
        "T126",
        "2020-3173-NC007",
        "NP22",
        "NP26",
        "098C",
        "NP39",
        "NP15",
        "D339",
        "DD046Q",
        "lafy_donor_4",
        "donor 3",
        "296C",
        "muc4659",
        "NP35",
        "284C",
        "GSM4593897",
        "THD0006",
        "SAMN15153963",
        "192C"
    ],
    "que_normal_samples": [
        "A40",
        "D344",
        "donor 2",
        "T90",
        "A26",
        "226C",
        "Donor_06",
        "A44",
        "NP27",
        "356C",
        "muc9833",
        "465C",
        "T121",
        "Donor_08",
        "VUHD92",
        "D353",
        "D239",
        "SAMN15153956",
        "VUHD70",
        "GRO-03",
        "VUHD107",
        "muc3843",
        "BG9_33",
        "GRO-07",
        "THD0017",
        "368C",
        "NP11",
        "BG9_3",
        "GRO-01",
        "LuT_437"
    ],
    "que_disease_samples": [
        "034I",
        "VUILD59",
        "VUILD61",
        "TILD028",
        "IPF_02",
        "TILD006",
        "063I",
        "158I",
        "225I",
        "041I",
        "IPF3",
        "210I",
        "221I",
        "TILD015",
        "177I",
        "59I",
        "145I",
        "VUILD65",
        "040I",
        "135I",
        "VUILD63",
        "214I",
        "IPF_01",
        "025I",
        "VUILD53",
        "VUILD64"
    ],
    "que_samples": [
        "A40",
        "D344",
        "donor 2",
        "T90",
        "A26",
        "226C",
        "Donor_06",
        "A44",
        "NP27",
        "356C",
        "muc9833",
        "465C",
        "T121",
        "Donor_08",
        "VUHD92",
        "D353",
        "D239",
        "SAMN15153956",
        "VUHD70",
        "GRO-03",
        "VUHD107",
        "muc3843",
        "BG9_33",
        "GRO-07",
        "THD0017",
        "368C",
        "NP11",
        "BG9_3",
        "GRO-01",
        "LuT_437",
        "034I",
        "VUILD59",
        "VUILD61",
        "TILD028",
        "IPF_02",
        "TILD006",
        "063I",
        "158I",
        "225I",
        "041I",
        "IPF3",
        "210I",
        "221I",
        "TILD015",
        "177I",
        "59I",
        "145I",
        "VUILD65",
        "040I",
        "135I",
        "VUILD63",
        "214I",
        "IPF_01",
        "025I",
        "VUILD53",
        "VUILD64"
    ]
}