{
    "problem": "healthy-reference-Myofibroblasts-200",
    "n_comps": 5.0,
    "optimal_k": 12.0,
    "optimal_p": 0.05499999999999993,
    "ratio-limit": 0.1,
    "accuracy": 0.8181818181818182,
    "precision": 1.0,
    "recall": 0.7142857142857143,
    "f1": 0.8333333333333334,
    "outlier_ratio_ref_datasets": [
        0.08163265306122448,
        null,
        0.1,
        null,
        null,
        null,
        0.0,
        0.0,
        null,
        null,
        null,
        null,
        null,
        null,
        null,
        null,
        null,
        0.0,
        null,
        0.061224489795918366,
        null,
        null,
        null,
        0.1,
        null,
        0.06741573033707865,
        null,
        null,
        null
    ],
    "outlier_ratio_que_datasets": [
        null,
        null,
        0.0,
        null,
        null,
        0.0,
        null,
        null,
        null,
        0.0,
        null,
        null,
        null,
        null,
        0.0,
        null,
        0.0,
        null,
        0.0,
        null,
        null,
        null,
        null,
        0.0,
        0.0,
        null,
        null,
        null,
        null,
        null,
        0.0,
        0.5,
        0.19642857142857142,
        null,
        0.0,
        0.41379310344827586,
        0.32951289398280803,
        null,
        0.6666666666666666,
        0.5,
        null,
        0.42857142857142855,
        null,
        0.2857142857142857,
        null,
        0.0,
        null,
        null,
        null,
        null,
        0.0,
        1.0,
        null,
        0.16666666666666666,
        null,
        null
    ],
    "ref_normal_samples": [
        "donor 2",
        "VUHD076",
        "DD046Q",
        "NP26",
        "dd39p",
        "D344",
        "Patient_1",
        "VUHD107",
        "NP27",
        "A40",
        "THD0017",
        "T121",
        "NP35",
        "Donor_06",
        "GRO-01",
        "LuT_437",
        "THD0006",
        "GRO-07",
        "T166",
        "donor 3",
        "GSM4593897",
        "2020-3173-NC007",
        "296C",
        "muc9833",
        "D326",
        "A26",
        "muc4659",
        "A47",
        "VUHD70"
    ],
    "que_normal_samples": [
        "D339",
        "T90",
        "098C",
        "226C",
        "THD0012",
        "A44",
        "NP15",
        "356C",
        "192C",
        "lafy_donor_4",
        "SAMN15153963",
        "QZY9VQng",
        "465C",
        "Donor_08",
        "VUHD92",
        "T126",
        "D353",
        "NP22",
        "D239",
        "SAMN15153956",
        "GRO-03",
        "muc3843",
        "BG9_33",
        "A37",
        "368C",
        "NP14",
        "NP11",
        "BG9_3",
        "NP39",
        "284C"
    ],
    "que_disease_samples": [
        "051I",
        "034I",
        "VUILD59",
        "166I",
        "VUILD61",
        "TILD028",
        "IPF2",
        "IPF_04",
        "TILD006",
        "138I",
        "158I",
        "225I",
        "228I",
        "022I",
        "210I",
        "221I",
        "29I",
        "59I",
        "145I",
        "212I",
        "TILD010",
        "040I",
        "174I",
        "021I",
        "025I",
        "VUILD64"
    ],
    "que_samples": [
        "D339",
        "T90",
        "098C",
        "226C",
        "THD0012",
        "A44",
        "NP15",
        "356C",
        "192C",
        "lafy_donor_4",
        "SAMN15153963",
        "QZY9VQng",
        "465C",
        "Donor_08",
        "VUHD92",
        "T126",
        "D353",
        "NP22",
        "D239",
        "SAMN15153956",
        "GRO-03",
        "muc3843",
        "BG9_33",
        "A37",
        "368C",
        "NP14",
        "NP11",
        "BG9_3",
        "NP39",
        "284C",
        "051I",
        "034I",
        "VUILD59",
        "166I",
        "VUILD61",
        "TILD028",
        "IPF2",
        "IPF_04",
        "TILD006",
        "138I",
        "158I",
        "225I",
        "228I",
        "022I",
        "210I",
        "221I",
        "29I",
        "59I",
        "145I",
        "212I",
        "TILD010",
        "040I",
        "174I",
        "021I",
        "025I",
        "VUILD64"
    ]
}