{
    "problem": "healthy-reference-Myofibroblasts-300",
    "n_comps": 4.0,
    "optimal_k": 6.0,
    "optimal_p": 0.02500000000000002,
    "ratio-limit": 0.0,
    "accuracy": 0.7272727272727273,
    "precision": 0.6875,
    "recall": 0.9166666666666666,
    "f1": 0.7857142857142857,
    "outlier_ratio_ref_datasets": [
        null,
        null,
        null,
        null,
        0.0,
        null,
        0.0,
        null,
        null,
        null,
        null,
        0.0,
        null,
        null,
        0.0,
        null,
        null,
        null,
        null,
        0.0,
        0.033707865168539325,
        null,
        null,
        null,
        null,
        null,
        null,
        null,
        null
    ],
    "outlier_ratio_que_datasets": [
        null,
        0.10204081632653061,
        0.0,
        0.14814814814814814,
        null,
        null,
        0.5,
        0.3333333333333333,
        null,
        null,
        null,
        null,
        0.2,
        null,
        null,
        null,
        null,
        0.0,
        0.0,
        null,
        null,
        0.0,
        null,
        null,
        0.0,
        null,
        null,
        null,
        null,
        null,
        0.0,
        1.0,
        1.0,
        0.865979381443299,
        0.6666666666666666,
        1.0,
        1.0,
        null,
        0.8571428571428571,
        0.6310344827586207,
        null,
        null,
        null,
        null,
        null,
        null,
        1.0,
        null,
        0.5,
        null,
        null,
        null,
        0.5555555555555556,
        null,
        null,
        null
    ],
    "ref_normal_samples": [
        "GRO-03",
        "D326",
        "VUHD076",
        "A40",
        "VUHD92",
        "NP39",
        "D353",
        "A47",
        "SAMN15153956",
        "VUHD70",
        "Donor_06",
        "368C",
        "2020-3173-NC007",
        "NP11",
        "lafy_donor_4",
        "SAMN15153963",
        "THD0006",
        "226C",
        "muc4659",
        "A44",
        "A26",
        "T126",
        "NP14",
        "D339",
        "T90",
        "356C",
        "BG9_3",
        "NP22",
        "Donor_08"
    ],
    "que_normal_samples": [
        "D344",
        "donor 2",
        "098C",
        "Patient_1",
        "THD0012",
        "GSM4593897",
        "DD046Q",
        "donor 3",
        "NP15",
        "NP27",
        "296C",
        "192C",
        "muc9833",
        "QZY9VQng",
        "465C",
        "T121",
        "T166",
        "D239",
        "VUHD107",
        "muc3843",
        "BG9_33",
        "GRO-07",
        "THD0017",
        "dd39p",
        "A37",
        "NP26",
        "GRO-01",
        "NP35",
        "LuT_437",
        "284C"
    ],
    "que_disease_samples": [
        "051I",
        "IPF_02",
        "49I",
        "IPF1",
        "157I",
        "123I",
        "TILD006",
        "063I",
        "225I",
        "IPF3",
        "210I",
        "29I",
        "177I",
        "145I",
        "179I",
        "212I",
        "TILD010",
        "174I",
        "Cryobiopsy_01",
        "135I",
        "214I",
        "IPF_01",
        "TILD001",
        "025I",
        "47I",
        "VUILD64"
    ],
    "que_samples": [
        "D344",
        "donor 2",
        "098C",
        "Patient_1",
        "THD0012",
        "GSM4593897",
        "DD046Q",
        "donor 3",
        "NP15",
        "NP27",
        "296C",
        "192C",
        "muc9833",
        "QZY9VQng",
        "465C",
        "T121",
        "T166",
        "D239",
        "VUHD107",
        "muc3843",
        "BG9_33",
        "GRO-07",
        "THD0017",
        "dd39p",
        "A37",
        "NP26",
        "GRO-01",
        "NP35",
        "LuT_437",
        "284C",
        "051I",
        "IPF_02",
        "49I",
        "IPF1",
        "157I",
        "123I",
        "TILD006",
        "063I",
        "225I",
        "IPF3",
        "210I",
        "29I",
        "177I",
        "145I",
        "179I",
        "212I",
        "TILD010",
        "174I",
        "Cryobiopsy_01",
        "135I",
        "214I",
        "IPF_01",
        "TILD001",
        "025I",
        "47I",
        "VUILD64"
    ]
}