{
    "problem": "healthy-reference-Myofibroblasts-400",
    "n_comps": 3.0,
    "optimal_k": 8.0,
    "optimal_p": 0.04500000000000003,
    "ratio-limit": 0.1836734693877551,
    "accuracy": 0.8823529411764706,
    "precision": 1.0,
    "recall": 0.8333333333333334,
    "f1": 0.9090909090909091,
    "outlier_ratio_ref_datasets": [
        null,
        0.0,
        null,
        null,
        null,
        0.0,
        null,
        0.0,
        null,
        null,
        null,
        null,
        null,
        null,
        null,
        null,
        null,
        0.1,
        0.0,
        0.0,
        0.1836734693877551,
        0.0,
        null,
        0.1,
        null,
        0.05442176870748299,
        null,
        0.0,
        null
    ],
    "outlier_ratio_que_datasets": [
        null,
        null,
        0.0898876404494382,
        null,
        null,
        null,
        null,
        null,
        null,
        null,
        0.0,
        null,
        null,
        null,
        null,
        null,
        null,
        null,
        null,
        0.0,
        null,
        null,
        null,
        0.0,
        null,
        null,
        0.0,
        null,
        null,
        null,
        0.5,
        0.0,
        0.44329896907216493,
        0.36103151862464183,
        null,
        0.8333333333333334,
        1.0,
        null,
        0.42857142857142855,
        null,
        0.33793103448275863,
        null,
        null,
        null,
        null,
        0.2,
        null,
        null,
        null,
        null,
        null,
        0.0,
        null,
        0.8333333333333334,
        0.3333333333333333,
        null
    ],
    "ref_normal_samples": [
        "296C",
        "D239",
        "NP15",
        "THD0006",
        "BG9_3",
        "098C",
        "SAMN15153956",
        "VUHD92",
        "NP14",
        "LuT_437",
        "T166",
        "465C",
        "A47",
        "VUHD076",
        "NP39",
        "356C",
        "T121",
        "DD046Q",
        "A37",
        "Patient_1",
        "donor 2",
        "A44",
        "A40",
        "muc9833",
        "284C",
        "donor 3",
        "NP26",
        "D353",
        "D339"
    ],
    "que_normal_samples": [
        "D344",
        "T90",
        "A26",
        "2020-3173-NC007",
        "226C",
        "Donor_06",
        "THD0012",
        "GSM4593897",
        "NP27",
        "192C",
        "lafy_donor_4",
        "D326",
        "SAMN15153963",
        "QZY9VQng",
        "Donor_08",
        "T126",
        "NP22",
        "VUHD70",
        "GRO-03",
        "VUHD107",
        "muc4659",
        "muc3843",
        "BG9_33",
        "GRO-07",
        "THD0017",
        "dd39p",
        "368C",
        "NP11",
        "GRO-01",
        "NP35"
    ],
    "que_disease_samples": [
        "034I",
        "49I",
        "IPF1",
        "IPF2",
        "IPF_04",
        "TILD006",
        "138I",
        "158I",
        "225I",
        "041I",
        "IPF3",
        "222I",
        "228I",
        "210I",
        "29I",
        "TILD015",
        "177I",
        "59I",
        "145I",
        "212I",
        "053I",
        "Cryobiopsy_01",
        "VUILD63",
        "021I",
        "TILD001",
        "VUILD53"
    ],
    "que_samples": [
        "D344",
        "T90",
        "A26",
        "2020-3173-NC007",
        "226C",
        "Donor_06",
        "THD0012",
        "GSM4593897",
        "NP27",
        "192C",
        "lafy_donor_4",
        "D326",
        "SAMN15153963",
        "QZY9VQng",
        "Donor_08",
        "T126",
        "NP22",
        "VUHD70",
        "GRO-03",
        "VUHD107",
        "muc4659",
        "muc3843",
        "BG9_33",
        "GRO-07",
        "THD0017",
        "dd39p",
        "368C",
        "NP11",
        "GRO-01",
        "NP35",
        "034I",
        "49I",
        "IPF1",
        "IPF2",
        "IPF_04",
        "TILD006",
        "138I",
        "158I",
        "225I",
        "041I",
        "IPF3",
        "222I",
        "228I",
        "210I",
        "29I",
        "TILD015",
        "177I",
        "59I",
        "145I",
        "212I",
        "053I",
        "Cryobiopsy_01",
        "VUILD63",
        "021I",
        "TILD001",
        "VUILD53"
    ]
}