{
    "problem": "healthy-reference-Myofibroblasts-600",
    "n_comps": 4.0,
    "optimal_k": 14.0,
    "optimal_p": 0.02500000000000002,
    "ratio-limit": 0.07407407407407407,
    "accuracy": 0.7391304347826086,
    "precision": 0.7857142857142857,
    "recall": 0.7857142857142857,
    "f1": 0.7857142857142857,
    "outlier_ratio_ref_datasets": [
        null,
        null,
        null,
        null,
        0.07407407407407407,
        null,
        0.02247191011235955,
        0.2,
        null,
        null,
        null,
        null,
        null,
        null,
        0.0,
        null,
        null,
        null,
        null,
        null,
        0.0,
        null,
        null,
        0.0,
        null,
        null,
        null,
        0.02040816326530612,
        null
    ],
    "outlier_ratio_que_datasets": [
        null,
        0.0,
        null,
        0.2,
        0.25170068027210885,
        0.0,
        null,
        null,
        null,
        null,
        null,
        null,
        null,
        0.0,
        null,
        0.0,
        null,
        0.0,
        null,
        null,
        0.0,
        null,
        0.14285714285714285,
        null,
        null,
        null,
        null,
        null,
        null,
        null,
        1.0,
        0.0,
        0.0,
        0.0,
        0.711340206185567,
        0.4871060171919771,
        null,
        null,
        0.6666666666666666,
        0.6666666666666666,
        1.0,
        null,
        0.6666666666666666,
        null,
        0.5758620689655173,
        0.5,
        null,
        null,
        null,
        0.5,
        null,
        null,
        null,
        null,
        0.4444444444444444,
        null
    ],
    "ref_normal_samples": [
        "NP15",
        "D326",
        "muc4659",
        "T121",
        "Patient_1",
        "GRO-03",
        "A26",
        "muc9833",
        "QZY9VQng",
        "LuT_437",
        "A47",
        "D339",
        "THD0017",
        "T90",
        "D239",
        "BG9_33",
        "A40",
        "NP11",
        "NP39",
        "SAMN15153963",
        "lafy_donor_4",
        "2020-3173-NC007",
        "Donor_06",
        "GRO-07",
        "VUHD70",
        "SAMN15153956",
        "226C",
        "donor 2",
        "GSM4593897"
    ],
    "que_normal_samples": [
        "D344",
        "098C",
        "THD0012",
        "DD046Q",
        "donor 3",
        "A44",
        "NP27",
        "356C",
        "296C",
        "192C",
        "465C",
        "T166",
        "Donor_08",
        "VUHD92",
        "T126",
        "D353",
        "NP22",
        "VUHD107",
        "muc3843",
        "dd39p",
        "A37",
        "NP26",
        "368C",
        "NP14",
        "THD0006",
        "BG9_3",
        "GRO-01",
        "NP35",
        "VUHD076",
        "284C"
    ],
    "que_disease_samples": [
        "034I",
        "VUILD61",
        "IPF_03",
        "49I",
        "IPF1",
        "IPF2",
        "010I",
        "IPF_04",
        "157I",
        "TILD006",
        "138I",
        "158I",
        "225I",
        "041I",
        "IPF3",
        "TILD015",
        "177I",
        "145I",
        "053I",
        "Cryobiopsy_01",
        "135I",
        "VUILD63",
        "214I",
        "IPF_01",
        "TILD001",
        "025I"
    ],
    "que_samples": [
        "D344",
        "098C",
        "THD0012",
        "DD046Q",
        "donor 3",
        "A44",
        "NP27",
        "356C",
        "296C",
        "192C",
        "465C",
        "T166",
        "Donor_08",
        "VUHD92",
        "T126",
        "D353",
        "NP22",
        "VUHD107",
        "muc3843",
        "dd39p",
        "A37",
        "NP26",
        "368C",
        "NP14",
        "THD0006",
        "BG9_3",
        "GRO-01",
        "NP35",
        "VUHD076",
        "284C",
        "034I",
        "VUILD61",
        "IPF_03",
        "49I",
        "IPF1",
        "IPF2",
        "010I",
        "IPF_04",
        "157I",
        "TILD006",
        "138I",
        "158I",
        "225I",
        "041I",
        "IPF3",
        "TILD015",
        "177I",
        "145I",
        "053I",
        "Cryobiopsy_01",
        "135I",
        "VUILD63",
        "214I",
        "IPF_01",
        "TILD001",
        "025I"
    ]
}