{
    "problem": "healthy-reference-Myofibroblasts-700",
    "n_comps": 9.0,
    "optimal_k": 5.0,
    "optimal_p": 0.04000000000000003,
    "ratio-limit": 0.1,
    "accuracy": 0.5714285714285714,
    "precision": 0.6,
    "recall": 0.75,
    "f1": 0.6666666666666666,
    "outlier_ratio_ref_datasets": [
        null,
        null,
        null,
        null,
        null,
        0.1,
        0.0,
        0.0,
        null,
        null,
        null,
        null,
        0.0,
        0.0,
        null,
        null,
        1.0,
        0.0,
        null,
        null,
        null,
        null,
        null,
        null,
        null,
        null,
        null,
        null,
        null
    ],
    "outlier_ratio_que_datasets": [
        0.3469387755102041,
        null,
        null,
        0.07865168539325842,
        null,
        null,
        0.2962962962962963,
        0.41496598639455784,
        null,
        null,
        null,
        null,
        null,
        0.1,
        null,
        null,
        null,
        null,
        1.0,
        null,
        null,
        0.0,
        1.0,
        null,
        0.5714285714285714,
        null,
        null,
        null,
        null,
        null,
        0.0,
        1.0,
        null,
        0.0,
        1.0,
        0.5616045845272206,
        null,
        null,
        0.6666666666666666,
        0.6666666666666666,
        0.8333333333333334,
        0.5,
        null,
        null,
        null,
        0.7619047619047619,
        1.0,
        null,
        null,
        0.0,
        null,
        null,
        null,
        null,
        null,
        null
    ],
    "ref_normal_samples": [
        "Donor_06",
        "VUHD076",
        "GSM4593897",
        "T121",
        "THD0017",
        "DD046Q",
        "D353",
        "VUHD107",
        "THD0006",
        "192C",
        "A40",
        "GRO-03",
        "D239",
        "098C",
        "VUHD70",
        "284C",
        "A44",
        "lafy_donor_4",
        "muc4659",
        "356C",
        "THD0012",
        "NP11",
        "NP14",
        "muc3843",
        "QZY9VQng",
        "BG9_33",
        "dd39p",
        "T126",
        "D344"
    ],
    "que_normal_samples": [
        "donor 2",
        "D339",
        "T90",
        "A26",
        "2020-3173-NC007",
        "226C",
        "Patient_1",
        "donor 3",
        "NP15",
        "NP27",
        "296C",
        "D326",
        "SAMN15153963",
        "muc9833",
        "465C",
        "A47",
        "T166",
        "Donor_08",
        "VUHD92",
        "NP22",
        "SAMN15153956",
        "GRO-07",
        "A37",
        "NP26",
        "368C",
        "BG9_3",
        "GRO-01",
        "NP35",
        "LuT_437",
        "NP39"
    ],
    "que_disease_samples": [
        "051I",
        "VUILD60",
        "166I",
        "IPF_03",
        "IPF_02",
        "IPF2",
        "010I",
        "IPF_04",
        "157I",
        "123I",
        "TILD006",
        "138I",
        "063I",
        "158I",
        "209I",
        "225I",
        "221I",
        "179I",
        "053I",
        "040I",
        "174I",
        "214I",
        "IPF_01",
        "025I",
        "47I",
        "VUILD64"
    ],
    "que_samples": [
        "donor 2",
        "D339",
        "T90",
        "A26",
        "2020-3173-NC007",
        "226C",
        "Patient_1",
        "donor 3",
        "NP15",
        "NP27",
        "296C",
        "D326",
        "SAMN15153963",
        "muc9833",
        "465C",
        "A47",
        "T166",
        "Donor_08",
        "VUHD92",
        "NP22",
        "SAMN15153956",
        "GRO-07",
        "A37",
        "NP26",
        "368C",
        "BG9_3",
        "GRO-01",
        "NP35",
        "LuT_437",
        "NP39",
        "051I",
        "VUILD60",
        "166I",
        "IPF_03",
        "IPF_02",
        "IPF2",
        "010I",
        "IPF_04",
        "157I",
        "123I",
        "TILD006",
        "138I",
        "063I",
        "158I",
        "209I",
        "225I",
        "221I",
        "179I",
        "053I",
        "040I",
        "174I",
        "214I",
        "IPF_01",
        "025I",
        "47I",
        "VUILD64"
    ]
}