{
    "problem": "healthy-reference-Myofibroblasts-900",
    "n_comps": 3.0,
    "optimal_k": 14.0,
    "optimal_p": 0.09499999999999997,
    "ratio-limit": 0.011235955056179775,
    "accuracy": 0.5,
    "precision": 0.75,
    "recall": 0.46153846153846156,
    "f1": 0.5714285714285714,
    "outlier_ratio_ref_datasets": [
        0.0,
        0.08163265306122448,
        null,
        0.14285714285714285,
        0.011235955056179775,
        null,
        0.0,
        null,
        0.0,
        0.0,
        0.0,
        null,
        null,
        null,
        null,
        0.0,
        null,
        0.0,
        null,
        0.0,
        null,
        null,
        null,
        null,
        null,
        null,
        null,
        null,
        null
    ],
    "outlier_ratio_que_datasets": [
        null,
        null,
        0.12244897959183673,
        null,
        null,
        0.037037037037037035,
        null,
        null,
        0.0,
        null,
        null,
        null,
        null,
        null,
        null,
        0.0,
        null,
        null,
        null,
        null,
        null,
        0.0,
        null,
        null,
        null,
        null,
        null,
        null,
        null,
        null,
        0.0,
        0.0,
        0.08928571428571429,
        null,
        0.0,
        0.0,
        0.3333333333333333,
        0.5,
        0.5,
        null,
        null,
        null,
        null,
        0.14285714285714285,
        null,
        null,
        null,
        0.0,
        0.0,
        0.0,
        null,
        null,
        0.1111111111111111,
        null,
        null,
        null
    ],
    "ref_normal_samples": [
        "VUHD107",
        "donor 3",
        "SAMN15153963",
        "368C",
        "A26",
        "BG9_33",
        "098C",
        "THD0017",
        "A44",
        "A37",
        "lafy_donor_4",
        "D339",
        "Donor_06",
        "T121",
        "VUHD076",
        "D239",
        "A47",
        "D353",
        "356C",
        "muc9833",
        "THD0006",
        "SAMN15153956",
        "2020-3173-NC007",
        "T166",
        "muc3843",
        "LuT_437",
        "D326",
        "NP26",
        "NP15"
    ],
    "que_normal_samples": [
        "A40",
        "D344",
        "donor 2",
        "T90",
        "226C",
        "Patient_1",
        "THD0012",
        "GSM4593897",
        "DD046Q",
        "NP27",
        "296C",
        "192C",
        "QZY9VQng",
        "465C",
        "Donor_08",
        "VUHD92",
        "T126",
        "NP22",
        "VUHD70",
        "GRO-03",
        "muc4659",
        "GRO-07",
        "dd39p",
        "NP14",
        "NP11",
        "BG9_3",
        "GRO-01",
        "NP35",
        "NP39",
        "284C"
    ],
    "que_disease_samples": [
        "VUILD60",
        "034I",
        "VUILD59",
        "166I",
        "IPF_02",
        "49I",
        "157I",
        "TILD006",
        "138I",
        "063I",
        "158I",
        "209I",
        "228I",
        "022I",
        "177I",
        "179I",
        "VUILD65",
        "TILD010",
        "040I",
        "Cryobiopsy_01",
        "214I",
        "IPF_01",
        "TILD001",
        "025I",
        "47I",
        "VUILD53"
    ],
    "que_samples": [
        "A40",
        "D344",
        "donor 2",
        "T90",
        "226C",
        "Patient_1",
        "THD0012",
        "GSM4593897",
        "DD046Q",
        "NP27",
        "296C",
        "192C",
        "QZY9VQng",
        "465C",
        "Donor_08",
        "VUHD92",
        "T126",
        "NP22",
        "VUHD70",
        "GRO-03",
        "muc4659",
        "GRO-07",
        "dd39p",
        "NP14",
        "NP11",
        "BG9_3",
        "GRO-01",
        "NP35",
        "NP39",
        "284C",
        "VUILD60",
        "034I",
        "VUILD59",
        "166I",
        "IPF_02",
        "49I",
        "157I",
        "TILD006",
        "138I",
        "063I",
        "158I",
        "209I",
        "228I",
        "022I",
        "177I",
        "179I",
        "VUILD65",
        "TILD010",
        "040I",
        "Cryobiopsy_01",
        "214I",
        "IPF_01",
        "TILD001",
        "025I",
        "47I",
        "VUILD53"
    ]
}