{
    "problem": "healthy-reference-Basal-0",
    "n_comps": 6.0,
    "optimal_k": 4.0,
    "optimal_p": 0.04500000000000003,
    "ratio-limit": 0.02829684997330486,
    "accuracy": 0.7291666666666666,
    "precision": 0.7407407407407407,
    "recall": 0.7692307692307693,
    "f1": 0.7547169811320755,
    "outlier_ratio_ref_datasets": [
        null,
        0.1111111111111111,
        null,
        0.0,
        0.0,
        0.02613065326633166,
        0.018569463548830812,
        0.0,
        0.008130081300813009,
        0.0,
        null,
        0.002261420171867933,
        0.0,
        0.011019283746556474,
        0.002457002457002457,
        0.5,
        0.0,
        0.008982035928143712,
        0.007042253521126761,
        0.0,
        0.011494252873563218,
        0.008048289738430584,
        0.0,
        0.017834394904458598,
        null,
        0.02829684997330486,
        0.25,
        0.011428571428571429,
        0.004103967168262654
    ],
    "outlier_ratio_que_datasets": [
        0.05555555555555555,
        0.00980392156862745,
        0.0016051364365971107,
        0.07142857142857142,
        0.0,
        0.0,
        null,
        null,
        0.0,
        0.016666666666666666,
        0.14285714285714285,
        null,
        0.0,
        0.028618152085036794,
        0.02837902837902838,
        0.0005903187721369539,
        0.0,
        null,
        0.0,
        0.0,
        0.00741962077493817,
        null,
        0.06986899563318777,
        0.030303030303030304,
        0.014705882352941176,
        null,
        0.0136986301369863,
        0.0,
        null,
        null,
        0.02217741935483871,
        0.11538461538461539,
        0.03225806451612903,
        0.015228426395939087,
        0.06818181818181818,
        0.05555555555555555,
        0.027777777777777776,
        0.09523809523809523,
        0.10638297872340426,
        0.125,
        0.08771929824561403,
        0.15853658536585366,
        0.09411764705882353,
        0.25,
        0.15384615384615385,
        0.2727272727272727,
        0.01912568306010929,
        0.028368794326241134,
        0.0,
        0.22641509433962265,
        0.10526315789473684,
        0.14285714285714285,
        0.15789473684210525,
        0.0,
        0.07142857142857142,
        0.1
    ],
    "ref_normal_samples": [
        "NP35",
        "muc9833",
        "368C",
        "465C",
        "donor 2",
        "NP15",
        "T126",
        "VUHD92",
        "QZY9VQng",
        "296C",
        "Donor_08",
        "D326",
        "VUHD70",
        "DD046Q",
        "BG9_3",
        "226C",
        "356C",
        "GRO-07",
        "A26",
        "VUHD107",
        "GRO-01",
        "NP22",
        "Patient_1",
        "NP14",
        "muc4659",
        "T90",
        "lafy_donor_4",
        "NP39",
        "NP27"
    ],
    "que_normal_samples": [
        "A40",
        "D344",
        "D339",
        "098C",
        "2020-3173-NC007",
        "Donor_06",
        "THD0012",
        "GSM4593897",
        "donor 3",
        "A44",
        "192C",
        "SAMN15153963",
        "A47",
        "T121",
        "T166",
        "D353",
        "D239",
        "SAMN15153956",
        "GRO-03",
        "muc3843",
        "BG9_33",
        "THD0017",
        "dd39p",
        "A37",
        "NP26",
        "THD0006",
        "NP11",
        "LuT_437",
        "VUHD076",
        "284C"
    ],
    "que_disease_samples": [
        "VUILD60",
        "166I",
        "IPF_03",
        "IPF_02",
        "49I",
        "IPF2",
        "010I",
        "157I",
        "138I",
        "063I",
        "158I",
        "222I",
        "022I",
        "29I",
        "59I",
        "179I",
        "VUILD65",
        "TILD010",
        "Cryobiopsy_01",
        "135I",
        "VUILD63",
        "214I",
        "IPF_01",
        "TILD001",
        "025I",
        "VUILD64"
    ],
    "que_samples": [
        "A40",
        "D344",
        "D339",
        "098C",
        "2020-3173-NC007",
        "Donor_06",
        "THD0012",
        "GSM4593897",
        "donor 3",
        "A44",
        "192C",
        "SAMN15153963",
        "A47",
        "T121",
        "T166",
        "D353",
        "D239",
        "SAMN15153956",
        "GRO-03",
        "muc3843",
        "BG9_33",
        "THD0017",
        "dd39p",
        "A37",
        "NP26",
        "THD0006",
        "NP11",
        "LuT_437",
        "VUHD076",
        "284C",
        "VUILD60",
        "166I",
        "IPF_03",
        "IPF_02",
        "49I",
        "IPF2",
        "010I",
        "157I",
        "138I",
        "063I",
        "158I",
        "222I",
        "022I",
        "29I",
        "59I",
        "179I",
        "VUILD65",
        "TILD010",
        "Cryobiopsy_01",
        "135I",
        "VUILD63",
        "214I",
        "IPF_01",
        "TILD001",
        "025I",
        "VUILD64"
    ]
}