{
    "problem": "healthy-reference-Basal-100",
    "n_comps": 22.0,
    "optimal_k": 4.0,
    "optimal_p": 0.05499999999999993,
    "ratio-limit": 0.036390101892285295,
    "accuracy": 0.6923076923076923,
    "precision": 0.7777777777777778,
    "recall": 0.5384615384615384,
    "f1": 0.6363636363636364,
    "outlier_ratio_ref_datasets": [
        0.0,
        0.025012025012025013,
        null,
        0.008917197452229299,
        null,
        0.036390101892285295,
        0.006097560975609756,
        0.03409090909090909,
        0.004070556309362279,
        0.0,
        0.013067400275103164,
        0.0,
        0.002012072434607646,
        0.007352941176470588,
        0.14285714285714285,
        0.005714285714285714,
        0.020100502512562814,
        0.001203852327447833,
        0.03305785123966942,
        0.25,
        0.0,
        0.0,
        null,
        null,
        null,
        null,
        null,
        null,
        0.0
    ],
    "outlier_ratio_que_datasets": [
        0.0,
        0.0,
        0.0064516129032258064,
        0.04751735184196476,
        0.02112676056338028,
        0.0,
        0.0,
        0.0,
        0.0027359781121751026,
        0.0,
        0.2222222222222222,
        0.0,
        0.027800490596892886,
        null,
        0.07692307692307693,
        0.0,
        0.0,
        null,
        0.0,
        0.0,
        0.0,
        0.05,
        0.005770816158285243,
        0.00718562874251497,
        null,
        null,
        0.0136986301369863,
        0.004914004914004914,
        0.0,
        0.0,
        0.04230769230769231,
        0.016736401673640166,
        0.025,
        0.009523809523809525,
        0.015228426395939087,
        0.06060606060606061,
        0.0,
        0.07017543859649122,
        0.14285714285714285,
        0.13333333333333333,
        0.015625,
        0.0,
        0.047619047619047616,
        0.04,
        0.23076923076923078,
        0.07692307692307693,
        0.0,
        0.01639344262295082,
        0.13793103448275862,
        0.20754716981132076,
        0.0,
        0.14285714285714285,
        0.0,
        0.07142857142857142,
        0.034482758620689655,
        0.06666666666666667
    ],
    "ref_normal_samples": [
        "Patient_1",
        "T166",
        "VUHD076",
        "NP14",
        "THD0012",
        "dd39p",
        "QZY9VQng",
        "A37",
        "D326",
        "A47",
        "T126",
        "2020-3173-NC007",
        "NP22",
        "NP26",
        "098C",
        "NP39",
        "NP15",
        "D339",
        "DD046Q",
        "lafy_donor_4",
        "donor 3",
        "296C",
        "muc4659",
        "NP35",
        "284C",
        "GSM4593897",
        "THD0006",
        "SAMN15153963",
        "192C"
    ],
    "que_normal_samples": [
        "A40",
        "D344",
        "donor 2",
        "T90",
        "A26",
        "226C",
        "Donor_06",
        "A44",
        "NP27",
        "356C",
        "muc9833",
        "465C",
        "T121",
        "Donor_08",
        "VUHD92",
        "D353",
        "D239",
        "SAMN15153956",
        "VUHD70",
        "GRO-03",
        "VUHD107",
        "muc3843",
        "BG9_33",
        "GRO-07",
        "THD0017",
        "368C",
        "NP11",
        "BG9_3",
        "GRO-01",
        "LuT_437"
    ],
    "que_disease_samples": [
        "034I",
        "VUILD59",
        "VUILD61",
        "TILD028",
        "IPF_02",
        "TILD006",
        "063I",
        "158I",
        "225I",
        "041I",
        "IPF3",
        "210I",
        "221I",
        "TILD015",
        "177I",
        "59I",
        "145I",
        "VUILD65",
        "040I",
        "135I",
        "VUILD63",
        "214I",
        "IPF_01",
        "025I",
        "VUILD53",
        "VUILD64"
    ],
    "que_samples": [
        "A40",
        "D344",
        "donor 2",
        "T90",
        "A26",
        "226C",
        "Donor_06",
        "A44",
        "NP27",
        "356C",
        "muc9833",
        "465C",
        "T121",
        "Donor_08",
        "VUHD92",
        "D353",
        "D239",
        "SAMN15153956",
        "VUHD70",
        "GRO-03",
        "VUHD107",
        "muc3843",
        "BG9_33",
        "GRO-07",
        "THD0017",
        "368C",
        "NP11",
        "BG9_3",
        "GRO-01",
        "LuT_437",
        "034I",
        "VUILD59",
        "VUILD61",
        "TILD028",
        "IPF_02",
        "TILD006",
        "063I",
        "158I",
        "225I",
        "041I",
        "IPF3",
        "210I",
        "221I",
        "TILD015",
        "177I",
        "59I",
        "145I",
        "VUILD65",
        "040I",
        "135I",
        "VUILD63",
        "214I",
        "IPF_01",
        "025I",
        "VUILD53",
        "VUILD64"
    ]
}