{
    "problem": "healthy-reference-Basal-200",
    "n_comps": 3.0,
    "optimal_k": 15.0,
    "optimal_p": 0.04500000000000003,
    "ratio-limit": 0.1222707423580786,
    "accuracy": 0.54,
    "precision": 1.0,
    "recall": 0.11538461538461539,
    "f1": 0.20689655172413793,
    "outlier_ratio_ref_datasets": [
        0.0,
        null,
        0.026170798898071626,
        0.08088235294117647,
        0.1222707423580786,
        0.0392156862745098,
        0.043478260869565216,
        0.0,
        0.02188782489740082,
        0.16666666666666666,
        null,
        0.06623058053965658,
        null,
        0.0,
        0.022988505747126436,
        0.0,
        null,
        0.017964071856287425,
        0.05387205387205387,
        0.025974025974025976,
        null,
        0.013793103448275862,
        0.0,
        0.1111111111111111,
        0.008593396653098146,
        0.035211267605633804,
        null,
        0.25,
        0.0
    ],
    "outlier_ratio_que_datasets": [
        0.034911717495987156,
        0.07367859049652963,
        0.0,
        0.0,
        null,
        0.016666666666666666,
        0.044221105527638194,
        0.0,
        0.0,
        0.0,
        null,
        0.018292682926829267,
        0.0,
        null,
        0.0,
        0.0453920220082531,
        0.004132231404958678,
        0.03822937625754527,
        0.016666666666666666,
        null,
        0.0,
        0.0,
        0.04286892003297609,
        0.08712121212121213,
        null,
        0.049681528662420385,
        0.0958904109589041,
        0.04914004914004914,
        0.09714285714285714,
        null,
        0.13333333333333333,
        0.06346153846153846,
        0.04184100418410042,
        0.038461538461538464,
        0.0625,
        0.047619047619047616,
        0.08333333333333333,
        0.0,
        0.030303030303030304,
        0.10638297872340426,
        0.08771929824561403,
        0.047619047619047616,
        0.2222222222222222,
        0.09411764705882353,
        0.037037037037037035,
        0.047619047619047616,
        0.0,
        0.07692307692307693,
        0.0,
        0.14814814814814814,
        0.03546099290780142,
        0.06896551724137931,
        0.031746031746031744,
        0.05555555555555555,
        0.07142857142857142,
        0.03333333333333333
    ],
    "ref_normal_samples": [
        "donor 2",
        "VUHD076",
        "DD046Q",
        "NP26",
        "dd39p",
        "D344",
        "Patient_1",
        "VUHD107",
        "NP27",
        "A40",
        "THD0017",
        "T121",
        "NP35",
        "Donor_06",
        "GRO-01",
        "LuT_437",
        "THD0006",
        "GRO-07",
        "T166",
        "donor 3",
        "GSM4593897",
        "2020-3173-NC007",
        "296C",
        "muc9833",
        "D326",
        "A26",
        "muc4659",
        "A47",
        "VUHD70"
    ],
    "que_normal_samples": [
        "D339",
        "T90",
        "098C",
        "226C",
        "THD0012",
        "A44",
        "NP15",
        "356C",
        "192C",
        "lafy_donor_4",
        "SAMN15153963",
        "QZY9VQng",
        "465C",
        "Donor_08",
        "VUHD92",
        "T126",
        "D353",
        "NP22",
        "D239",
        "SAMN15153956",
        "GRO-03",
        "muc3843",
        "BG9_33",
        "A37",
        "368C",
        "NP14",
        "NP11",
        "BG9_3",
        "NP39",
        "284C"
    ],
    "que_disease_samples": [
        "051I",
        "034I",
        "VUILD59",
        "166I",
        "VUILD61",
        "TILD028",
        "IPF2",
        "IPF_04",
        "TILD006",
        "138I",
        "158I",
        "225I",
        "228I",
        "022I",
        "210I",
        "221I",
        "29I",
        "59I",
        "145I",
        "212I",
        "TILD010",
        "040I",
        "174I",
        "021I",
        "025I",
        "VUILD64"
    ],
    "que_samples": [
        "D339",
        "T90",
        "098C",
        "226C",
        "THD0012",
        "A44",
        "NP15",
        "356C",
        "192C",
        "lafy_donor_4",
        "SAMN15153963",
        "QZY9VQng",
        "465C",
        "Donor_08",
        "VUHD92",
        "T126",
        "D353",
        "NP22",
        "D239",
        "SAMN15153956",
        "GRO-03",
        "muc3843",
        "BG9_33",
        "A37",
        "368C",
        "NP14",
        "NP11",
        "BG9_3",
        "NP39",
        "284C",
        "051I",
        "034I",
        "VUILD59",
        "166I",
        "VUILD61",
        "TILD028",
        "IPF2",
        "IPF_04",
        "TILD006",
        "138I",
        "158I",
        "225I",
        "228I",
        "022I",
        "210I",
        "221I",
        "29I",
        "59I",
        "145I",
        "212I",
        "TILD010",
        "040I",
        "174I",
        "021I",
        "025I",
        "VUILD64"
    ]
}