{
    "problem": "healthy-reference-Basal-300",
    "n_comps": 10.0,
    "optimal_k": 4.0,
    "optimal_p": 0.04500000000000003,
    "ratio-limit": 0.0547945205479452,
    "accuracy": 0.7058823529411765,
    "precision": 0.7037037037037037,
    "recall": 0.7307692307692307,
    "f1": 0.7169811320754716,
    "outlier_ratio_ref_datasets": [
        0.0,
        0.008141112618724558,
        null,
        0.0,
        0.0,
        0.03428571428571429,
        0.0005903187721369539,
        0.0,
        null,
        0.16666666666666666,
        0.0,
        null,
        0.006896551724137931,
        0.0547945205479452,
        0.5,
        null,
        null,
        0.5,
        null,
        0.016666666666666666,
        0.014084507042253521,
        0.029573590096286108,
        0.0267515923566879,
        0.006019261637239166,
        0.08382274426054458,
        0.0,
        0.012285012285012284,
        0.01609657947686117,
        null
    ],
    "outlier_ratio_que_datasets": [
        0.029411764705882353,
        0.025806451612903226,
        0.07142857142857142,
        0.0,
        null,
        null,
        0.03305785123966942,
        0.0,
        0.03819095477386935,
        0.006839945280437756,
        0.0,
        0.2857142857142857,
        0.2222222222222222,
        0.01016260162601626,
        0.0,
        0.07604251839738348,
        0.0658970658970659,
        0.03333333333333333,
        0.0,
        0.15,
        0.020610057708161583,
        0.02155688622754491,
        null,
        0.10189228529839883,
        0.0946969696969697,
        0.007352941176470588,
        0.011494252873563218,
        null,
        0.0,
        null,
        0.2,
        0.04568527918781726,
        0.13636363636363635,
        0.3333333333333333,
        0.20238095238095238,
        0.0,
        0.18181818181818182,
        0.125,
        0.23809523809523808,
        0.046875,
        0.037037037037037035,
        0.25,
        0.3076923076923077,
        0.0,
        0.18181818181818182,
        0.2037037037037037,
        0.06382978723404255,
        0.12698412698412698,
        0.0,
        0.37735849056603776,
        0.14285714285714285,
        0.10526315789473684,
        0.0,
        0.14285714285714285,
        0.125,
        0.06666666666666667
    ],
    "ref_normal_samples": [
        "GRO-03",
        "D326",
        "VUHD076",
        "A40",
        "VUHD92",
        "NP39",
        "D353",
        "A47",
        "SAMN15153956",
        "VUHD70",
        "Donor_06",
        "368C",
        "2020-3173-NC007",
        "NP11",
        "lafy_donor_4",
        "SAMN15153963",
        "THD0006",
        "226C",
        "muc4659",
        "A44",
        "A26",
        "T126",
        "NP14",
        "D339",
        "T90",
        "356C",
        "BG9_3",
        "NP22",
        "Donor_08"
    ],
    "que_normal_samples": [
        "D344",
        "donor 2",
        "098C",
        "Patient_1",
        "THD0012",
        "GSM4593897",
        "DD046Q",
        "donor 3",
        "NP15",
        "NP27",
        "296C",
        "192C",
        "muc9833",
        "QZY9VQng",
        "465C",
        "T121",
        "T166",
        "D239",
        "VUHD107",
        "muc3843",
        "BG9_33",
        "GRO-07",
        "THD0017",
        "dd39p",
        "A37",
        "NP26",
        "GRO-01",
        "NP35",
        "LuT_437",
        "284C"
    ],
    "que_disease_samples": [
        "051I",
        "IPF_02",
        "49I",
        "IPF1",
        "157I",
        "123I",
        "TILD006",
        "063I",
        "225I",
        "IPF3",
        "210I",
        "29I",
        "177I",
        "145I",
        "179I",
        "212I",
        "TILD010",
        "174I",
        "Cryobiopsy_01",
        "135I",
        "214I",
        "IPF_01",
        "TILD001",
        "025I",
        "47I",
        "VUILD64"
    ],
    "que_samples": [
        "D344",
        "donor 2",
        "098C",
        "Patient_1",
        "THD0012",
        "GSM4593897",
        "DD046Q",
        "donor 3",
        "NP15",
        "NP27",
        "296C",
        "192C",
        "muc9833",
        "QZY9VQng",
        "465C",
        "T121",
        "T166",
        "D239",
        "VUHD107",
        "muc3843",
        "BG9_33",
        "GRO-07",
        "THD0017",
        "dd39p",
        "A37",
        "NP26",
        "GRO-01",
        "NP35",
        "LuT_437",
        "284C",
        "051I",
        "IPF_02",
        "49I",
        "IPF1",
        "157I",
        "123I",
        "TILD006",
        "063I",
        "225I",
        "IPF3",
        "210I",
        "29I",
        "177I",
        "145I",
        "179I",
        "212I",
        "TILD010",
        "174I",
        "Cryobiopsy_01",
        "135I",
        "214I",
        "IPF_01",
        "TILD001",
        "025I",
        "47I",
        "VUILD64"
    ]
}