{
    "problem": "healthy-reference-Basal-400",
    "n_comps": 17.0,
    "optimal_k": 4.0,
    "optimal_p": 0.049999999999999926,
    "ratio-limit": 0.02698282910874898,
    "accuracy": 0.6666666666666666,
    "precision": 0.7777777777777778,
    "recall": 0.5384615384615384,
    "f1": 0.6363636363636364,
    "outlier_ratio_ref_datasets": [
        0.0,
        0.016666666666666666,
        0.01407035175879397,
        null,
        0.004914004914004914,
        0.07142857142857142,
        null,
        0.07692307692307693,
        0.005095541401273885,
        0.0,
        0.02405002405002405,
        0.0,
        0.0,
        null,
        0.0,
        0.0,
        0.02698282910874898,
        0.01652892561983471,
        0.022727272727272728,
        0.0,
        0.0,
        0.0,
        0.0,
        0.2222222222222222,
        null,
        0.0,
        0.0,
        0.0005903187721369539,
        0.001203852327447833
    ],
    "outlier_ratio_que_datasets": [
        0.0,
        0.041110517885744796,
        0.0,
        0.0,
        0.0,
        0.0,
        null,
        null,
        0.0027359781121751026,
        0.0,
        0.0,
        0.004522840343735866,
        null,
        0.0040650406504065045,
        null,
        0.007565337001375516,
        0.002012072434607646,
        0.0,
        0.0,
        0.0,
        null,
        0.1,
        0.0032976092333058533,
        0.005988023952095809,
        null,
        0.033478893740902474,
        null,
        0.0410958904109589,
        0.0,
        null,
        0.023076923076923078,
        0.09090909090909091,
        0.0,
        0.027777777777777776,
        0.0,
        0.12121212121212122,
        0.0425531914893617,
        0.05263157894736842,
        0.14285714285714285,
        0.16666666666666666,
        0.015625,
        0.08536585365853659,
        0.1111111111111111,
        0.07407407407407407,
        0.25,
        0.02,
        0.15384615384615385,
        0.0,
        0.0,
        0.07407407407407407,
        0.0,
        0.0,
        0.0,
        0.1111111111111111,
        0.0,
        0.0
    ],
    "ref_normal_samples": [
        "296C",
        "D239",
        "NP15",
        "THD0006",
        "BG9_3",
        "098C",
        "SAMN15153956",
        "VUHD92",
        "NP14",
        "LuT_437",
        "T166",
        "465C",
        "A47",
        "VUHD076",
        "NP39",
        "356C",
        "T121",
        "DD046Q",
        "A37",
        "Patient_1",
        "donor 2",
        "A44",
        "A40",
        "muc9833",
        "284C",
        "donor 3",
        "NP26",
        "D353",
        "D339"
    ],
    "que_normal_samples": [
        "D344",
        "T90",
        "A26",
        "2020-3173-NC007",
        "226C",
        "Donor_06",
        "THD0012",
        "GSM4593897",
        "NP27",
        "192C",
        "lafy_donor_4",
        "D326",
        "SAMN15153963",
        "QZY9VQng",
        "Donor_08",
        "T126",
        "NP22",
        "VUHD70",
        "GRO-03",
        "VUHD107",
        "muc4659",
        "muc3843",
        "BG9_33",
        "GRO-07",
        "THD0017",
        "dd39p",
        "368C",
        "NP11",
        "GRO-01",
        "NP35"
    ],
    "que_disease_samples": [
        "034I",
        "49I",
        "IPF1",
        "IPF2",
        "IPF_04",
        "TILD006",
        "138I",
        "158I",
        "225I",
        "041I",
        "IPF3",
        "222I",
        "228I",
        "210I",
        "29I",
        "TILD015",
        "177I",
        "59I",
        "145I",
        "212I",
        "053I",
        "Cryobiopsy_01",
        "VUILD63",
        "021I",
        "TILD001",
        "VUILD53"
    ],
    "que_samples": [
        "D344",
        "T90",
        "A26",
        "2020-3173-NC007",
        "226C",
        "Donor_06",
        "THD0012",
        "GSM4593897",
        "NP27",
        "192C",
        "lafy_donor_4",
        "D326",
        "SAMN15153963",
        "QZY9VQng",
        "Donor_08",
        "T126",
        "NP22",
        "VUHD70",
        "GRO-03",
        "VUHD107",
        "muc4659",
        "muc3843",
        "BG9_33",
        "GRO-07",
        "THD0017",
        "dd39p",
        "368C",
        "NP11",
        "GRO-01",
        "NP35",
        "034I",
        "49I",
        "IPF1",
        "IPF2",
        "IPF_04",
        "TILD006",
        "138I",
        "158I",
        "225I",
        "041I",
        "IPF3",
        "222I",
        "228I",
        "210I",
        "29I",
        "TILD015",
        "177I",
        "59I",
        "145I",
        "212I",
        "053I",
        "Cryobiopsy_01",
        "VUILD63",
        "021I",
        "TILD001",
        "VUILD53"
    ]
}