{
    "problem": "healthy-reference-Basal-500",
    "n_comps": 13.0,
    "optimal_k": 4.0,
    "optimal_p": 0.1,
    "ratio-limit": 0.022727272727272728,
    "accuracy": 0.6274509803921569,
    "precision": 0.8888888888888888,
    "recall": 0.3076923076923077,
    "f1": 0.45714285714285713,
    "outlier_ratio_ref_datasets": [
        0.0,
        0.010101010101010102,
        0.0,
        0.0,
        null,
        0.007035175879396985,
        null,
        null,
        null,
        0.1111111111111111,
        0.004132231404958678,
        0.0,
        0.0,
        null,
        0.07142857142857142,
        0.0,
        null,
        0.022727272727272728,
        0.0,
        0.0,
        0.0,
        0.0008025682182985554,
        0.012279765082754938,
        0.0,
        0.009811937857726901,
        0.0,
        null,
        0.0,
        0.0
    ],
    "outlier_ratio_que_datasets": [
        0.0,
        0.0,
        0.0,
        0.0,
        0.0,
        null,
        0.0027359781121751026,
        0.0018091361374943465,
        0.0,
        0.0,
        null,
        0.0,
        0.0020632737276478678,
        0.002012072434607646,
        0.0,
        0.0,
        0.0,
        0.05,
        0.0016488046166529267,
        0.0011976047904191617,
        0.018922852983988356,
        0.0,
        0.0025477707006369425,
        null,
        0.002457002457002457,
        0.0,
        null,
        0.0,
        0.0,
        null,
        0.0020161290322580645,
        0.0038461538461538464,
        0.006276150627615063,
        0.07692307692307693,
        0.0,
        0.005076142131979695,
        0.0,
        0.0,
        0.09090909090909091,
        0.017543859649122806,
        0.13333333333333333,
        0.04878048780487805,
        0.03529411764705882,
        0.0,
        0.0,
        0.0,
        0.00273224043715847,
        0.0,
        0.034482758620689655,
        0.0,
        0.05555555555555555,
        0.07142857142857142,
        0.0,
        0.0,
        0.0,
        0.0
    ],
    "ref_normal_samples": [
        "NP11",
        "T166",
        "D353",
        "VUHD70",
        "VUHD076",
        "NP15",
        "muc4659",
        "368C",
        "THD0017",
        "muc9833",
        "DD046Q",
        "A26",
        "lafy_donor_4",
        "SAMN15153956",
        "098C",
        "D344",
        "GSM4593897",
        "A37",
        "donor 3",
        "QZY9VQng",
        "356C",
        "D339",
        "T90",
        "192C",
        "T121",
        "296C",
        "SAMN15153963",
        "226C",
        "A44"
    ],
    "que_normal_samples": [
        "A40",
        "donor 2",
        "2020-3173-NC007",
        "Patient_1",
        "Donor_06",
        "THD0012",
        "NP27",
        "D326",
        "465C",
        "A47",
        "Donor_08",
        "VUHD92",
        "T126",
        "NP22",
        "D239",
        "GRO-03",
        "VUHD107",
        "muc3843",
        "BG9_33",
        "GRO-07",
        "dd39p",
        "NP26",
        "NP14",
        "THD0006",
        "BG9_3",
        "GRO-01",
        "NP35",
        "LuT_437",
        "NP39",
        "284C"
    ],
    "que_disease_samples": [
        "VUILD60",
        "034I",
        "VUILD59",
        "166I",
        "TILD028",
        "IPF_02",
        "IPF_04",
        "123I",
        "TILD006",
        "158I",
        "041I",
        "222I",
        "022I",
        "210I",
        "59I",
        "212I",
        "VUILD65",
        "053I",
        "040I",
        "Cryobiopsy_01",
        "021I",
        "214I",
        "TILD001",
        "025I",
        "VUILD53",
        "VUILD64"
    ],
    "que_samples": [
        "A40",
        "donor 2",
        "2020-3173-NC007",
        "Patient_1",
        "Donor_06",
        "THD0012",
        "NP27",
        "D326",
        "465C",
        "A47",
        "Donor_08",
        "VUHD92",
        "T126",
        "NP22",
        "D239",
        "GRO-03",
        "VUHD107",
        "muc3843",
        "BG9_33",
        "GRO-07",
        "dd39p",
        "NP26",
        "NP14",
        "THD0006",
        "BG9_3",
        "GRO-01",
        "NP35",
        "LuT_437",
        "NP39",
        "284C",
        "VUILD60",
        "034I",
        "VUILD59",
        "166I",
        "TILD028",
        "IPF_02",
        "IPF_04",
        "123I",
        "TILD006",
        "158I",
        "041I",
        "222I",
        "022I",
        "210I",
        "59I",
        "212I",
        "VUILD65",
        "053I",
        "040I",
        "Cryobiopsy_01",
        "021I",
        "214I",
        "TILD001",
        "025I",
        "VUILD53",
        "VUILD64"
    ]
}