{
    "problem": "healthy-reference-Basal-600",
    "n_comps": 18.0,
    "optimal_k": 4.0,
    "optimal_p": 0.05499999999999993,
    "ratio-limit": 0.0273972602739726,
    "accuracy": 0.6938775510204082,
    "precision": 0.8666666666666667,
    "recall": 0.5,
    "f1": 0.6341463414634146,
    "outlier_ratio_ref_datasets": [
        0.010050251256281407,
        0.0027137042062415195,
        null,
        0.017988552739165987,
        0.0,
        0.0,
        0.007042253521126761,
        0.2222222222222222,
        0.0020325203252032522,
        0.0,
        0.0,
        0.0004012841091492777,
        null,
        0.034703683929524824,
        0.016666666666666666,
        0.00247320692497939,
        0.0,
        0.0273972602739726,
        0.0,
        null,
        0.25,
        0.0,
        0.0,
        0.004191616766467066,
        0.0,
        null,
        0.0,
        0.0,
        null
    ],
    "outlier_ratio_que_datasets": [
        0.00980392156862745,
        0.0,
        null,
        0.01790633608815427,
        0.0,
        0.0,
        0.0013679890560875513,
        0.0,
        0.0,
        0.0,
        0.0,
        0.023088023088023088,
        null,
        0.07692307692307693,
        0.008940852819807428,
        0.0,
        0.002012072434607646,
        0.0,
        0.0,
        0.02911208151382824,
        0.026515151515151516,
        0.0,
        null,
        0.005095541401273885,
        null,
        0.002457002457002457,
        0.0,
        null,
        null,
        null,
        0.01730769230769231,
        0.0125,
        0.03225806451612903,
        0.045454545454545456,
        0.0,
        0.027777777777777776,
        0.027777777777777776,
        0.0,
        0.03571428571428571,
        0.030303030303030304,
        0.0425531914893617,
        0.05263157894736842,
        0.09523809523809523,
        0.1,
        0.0,
        0.02,
        0.19230769230769232,
        0.0,
        0.0,
        0.0,
        0.07547169811320754,
        0.0,
        0.14285714285714285,
        0.0,
        0.0,
        0.0
    ],
    "ref_normal_samples": [
        "NP15",
        "D326",
        "muc4659",
        "T121",
        "Patient_1",
        "GRO-03",
        "A26",
        "muc9833",
        "QZY9VQng",
        "LuT_437",
        "A47",
        "D339",
        "THD0017",
        "T90",
        "D239",
        "BG9_33",
        "A40",
        "NP11",
        "NP39",
        "SAMN15153963",
        "lafy_donor_4",
        "2020-3173-NC007",
        "Donor_06",
        "GRO-07",
        "VUHD70",
        "SAMN15153956",
        "226C",
        "donor 2",
        "GSM4593897"
    ],
    "que_normal_samples": [
        "D344",
        "098C",
        "THD0012",
        "DD046Q",
        "donor 3",
        "A44",
        "NP27",
        "356C",
        "296C",
        "192C",
        "465C",
        "T166",
        "Donor_08",
        "VUHD92",
        "T126",
        "D353",
        "NP22",
        "VUHD107",
        "muc3843",
        "dd39p",
        "A37",
        "NP26",
        "368C",
        "NP14",
        "THD0006",
        "BG9_3",
        "GRO-01",
        "NP35",
        "VUHD076",
        "284C"
    ],
    "que_disease_samples": [
        "034I",
        "VUILD61",
        "IPF_03",
        "49I",
        "IPF1",
        "IPF2",
        "010I",
        "IPF_04",
        "157I",
        "TILD006",
        "138I",
        "158I",
        "225I",
        "041I",
        "IPF3",
        "TILD015",
        "177I",
        "145I",
        "053I",
        "Cryobiopsy_01",
        "135I",
        "VUILD63",
        "214I",
        "IPF_01",
        "TILD001",
        "025I"
    ],
    "que_samples": [
        "D344",
        "098C",
        "THD0012",
        "DD046Q",
        "donor 3",
        "A44",
        "NP27",
        "356C",
        "296C",
        "192C",
        "465C",
        "T166",
        "Donor_08",
        "VUHD92",
        "T126",
        "D353",
        "NP22",
        "VUHD107",
        "muc3843",
        "dd39p",
        "A37",
        "NP26",
        "368C",
        "NP14",
        "THD0006",
        "BG9_3",
        "GRO-01",
        "NP35",
        "VUHD076",
        "284C",
        "034I",
        "VUILD61",
        "IPF_03",
        "49I",
        "IPF1",
        "IPF2",
        "010I",
        "IPF_04",
        "157I",
        "TILD006",
        "138I",
        "158I",
        "225I",
        "041I",
        "IPF3",
        "TILD015",
        "177I",
        "145I",
        "053I",
        "Cryobiopsy_01",
        "135I",
        "VUILD63",
        "214I",
        "IPF_01",
        "TILD001",
        "025I"
    ]
}