{
    "problem": "healthy-reference-Basal-700",
    "n_comps": 16.0,
    "optimal_k": 4.0,
    "optimal_p": 0.04000000000000003,
    "ratio-limit": 0.0012738853503184713,
    "accuracy": 0.6078431372549019,
    "precision": 0.6153846153846154,
    "recall": 0.6153846153846154,
    "f1": 0.6153846153846154,
    "outlier_ratio_ref_datasets": [
        0.0,
        null,
        null,
        0.01062959934587081,
        null,
        0.005509641873278237,
        0.0,
        0.0,
        null,
        0.0,
        0.0,
        0.0,
        0.0,
        0.0,
        0.0,
        null,
        0.0,
        0.0,
        null,
        0.0,
        null,
        0.0,
        0.0012738853503184713,
        0.0,
        0.0,
        0.0008244023083264633,
        0.013100436681222707,
        0.0020632737276478678,
        0.0
    ],
    "outlier_ratio_que_datasets": [
        0.0,
        0.0004012841091492777,
        0.020822210357714897,
        0.007042253521126761,
        0.0,
        0.0,
        0.0,
        0.0,
        0.007035175879396985,
        0.0013679890560875513,
        0.0,
        0.002261420171867933,
        null,
        0.1111111111111111,
        0.0,
        0.0,
        0.013468013468013467,
        null,
        0.07692307692307693,
        0.0,
        null,
        0.0011976047904191617,
        0.022727272727272728,
        0.0,
        null,
        0.002457002457002457,
        0.0,
        null,
        0.0,
        0.0,
        0.022222222222222223,
        0.004032258064516129,
        0.038461538461538464,
        0.0,
        0.0,
        0.027777777777777776,
        0.0,
        0.0,
        0.011904761904761904,
        0.0,
        0.030303030303030304,
        0.0,
        0.041666666666666664,
        0.03508771929824561,
        0.016129032258064516,
        0.047619047619047616,
        0.0,
        0.18181818181818182,
        0.0,
        0.034482758620689655,
        0.015873015873015872,
        0.07142857142857142,
        0.0,
        0.0,
        0.0625,
        0.03333333333333333
    ],
    "ref_normal_samples": [
        "Donor_06",
        "VUHD076",
        "GSM4593897",
        "T121",
        "THD0017",
        "DD046Q",
        "D353",
        "VUHD107",
        "THD0006",
        "192C",
        "A40",
        "GRO-03",
        "D239",
        "098C",
        "VUHD70",
        "284C",
        "A44",
        "lafy_donor_4",
        "muc4659",
        "356C",
        "THD0012",
        "NP11",
        "NP14",
        "muc3843",
        "QZY9VQng",
        "BG9_33",
        "dd39p",
        "T126",
        "D344"
    ],
    "que_normal_samples": [
        "donor 2",
        "D339",
        "T90",
        "A26",
        "2020-3173-NC007",
        "226C",
        "Patient_1",
        "donor 3",
        "NP15",
        "NP27",
        "296C",
        "D326",
        "SAMN15153963",
        "muc9833",
        "465C",
        "A47",
        "T166",
        "Donor_08",
        "VUHD92",
        "NP22",
        "SAMN15153956",
        "GRO-07",
        "A37",
        "NP26",
        "368C",
        "BG9_3",
        "GRO-01",
        "NP35",
        "LuT_437",
        "NP39"
    ],
    "que_disease_samples": [
        "051I",
        "VUILD60",
        "166I",
        "IPF_03",
        "IPF_02",
        "IPF2",
        "010I",
        "IPF_04",
        "157I",
        "123I",
        "TILD006",
        "138I",
        "063I",
        "158I",
        "209I",
        "225I",
        "221I",
        "179I",
        "053I",
        "040I",
        "174I",
        "214I",
        "IPF_01",
        "025I",
        "47I",
        "VUILD64"
    ],
    "que_samples": [
        "donor 2",
        "D339",
        "T90",
        "A26",
        "2020-3173-NC007",
        "226C",
        "Patient_1",
        "donor 3",
        "NP15",
        "NP27",
        "296C",
        "D326",
        "SAMN15153963",
        "muc9833",
        "465C",
        "A47",
        "T166",
        "Donor_08",
        "VUHD92",
        "NP22",
        "SAMN15153956",
        "GRO-07",
        "A37",
        "NP26",
        "368C",
        "BG9_3",
        "GRO-01",
        "NP35",
        "LuT_437",
        "NP39",
        "051I",
        "VUILD60",
        "166I",
        "IPF_03",
        "IPF_02",
        "IPF2",
        "010I",
        "IPF_04",
        "157I",
        "123I",
        "TILD006",
        "138I",
        "063I",
        "158I",
        "209I",
        "225I",
        "221I",
        "179I",
        "053I",
        "040I",
        "174I",
        "214I",
        "IPF_01",
        "025I",
        "47I",
        "VUILD64"
    ]
}