{
    "problem": "healthy-reference-Basal-800",
    "n_comps": 20.0,
    "optimal_k": 4.0,
    "optimal_p": 0.04500000000000003,
    "ratio-limit": 0.03787878787878788,
    "accuracy": 0.64,
    "precision": 0.75,
    "recall": 0.46153846153846156,
    "f1": 0.5714285714285714,
    "outlier_ratio_ref_datasets": [
        0.00741962077493817,
        0.07692307692307693,
        0.0,
        0.0008025682182985554,
        null,
        0.022894521668029435,
        0.01019108280254777,
        0.011691884456671253,
        0.0,
        0.03056768558951965,
        0.0,
        null,
        0.023415977961432508,
        0.0,
        0.03787878787878788,
        0.0,
        0.004024144869215292,
        0.0,
        0.016666666666666666,
        0.004975124378109453,
        0.0,
        null,
        0.004914004914004914,
        0.0,
        null,
        null,
        null,
        0.0,
        0.14285714285714285
    ],
    "outlier_ratio_que_datasets": [
        0.0,
        0.0,
        0.04911906033101975,
        0.007042253521126761,
        0.0,
        0.0,
        null,
        0.012987012987012988,
        0.0,
        0.017085427135678392,
        0.0027359781121751026,
        0.0,
        0.0,
        null,
        0.1111111111111111,
        0.006097560975609756,
        0.0,
        0.03318903318903319,
        0.0005903187721369539,
        0.0,
        null,
        0.05,
        0.006586826347305389,
        null,
        0.0,
        0.0410958904109589,
        0.0,
        null,
        0.005714285714285714,
        null,
        0.012096774193548387,
        0.03076923076923077,
        0.014644351464435146,
        0.0375,
        0.0,
        0.0,
        0.05555555555555555,
        0.014285714285714285,
        0.12121212121212122,
        0.03508771929824561,
        0.09523809523809523,
        0.16666666666666666,
        0.015625,
        0.08536585365853659,
        0.3333333333333333,
        0.058823529411764705,
        0.047619047619047616,
        0.04,
        0.09259259259259259,
        0.0,
        0.0,
        0.1509433962264151,
        0.0,
        0.0,
        0.034482758620689655,
        0.06666666666666667
    ],
    "ref_normal_samples": [
        "BG9_33",
        "VUHD92",
        "VUHD70",
        "D339",
        "Donor_08",
        "T121",
        "NP14",
        "T126",
        "192C",
        "dd39p",
        "donor 2",
        "VUHD076",
        "DD046Q",
        "VUHD107",
        "A37",
        "LuT_437",
        "NP22",
        "Patient_1",
        "D239",
        "D326",
        "A47",
        "THD0012",
        "BG9_3",
        "296C",
        "THD0006",
        "SAMN15153956",
        "368C",
        "Donor_06",
        "098C"
    ],
    "que_normal_samples": [
        "A40",
        "D344",
        "T90",
        "A26",
        "2020-3173-NC007",
        "226C",
        "GSM4593897",
        "donor 3",
        "A44",
        "NP15",
        "NP27",
        "356C",
        "lafy_donor_4",
        "SAMN15153963",
        "muc9833",
        "QZY9VQng",
        "465C",
        "T166",
        "D353",
        "GRO-03",
        "muc4659",
        "muc3843",
        "GRO-07",
        "THD0017",
        "NP26",
        "NP11",
        "GRO-01",
        "NP35",
        "NP39",
        "284C"
    ],
    "que_disease_samples": [
        "VUILD60",
        "034I",
        "VUILD59",
        "VUILD61",
        "IPF_03",
        "IPF1",
        "010I",
        "IPF_04",
        "TILD006",
        "158I",
        "225I",
        "041I",
        "IPF3",
        "222I",
        "228I",
        "022I",
        "221I",
        "TILD015",
        "212I",
        "053I",
        "Cryobiopsy_01",
        "135I",
        "VUILD63",
        "025I",
        "VUILD53",
        "VUILD64"
    ],
    "que_samples": [
        "A40",
        "D344",
        "T90",
        "A26",
        "2020-3173-NC007",
        "226C",
        "GSM4593897",
        "donor 3",
        "A44",
        "NP15",
        "NP27",
        "356C",
        "lafy_donor_4",
        "SAMN15153963",
        "muc9833",
        "QZY9VQng",
        "465C",
        "T166",
        "D353",
        "GRO-03",
        "muc4659",
        "muc3843",
        "GRO-07",
        "THD0017",
        "NP26",
        "NP11",
        "GRO-01",
        "NP35",
        "NP39",
        "284C",
        "VUILD60",
        "034I",
        "VUILD59",
        "VUILD61",
        "IPF_03",
        "IPF1",
        "010I",
        "IPF_04",
        "TILD006",
        "158I",
        "225I",
        "041I",
        "IPF3",
        "222I",
        "228I",
        "022I",
        "221I",
        "TILD015",
        "212I",
        "053I",
        "Cryobiopsy_01",
        "135I",
        "VUILD63",
        "025I",
        "VUILD53",
        "VUILD64"
    ]
}