{
    "problem": "healthy-reference-Basal-900",
    "n_comps": 25.0,
    "optimal_k": 4.0,
    "optimal_p": 0.05499999999999993,
    "ratio-limit": 0.25,
    "accuracy": 0.66,
    "precision": 0.8,
    "recall": 0.46153846153846156,
    "f1": 0.5853658536585366,
    "outlier_ratio_ref_datasets": [
        0.0,
        0.06493506493506493,
        null,
        null,
        0.056338028169014086,
        0.026380873866446827,
        0.21428571428571427,
        null,
        0.03333333333333333,
        0.10227272727272728,
        0.25,
        0.013643659711075442,
        0.125,
        0.10629599345870809,
        null,
        0.03333333333333333,
        0.0,
        0.0029515938606847697,
        1.0,
        0.3333333333333333,
        null,
        null,
        0.020689655172413793,
        0.08321308321308321,
        0.25,
        0.0,
        0.010854816824966078,
        0.029411764705882353,
        0.061306532663316586
    ],
    "outlier_ratio_que_datasets": [
        0.2222222222222222,
        0.0196078431372549,
        0.07096774193548387,
        0.15376401494927924,
        0.5,
        0.043478260869565216,
        null,
        null,
        0.10881542699724518,
        0.009575923392612859,
        0.0,
        0.7142857142857143,
        0.042682926829268296,
        0.2,
        null,
        0.07692307692307693,
        0.06327372764786796,
        0.028169014084507043,
        0.3333333333333333,
        0.046511627906976744,
        null,
        0.03952095808383234,
        0.18340611353711792,
        0.03184713375796178,
        0.0958904109589041,
        0.03194103194103194,
        0.022988505747126436,
        null,
        0.08571428571428572,
        null,
        0.0907258064516129,
        0.19230769230769232,
        0.08577405857740586,
        0.34615384615384615,
        0.116751269035533,
        0.18181818181818182,
        0.2976190476190476,
        0.18181818181818182,
        0.3617021276595745,
        0.3333333333333333,
        0.2807017543859649,
        0.3709677419354839,
        0.6666666666666666,
        0.23529411764705882,
        0.46153846153846156,
        0.36363636363636365,
        0.05737704918032787,
        0.07092198581560284,
        0.41379310344827586,
        0.0,
        0.21428571428571427,
        0.10526315789473684,
        0.041666666666666664,
        0.2857142857142857,
        0.4375,
        0.06896551724137931
    ],
    "ref_normal_samples": [
        "VUHD107",
        "donor 3",
        "SAMN15153963",
        "368C",
        "A26",
        "BG9_33",
        "098C",
        "THD0017",
        "A44",
        "A37",
        "lafy_donor_4",
        "D339",
        "Donor_06",
        "T121",
        "VUHD076",
        "D239",
        "A47",
        "D353",
        "356C",
        "muc9833",
        "THD0006",
        "SAMN15153956",
        "2020-3173-NC007",
        "T166",
        "muc3843",
        "LuT_437",
        "D326",
        "NP26",
        "NP15"
    ],
    "que_normal_samples": [
        "A40",
        "D344",
        "donor 2",
        "T90",
        "226C",
        "Patient_1",
        "THD0012",
        "GSM4593897",
        "DD046Q",
        "NP27",
        "296C",
        "192C",
        "QZY9VQng",
        "465C",
        "Donor_08",
        "VUHD92",
        "T126",
        "NP22",
        "VUHD70",
        "GRO-03",
        "muc4659",
        "GRO-07",
        "dd39p",
        "NP14",
        "NP11",
        "BG9_3",
        "GRO-01",
        "NP35",
        "NP39",
        "284C"
    ],
    "que_disease_samples": [
        "VUILD60",
        "034I",
        "VUILD59",
        "166I",
        "IPF_02",
        "49I",
        "157I",
        "TILD006",
        "138I",
        "063I",
        "158I",
        "209I",
        "228I",
        "022I",
        "177I",
        "179I",
        "VUILD65",
        "TILD010",
        "040I",
        "Cryobiopsy_01",
        "214I",
        "IPF_01",
        "TILD001",
        "025I",
        "47I",
        "VUILD53"
    ],
    "que_samples": [
        "A40",
        "D344",
        "donor 2",
        "T90",
        "226C",
        "Patient_1",
        "THD0012",
        "GSM4593897",
        "DD046Q",
        "NP27",
        "296C",
        "192C",
        "QZY9VQng",
        "465C",
        "Donor_08",
        "VUHD92",
        "T126",
        "NP22",
        "VUHD70",
        "GRO-03",
        "muc4659",
        "GRO-07",
        "dd39p",
        "NP14",
        "NP11",
        "BG9_3",
        "GRO-01",
        "NP35",
        "NP39",
        "284C",
        "VUILD60",
        "034I",
        "VUILD59",
        "166I",
        "IPF_02",
        "49I",
        "157I",
        "TILD006",
        "138I",
        "063I",
        "158I",
        "209I",
        "228I",
        "022I",
        "177I",
        "179I",
        "VUILD65",
        "TILD010",
        "040I",
        "Cryobiopsy_01",
        "214I",
        "IPF_01",
        "TILD001",
        "025I",
        "47I",
        "VUILD53"
    ]
}