{
    "problem": "healthy-reference-AT2-0",
    "n_comps": 8.0,
    "optimal_k": 6.0,
    "optimal_p": 0.04500000000000003,
    "ratio-limit": 0.3220338983050847,
    "accuracy": 0.6222222222222222,
    "precision": 0.8,
    "recall": 0.46153846153846156,
    "f1": 0.5853658536585366,
    "outlier_ratio_ref_datasets": [
        null,
        0.05191256830601093,
        0.07692307692307693,
        0.125,
        0.09293680297397769,
        1.0,
        null,
        0.115,
        0.06644829199812821,
        0.05390334572490706,
        0.027673896783844427,
        null,
        0.1,
        0.1830065359477124,
        null,
        0.3220338983050847,
        0.03968253968253968,
        null,
        0.16,
        0.18584070796460178,
        null,
        null,
        0.04519230769230769,
        1.0,
        null,
        1.0,
        0.08454810495626822,
        0.14285714285714285,
        1.0
    ],
    "outlier_ratio_que_datasets": [
        0.03389830508474576,
        0.5,
        null,
        0.16981132075471697,
        null,
        0.08176470588235295,
        0.07222222222222222,
        1.0,
        0.08644168146832445,
        0.12954876273653565,
        0.34146341463414637,
        null,
        0.0,
        null,
        null,
        null,
        0.038856304985337244,
        null,
        null,
        0.05100671140939597,
        0.125,
        0.020134228187919462,
        null,
        0.08092485549132948,
        null,
        0.125,
        null,
        0.0,
        0.23076923076923078,
        0.037037037037037035,
        0.23793103448275862,
        0.1836734693877551,
        0.17277486910994763,
        0.26666666666666666,
        0.3333333333333333,
        0.3364485981308411,
        0.3333333333333333,
        0.3106796116504854,
        0.5625,
        0.23076923076923078,
        0.17142857142857143,
        0.5789473684210527,
        0.3037974683544304,
        0.8181818181818182,
        0.0,
        0.4,
        0.34415584415584416,
        0.2391304347826087,
        0.12149532710280374,
        0.5714285714285714,
        0.14912280701754385,
        1.0,
        0.17560975609756097,
        0.6666666666666666,
        0.5,
        0.10575139146567718
    ],
    "ref_normal_samples": [
        "NP35",
        "muc9833",
        "368C",
        "465C",
        "donor 2",
        "NP15",
        "T126",
        "VUHD92",
        "QZY9VQng",
        "296C",
        "Donor_08",
        "D326",
        "VUHD70",
        "DD046Q",
        "BG9_3",
        "226C",
        "356C",
        "GRO-07",
        "A26",
        "VUHD107",
        "GRO-01",
        "NP22",
        "Patient_1",
        "NP14",
        "muc4659",
        "T90",
        "lafy_donor_4",
        "NP39",
        "NP27"
    ],
    "que_normal_samples": [
        "A40",
        "D344",
        "D339",
        "098C",
        "2020-3173-NC007",
        "Donor_06",
        "THD0012",
        "GSM4593897",
        "donor 3",
        "A44",
        "192C",
        "SAMN15153963",
        "A47",
        "T121",
        "T166",
        "D353",
        "D239",
        "SAMN15153956",
        "GRO-03",
        "muc3843",
        "BG9_33",
        "THD0017",
        "dd39p",
        "A37",
        "NP26",
        "THD0006",
        "NP11",
        "LuT_437",
        "VUHD076",
        "284C"
    ],
    "que_disease_samples": [
        "VUILD60",
        "166I",
        "IPF_03",
        "IPF_02",
        "49I",
        "IPF2",
        "010I",
        "157I",
        "138I",
        "063I",
        "158I",
        "222I",
        "022I",
        "29I",
        "59I",
        "179I",
        "VUILD65",
        "TILD010",
        "Cryobiopsy_01",
        "135I",
        "VUILD63",
        "214I",
        "IPF_01",
        "TILD001",
        "025I",
        "VUILD64"
    ],
    "que_samples": [
        "A40",
        "D344",
        "D339",
        "098C",
        "2020-3173-NC007",
        "Donor_06",
        "THD0012",
        "GSM4593897",
        "donor 3",
        "A44",
        "192C",
        "SAMN15153963",
        "A47",
        "T121",
        "T166",
        "D353",
        "D239",
        "SAMN15153956",
        "GRO-03",
        "muc3843",
        "BG9_33",
        "THD0017",
        "dd39p",
        "A37",
        "NP26",
        "THD0006",
        "NP11",
        "LuT_437",
        "VUHD076",
        "284C",
        "VUILD60",
        "166I",
        "IPF_03",
        "IPF_02",
        "49I",
        "IPF2",
        "010I",
        "157I",
        "138I",
        "063I",
        "158I",
        "222I",
        "022I",
        "29I",
        "59I",
        "179I",
        "VUILD65",
        "TILD010",
        "Cryobiopsy_01",
        "135I",
        "VUILD63",
        "214I",
        "IPF_01",
        "TILD001",
        "025I",
        "VUILD64"
    ]
}