{
    "problem": "healthy-reference-AT2-100",
    "n_comps": 7.0,
    "optimal_k": 15.0,
    "optimal_p": 0.035000000000000024,
    "ratio-limit": 0.2804878048780488,
    "accuracy": 0.6458333333333334,
    "precision": 0.8,
    "recall": 0.46153846153846156,
    "f1": 0.5853658536585366,
    "outlier_ratio_ref_datasets": [
        0.03076923076923077,
        null,
        0.15384615384615385,
        1.0,
        0.022222222222222223,
        null,
        0.035563874590547495,
        0.05202312138728324,
        null,
        0.0,
        null,
        null,
        null,
        null,
        0.03773584905660377,
        0.0,
        1.0,
        null,
        0.16339869281045752,
        0.05830903790087463,
        0.05979869745411486,
        0.031598513011152414,
        null,
        null,
        0.037037037037037035,
        1.0,
        0.125,
        null,
        0.2804878048780488
    ],
    "outlier_ratio_que_datasets": [
        0.0,
        0.35714285714285715,
        0.06505576208178439,
        1.0,
        0.16,
        0.2542372881355932,
        0.06823529411764706,
        0.10189228529839883,
        1.0,
        0.031746031746031744,
        0.03825136612021858,
        0.041666666666666664,
        null,
        0.022064323111443532,
        0.14,
        null,
        0.02126099706744868,
        null,
        0.0,
        null,
        0.12389380530973451,
        0.03355704697986577,
        0.125,
        null,
        0.011185682326621925,
        0.0641025641025641,
        null,
        null,
        null,
        0.09090909090909091,
        0.28125,
        0.15565286624203822,
        0.17894736842105263,
        0.330188679245283,
        0.26666666666666666,
        0.1791044776119403,
        0.07692307692307693,
        0.12857142857142856,
        0.1323529411764706,
        0.65,
        0.36363636363636365,
        0.5384615384615384,
        0.5,
        0.5254237288135594,
        0.14285714285714285,
        0.0,
        0.4375,
        0.2857142857142857,
        0.25,
        0.47619047619047616,
        0.13157894736842105,
        0.6,
        0.1024390243902439,
        0.5,
        0.08264462809917356,
        0.07977736549165121
    ],
    "ref_normal_samples": [
        "Patient_1",
        "T166",
        "VUHD076",
        "NP14",
        "THD0012",
        "dd39p",
        "QZY9VQng",
        "A37",
        "D326",
        "A47",
        "T126",
        "2020-3173-NC007",
        "NP22",
        "NP26",
        "098C",
        "NP39",
        "NP15",
        "D339",
        "DD046Q",
        "lafy_donor_4",
        "donor 3",
        "296C",
        "muc4659",
        "NP35",
        "284C",
        "GSM4593897",
        "THD0006",
        "SAMN15153963",
        "192C"
    ],
    "que_normal_samples": [
        "A40",
        "D344",
        "donor 2",
        "T90",
        "A26",
        "226C",
        "Donor_06",
        "A44",
        "NP27",
        "356C",
        "muc9833",
        "465C",
        "T121",
        "Donor_08",
        "VUHD92",
        "D353",
        "D239",
        "SAMN15153956",
        "VUHD70",
        "GRO-03",
        "VUHD107",
        "muc3843",
        "BG9_33",
        "GRO-07",
        "THD0017",
        "368C",
        "NP11",
        "BG9_3",
        "GRO-01",
        "LuT_437"
    ],
    "que_disease_samples": [
        "034I",
        "VUILD59",
        "VUILD61",
        "TILD028",
        "IPF_02",
        "TILD006",
        "063I",
        "158I",
        "225I",
        "041I",
        "IPF3",
        "210I",
        "221I",
        "TILD015",
        "177I",
        "59I",
        "145I",
        "VUILD65",
        "040I",
        "135I",
        "VUILD63",
        "214I",
        "IPF_01",
        "025I",
        "VUILD53",
        "VUILD64"
    ],
    "que_samples": [
        "A40",
        "D344",
        "donor 2",
        "T90",
        "A26",
        "226C",
        "Donor_06",
        "A44",
        "NP27",
        "356C",
        "muc9833",
        "465C",
        "T121",
        "Donor_08",
        "VUHD92",
        "D353",
        "D239",
        "SAMN15153956",
        "VUHD70",
        "GRO-03",
        "VUHD107",
        "muc3843",
        "BG9_33",
        "GRO-07",
        "THD0017",
        "368C",
        "NP11",
        "BG9_3",
        "GRO-01",
        "LuT_437",
        "034I",
        "VUILD59",
        "VUILD61",
        "TILD028",
        "IPF_02",
        "TILD006",
        "063I",
        "158I",
        "225I",
        "041I",
        "IPF3",
        "210I",
        "221I",
        "TILD015",
        "177I",
        "59I",
        "145I",
        "VUILD65",
        "040I",
        "135I",
        "VUILD63",
        "214I",
        "IPF_01",
        "025I",
        "VUILD53",
        "VUILD64"
    ]
}