{
    "problem": "healthy-reference-AT2-200",
    "n_comps": 2.0,
    "optimal_k": 15.0,
    "optimal_p": 0.04500000000000003,
    "ratio-limit": 0.5,
    "accuracy": 0.46808510638297873,
    "precision": 0.5714285714285714,
    "recall": 0.15384615384615385,
    "f1": 0.24242424242424243,
    "outlier_ratio_ref_datasets": [
        0.09851301115241635,
        0.46153846153846156,
        0.06535947712418301,
        null,
        null,
        0.5,
        0.038461538461538464,
        0.3008849557522124,
        1.0,
        0.05084745762711865,
        0.017897091722595078,
        null,
        null,
        0.0811764705882353,
        null,
        0.09090909090909091,
        0.20833333333333334,
        null,
        null,
        0.07282415630550622,
        0.0,
        null,
        0.09851301115241635,
        0.023679417122040074,
        null,
        0.1,
        null,
        0.0,
        0.3
    ],
    "outlier_ratio_que_datasets": [
        null,
        1.0,
        0.18867924528301888,
        0.5932203389830508,
        0.027777777777777776,
        0.11790393013100436,
        0.0,
        0.021164021164021163,
        0.4024390243902439,
        0.11661807580174927,
        null,
        0.14974262985493683,
        0.125,
        0.0381451009723261,
        0.1,
        null,
        null,
        null,
        0.0872434017595308,
        null,
        null,
        0.04429530201342282,
        0.125,
        0.05202312138728324,
        0.14102564102564102,
        1.0,
        null,
        null,
        0.0,
        0.07407407407407407,
        0.631578947368421,
        0.328125,
        0.11823248407643312,
        0.22448979591836735,
        0.1031578947368421,
        0.22641509433962265,
        0.2523364485981308,
        0.0519409513395298,
        0.2537313432835821,
        0.625,
        0.15714285714285714,
        0.10294117647058823,
        0.3333333333333333,
        0.27848101265822783,
        0.46153846153846156,
        0.5,
        0.8181818181818182,
        0.0,
        0.25,
        0.38461538461538464,
        0.21739130434782608,
        0.4,
        0.6486486486486487,
        0.4358974358974359,
        0.0,
        0.19109461966604824
    ],
    "ref_normal_samples": [
        "donor 2",
        "VUHD076",
        "DD046Q",
        "NP26",
        "dd39p",
        "D344",
        "Patient_1",
        "VUHD107",
        "NP27",
        "A40",
        "THD0017",
        "T121",
        "NP35",
        "Donor_06",
        "GRO-01",
        "LuT_437",
        "THD0006",
        "GRO-07",
        "T166",
        "donor 3",
        "GSM4593897",
        "2020-3173-NC007",
        "296C",
        "muc9833",
        "D326",
        "A26",
        "muc4659",
        "A47",
        "VUHD70"
    ],
    "que_normal_samples": [
        "D339",
        "T90",
        "098C",
        "226C",
        "THD0012",
        "A44",
        "NP15",
        "356C",
        "192C",
        "lafy_donor_4",
        "SAMN15153963",
        "QZY9VQng",
        "465C",
        "Donor_08",
        "VUHD92",
        "T126",
        "D353",
        "NP22",
        "D239",
        "SAMN15153956",
        "GRO-03",
        "muc3843",
        "BG9_33",
        "A37",
        "368C",
        "NP14",
        "NP11",
        "BG9_3",
        "NP39",
        "284C"
    ],
    "que_disease_samples": [
        "051I",
        "034I",
        "VUILD59",
        "166I",
        "VUILD61",
        "TILD028",
        "IPF2",
        "IPF_04",
        "TILD006",
        "138I",
        "158I",
        "225I",
        "228I",
        "022I",
        "210I",
        "221I",
        "29I",
        "59I",
        "145I",
        "212I",
        "TILD010",
        "040I",
        "174I",
        "021I",
        "025I",
        "VUILD64"
    ],
    "que_samples": [
        "D339",
        "T90",
        "098C",
        "226C",
        "THD0012",
        "A44",
        "NP15",
        "356C",
        "192C",
        "lafy_donor_4",
        "SAMN15153963",
        "QZY9VQng",
        "465C",
        "Donor_08",
        "VUHD92",
        "T126",
        "D353",
        "NP22",
        "D239",
        "SAMN15153956",
        "GRO-03",
        "muc3843",
        "BG9_33",
        "A37",
        "368C",
        "NP14",
        "NP11",
        "BG9_3",
        "NP39",
        "284C",
        "051I",
        "034I",
        "VUILD59",
        "166I",
        "VUILD61",
        "TILD028",
        "IPF2",
        "IPF_04",
        "TILD006",
        "138I",
        "158I",
        "225I",
        "228I",
        "022I",
        "210I",
        "221I",
        "29I",
        "59I",
        "145I",
        "212I",
        "TILD010",
        "040I",
        "174I",
        "021I",
        "025I",
        "VUILD64"
    ]
}