{
    "problem": "healthy-reference-AT2-300",
    "n_comps": 7.0,
    "optimal_k": 9.0,
    "optimal_p": 0.049999999999999926,
    "ratio-limit": 0.4576271186440678,
    "accuracy": 0.625,
    "precision": 0.7333333333333333,
    "recall": 0.44,
    "f1": 0.55,
    "outlier_ratio_ref_datasets": [
        null,
        null,
        0.23076923076923078,
        0.01694915254237288,
        0.09,
        0.14285714285714285,
        null,
        0.0,
        null,
        0.3,
        0.060588235294117644,
        0.05128205128205128,
        null,
        null,
        0.08163265306122448,
        null,
        0.08333333333333333,
        0.4576271186440678,
        null,
        0.10625909752547306,
        0.06,
        null,
        1.0,
        null,
        1.0,
        0.018518518518518517,
        null,
        null,
        0.01795063575168287
    ],
    "outlier_ratio_que_datasets": [
        0.5,
        0.09107806691449814,
        0.11320754716981132,
        0.03461538461538462,
        0.03333333333333333,
        1.0,
        0.13725490196078433,
        0.06512729425695678,
        1.0,
        1.0,
        0.05762081784386617,
        0.3902439024390244,
        0.03642987249544627,
        0.06410856340664482,
        0.125,
        null,
        null,
        0.0373900293255132,
        0.18584070796460178,
        0.04161073825503356,
        0.125,
        null,
        0.008948545861297539,
        null,
        0.06936416184971098,
        null,
        null,
        null,
        0.09090909090909091,
        0.0,
        0.8421052631578947,
        0.3,
        0.4444444444444444,
        null,
        0.34951456310679613,
        0.42857142857142855,
        0.31343283582089554,
        0.15384615384615385,
        0.17647058823529413,
        0.36363636363636365,
        0.6153846153846154,
        0.9090909090909091,
        0.23809523809523808,
        0.5,
        0.4,
        0.48717948717948717,
        0.1956521739130435,
        0.7027027027027027,
        0.0794392523364486,
        0.5714285714285714,
        0.6,
        0.1073170731707317,
        0.5333333333333333,
        0.5,
        0.6666666666666666,
        0.1150278293135436
    ],
    "ref_normal_samples": [
        "GRO-03",
        "D326",
        "VUHD076",
        "A40",
        "VUHD92",
        "NP39",
        "D353",
        "A47",
        "SAMN15153956",
        "VUHD70",
        "Donor_06",
        "368C",
        "2020-3173-NC007",
        "NP11",
        "lafy_donor_4",
        "SAMN15153963",
        "THD0006",
        "226C",
        "muc4659",
        "A44",
        "A26",
        "T126",
        "NP14",
        "D339",
        "T90",
        "356C",
        "BG9_3",
        "NP22",
        "Donor_08"
    ],
    "que_normal_samples": [
        "D344",
        "donor 2",
        "098C",
        "Patient_1",
        "THD0012",
        "GSM4593897",
        "DD046Q",
        "donor 3",
        "NP15",
        "NP27",
        "296C",
        "192C",
        "muc9833",
        "QZY9VQng",
        "465C",
        "T121",
        "T166",
        "D239",
        "VUHD107",
        "muc3843",
        "BG9_33",
        "GRO-07",
        "THD0017",
        "dd39p",
        "A37",
        "NP26",
        "GRO-01",
        "NP35",
        "LuT_437",
        "284C"
    ],
    "que_disease_samples": [
        "051I",
        "IPF_02",
        "49I",
        "IPF1",
        "157I",
        "123I",
        "TILD006",
        "063I",
        "225I",
        "IPF3",
        "210I",
        "29I",
        "177I",
        "145I",
        "179I",
        "212I",
        "TILD010",
        "174I",
        "Cryobiopsy_01",
        "135I",
        "214I",
        "IPF_01",
        "TILD001",
        "025I",
        "47I",
        "VUILD64"
    ],
    "que_samples": [
        "D344",
        "donor 2",
        "098C",
        "Patient_1",
        "THD0012",
        "GSM4593897",
        "DD046Q",
        "donor 3",
        "NP15",
        "NP27",
        "296C",
        "192C",
        "muc9833",
        "QZY9VQng",
        "465C",
        "T121",
        "T166",
        "D239",
        "VUHD107",
        "muc3843",
        "BG9_33",
        "GRO-07",
        "THD0017",
        "dd39p",
        "A37",
        "NP26",
        "GRO-01",
        "NP35",
        "LuT_437",
        "284C",
        "051I",
        "IPF_02",
        "49I",
        "IPF1",
        "157I",
        "123I",
        "TILD006",
        "063I",
        "225I",
        "IPF3",
        "210I",
        "29I",
        "177I",
        "145I",
        "179I",
        "212I",
        "TILD010",
        "174I",
        "Cryobiopsy_01",
        "135I",
        "214I",
        "IPF_01",
        "TILD001",
        "025I",
        "47I",
        "VUILD64"
    ]
}