{
    "problem": "healthy-reference-AT2-400",
    "n_comps": 13.0,
    "optimal_k": 9.0,
    "optimal_p": 0.04000000000000003,
    "ratio-limit": 0.07692307692307693,
    "accuracy": 0.6976744186046512,
    "precision": 0.7,
    "recall": 0.84,
    "f1": 0.7636363636363637,
    "outlier_ratio_ref_datasets": [
        0.027881040892193308,
        0.016129032258064516,
        1.0,
        0.041666666666666664,
        null,
        0.05660377358490566,
        null,
        0.05,
        1.0,
        0.0,
        null,
        0.0,
        0.0,
        0.07692307692307693,
        0.0,
        0.023809523809523808,
        null,
        0.16339869281045752,
        0.028901734104046242,
        0.022115384615384617,
        0.046468401486988845,
        0.056768558951965066,
        0.0,
        0.026411657559198543,
        0.0,
        0.03374777975133215,
        null,
        null,
        null
    ],
    "outlier_ratio_que_datasets": [
        0.21428571428571427,
        1.0,
        0.1,
        null,
        0.3050847457627119,
        0.05,
        0.027777777777777776,
        1.0,
        1.0,
        0.24390243902439024,
        0.04956268221574344,
        null,
        null,
        0.03743565746373421,
        0.015332834704562454,
        null,
        null,
        0.1,
        null,
        0.1592920353982301,
        null,
        0.022818791946308724,
        0.0,
        null,
        0.008948545861297539,
        null,
        0.0641025641025641,
        null,
        null,
        null,
        0.203125,
        0.2222222222222222,
        null,
        0.16822429906542055,
        0.026790595954073265,
        0.16417910447761194,
        0.5625,
        0.10714285714285714,
        0.10294117647058823,
        0.4,
        0.3090909090909091,
        0.3157894736842105,
        0.3333333333333333,
        0.46153846153846156,
        0.6363636363636364,
        0.3728813559322034,
        0.19047619047619047,
        0.0,
        0.3125,
        0.23076923076923078,
        0.5714285714285714,
        0.0514018691588785,
        0.08771929824561403,
        0.2564102564102564,
        0.3333333333333333,
        0.049586776859504134
    ],
    "ref_normal_samples": [
        "296C",
        "D239",
        "NP15",
        "THD0006",
        "BG9_3",
        "098C",
        "SAMN15153956",
        "VUHD92",
        "NP14",
        "LuT_437",
        "T166",
        "465C",
        "A47",
        "VUHD076",
        "NP39",
        "356C",
        "T121",
        "DD046Q",
        "A37",
        "Patient_1",
        "donor 2",
        "A44",
        "A40",
        "muc9833",
        "284C",
        "donor 3",
        "NP26",
        "D353",
        "D339"
    ],
    "que_normal_samples": [
        "D344",
        "T90",
        "A26",
        "2020-3173-NC007",
        "226C",
        "Donor_06",
        "THD0012",
        "GSM4593897",
        "NP27",
        "192C",
        "lafy_donor_4",
        "D326",
        "SAMN15153963",
        "QZY9VQng",
        "Donor_08",
        "T126",
        "NP22",
        "VUHD70",
        "GRO-03",
        "VUHD107",
        "muc4659",
        "muc3843",
        "BG9_33",
        "GRO-07",
        "THD0017",
        "dd39p",
        "368C",
        "NP11",
        "GRO-01",
        "NP35"
    ],
    "que_disease_samples": [
        "034I",
        "49I",
        "IPF1",
        "IPF2",
        "IPF_04",
        "TILD006",
        "138I",
        "158I",
        "225I",
        "041I",
        "IPF3",
        "222I",
        "228I",
        "210I",
        "29I",
        "TILD015",
        "177I",
        "59I",
        "145I",
        "212I",
        "053I",
        "Cryobiopsy_01",
        "VUILD63",
        "021I",
        "TILD001",
        "VUILD53"
    ],
    "que_samples": [
        "D344",
        "T90",
        "A26",
        "2020-3173-NC007",
        "226C",
        "Donor_06",
        "THD0012",
        "GSM4593897",
        "NP27",
        "192C",
        "lafy_donor_4",
        "D326",
        "SAMN15153963",
        "QZY9VQng",
        "Donor_08",
        "T126",
        "NP22",
        "VUHD70",
        "GRO-03",
        "VUHD107",
        "muc4659",
        "muc3843",
        "BG9_33",
        "GRO-07",
        "THD0017",
        "dd39p",
        "368C",
        "NP11",
        "GRO-01",
        "NP35",
        "034I",
        "49I",
        "IPF1",
        "IPF2",
        "IPF_04",
        "TILD006",
        "138I",
        "158I",
        "225I",
        "041I",
        "IPF3",
        "222I",
        "228I",
        "210I",
        "29I",
        "TILD015",
        "177I",
        "59I",
        "145I",
        "212I",
        "053I",
        "Cryobiopsy_01",
        "VUILD63",
        "021I",
        "TILD001",
        "VUILD53"
    ]
}