{
    "problem": "healthy-reference-AT2-500",
    "n_comps": 6.0,
    "optimal_k": 14.0,
    "optimal_p": 0.04000000000000003,
    "ratio-limit": 0.42857142857142855,
    "accuracy": 0.4888888888888889,
    "precision": 0.7142857142857143,
    "recall": 0.19230769230769232,
    "f1": 0.30303030303030304,
    "outlier_ratio_ref_datasets": [
        null,
        null,
        null,
        0.2,
        0.23076923076923078,
        1.0,
        null,
        0.07692307692307693,
        0.008948545861297539,
        0.04007285974499089,
        0.1111111111111111,
        0.1,
        0.052478134110787174,
        null,
        0.11320754716981132,
        0.42857142857142855,
        1.0,
        0.10404624277456648,
        0.0526939017169923,
        0.04632662611137108,
        0.023809523809523808,
        null,
        1.0,
        0.21951219512195122,
        null,
        0.022304832713754646,
        null,
        0.3389830508474576,
        0.09315866084425037
    ],
    "outlier_ratio_que_datasets": [
        0.01694915254237288,
        0.06133828996282528,
        null,
        0.027884615384615386,
        0.06588235294117648,
        0.027777777777777776,
        1.0,
        null,
        0.125,
        0.0,
        0.02505609573672401,
        0.12,
        null,
        null,
        0.026392961876832845,
        null,
        0.18584070796460178,
        0.02953020134228188,
        0.125,
        null,
        null,
        null,
        1.0,
        0.125,
        null,
        null,
        null,
        0.09090909090909091,
        0.0,
        0.0,
        0.20689655172413793,
        0.234375,
        0.14052547770700638,
        0.14285714285714285,
        0.29245283018867924,
        0.23333333333333334,
        0.028977583378895572,
        0.2857142857142857,
        0.23880597014925373,
        0.14285714285714285,
        0.65,
        0.38596491228070173,
        0.16455696202531644,
        0.46153846153846156,
        0.0,
        0.2564102564102564,
        0.22077922077922077,
        0.8571428571428571,
        0.4,
        0.09345794392523364,
        0.3333333333333333,
        0.8,
        0.3333333333333333,
        0.5,
        0.08264462809917356,
        0.08534322820037106
    ],
    "ref_normal_samples": [
        "NP11",
        "T166",
        "D353",
        "VUHD70",
        "VUHD076",
        "NP15",
        "muc4659",
        "368C",
        "THD0017",
        "muc9833",
        "DD046Q",
        "A26",
        "lafy_donor_4",
        "SAMN15153956",
        "098C",
        "D344",
        "GSM4593897",
        "A37",
        "donor 3",
        "QZY9VQng",
        "356C",
        "D339",
        "T90",
        "192C",
        "T121",
        "296C",
        "SAMN15153963",
        "226C",
        "A44"
    ],
    "que_normal_samples": [
        "A40",
        "donor 2",
        "2020-3173-NC007",
        "Patient_1",
        "Donor_06",
        "THD0012",
        "NP27",
        "D326",
        "465C",
        "A47",
        "Donor_08",
        "VUHD92",
        "T126",
        "NP22",
        "D239",
        "GRO-03",
        "VUHD107",
        "muc3843",
        "BG9_33",
        "GRO-07",
        "dd39p",
        "NP26",
        "NP14",
        "THD0006",
        "BG9_3",
        "GRO-01",
        "NP35",
        "LuT_437",
        "NP39",
        "284C"
    ],
    "que_disease_samples": [
        "VUILD60",
        "034I",
        "VUILD59",
        "166I",
        "TILD028",
        "IPF_02",
        "IPF_04",
        "123I",
        "TILD006",
        "158I",
        "041I",
        "222I",
        "022I",
        "210I",
        "59I",
        "212I",
        "VUILD65",
        "053I",
        "040I",
        "Cryobiopsy_01",
        "021I",
        "214I",
        "TILD001",
        "025I",
        "VUILD53",
        "VUILD64"
    ],
    "que_samples": [
        "A40",
        "donor 2",
        "2020-3173-NC007",
        "Patient_1",
        "Donor_06",
        "THD0012",
        "NP27",
        "D326",
        "465C",
        "A47",
        "Donor_08",
        "VUHD92",
        "T126",
        "NP22",
        "D239",
        "GRO-03",
        "VUHD107",
        "muc3843",
        "BG9_33",
        "GRO-07",
        "dd39p",
        "NP26",
        "NP14",
        "THD0006",
        "BG9_3",
        "GRO-01",
        "NP35",
        "LuT_437",
        "NP39",
        "284C",
        "VUILD60",
        "034I",
        "VUILD59",
        "166I",
        "TILD028",
        "IPF_02",
        "IPF_04",
        "123I",
        "TILD006",
        "158I",
        "041I",
        "222I",
        "022I",
        "210I",
        "59I",
        "212I",
        "VUILD65",
        "053I",
        "040I",
        "Cryobiopsy_01",
        "021I",
        "214I",
        "TILD001",
        "025I",
        "VUILD53",
        "VUILD64"
    ]
}