{
    "problem": "healthy-reference-AT2-600",
    "n_comps": 4.0,
    "optimal_k": 15.0,
    "optimal_p": 0.04000000000000003,
    "ratio-limit": 0.3728813559322034,
    "accuracy": 0.5652173913043478,
    "precision": 0.7272727272727273,
    "recall": 0.32,
    "f1": 0.4444444444444444,
    "outlier_ratio_ref_datasets": [
        0.0,
        null,
        null,
        null,
        0.04807692307692308,
        null,
        0.24,
        0.04007285974499089,
        0.05474964904071128,
        0.09090909090909091,
        0.0,
        null,
        0.035794183445190156,
        1.0,
        0.03519061583577713,
        0.125,
        0.06779661016949153,
        null,
        0.0,
        null,
        0.0728862973760933,
        null,
        0.09941176470588235,
        null,
        0.5,
        null,
        0.3728813559322034,
        0.07992565055762081,
        1.0
    ],
    "outlier_ratio_que_datasets": [
        0.6428571428571429,
        0.1320754716981132,
        0.06111111111111111,
        0.1568627450980392,
        0.09532267613972766,
        0.10189228529839883,
        1.0,
        0.05291005291005291,
        0.09293680297397769,
        0.25609756097560976,
        0.08333333333333333,
        null,
        0.05833956619296934,
        0.215,
        null,
        null,
        null,
        0.21238938053097345,
        0.053691275167785234,
        null,
        0.1676300578034682,
        null,
        0.1282051282051282,
        1.0,
        0.16666666666666666,
        null,
        null,
        null,
        0.34615384615384615,
        0.07407407407407407,
        0.25,
        0.2336842105263158,
        0.19109947643979058,
        0.2222222222222222,
        null,
        0.29906542056074764,
        0.28,
        0.055768179332968834,
        0.36893203883495146,
        0.2537313432835821,
        0.625,
        0.12857142857142856,
        0.14705882352941177,
        0.6,
        0.41818181818181815,
        0.5932203389830508,
        0.23809523809523808,
        0.5,
        0.5714285714285714,
        0.10747663551401869,
        0.5714285714285714,
        0.21929824561403508,
        0.6,
        0.17073170731707318,
        0.3333333333333333,
        0.0
    ],
    "ref_normal_samples": [
        "NP15",
        "D326",
        "muc4659",
        "T121",
        "Patient_1",
        "GRO-03",
        "A26",
        "muc9833",
        "QZY9VQng",
        "LuT_437",
        "A47",
        "D339",
        "THD0017",
        "T90",
        "D239",
        "BG9_33",
        "A40",
        "NP11",
        "NP39",
        "SAMN15153963",
        "lafy_donor_4",
        "2020-3173-NC007",
        "Donor_06",
        "GRO-07",
        "VUHD70",
        "SAMN15153956",
        "226C",
        "donor 2",
        "GSM4593897"
    ],
    "que_normal_samples": [
        "D344",
        "098C",
        "THD0012",
        "DD046Q",
        "donor 3",
        "A44",
        "NP27",
        "356C",
        "296C",
        "192C",
        "465C",
        "T166",
        "Donor_08",
        "VUHD92",
        "T126",
        "D353",
        "NP22",
        "VUHD107",
        "muc3843",
        "dd39p",
        "A37",
        "NP26",
        "368C",
        "NP14",
        "THD0006",
        "BG9_3",
        "GRO-01",
        "NP35",
        "VUHD076",
        "284C"
    ],
    "que_disease_samples": [
        "034I",
        "VUILD61",
        "IPF_03",
        "49I",
        "IPF1",
        "IPF2",
        "010I",
        "IPF_04",
        "157I",
        "TILD006",
        "138I",
        "158I",
        "225I",
        "041I",
        "IPF3",
        "TILD015",
        "177I",
        "145I",
        "053I",
        "Cryobiopsy_01",
        "135I",
        "VUILD63",
        "214I",
        "IPF_01",
        "TILD001",
        "025I"
    ],
    "que_samples": [
        "D344",
        "098C",
        "THD0012",
        "DD046Q",
        "donor 3",
        "A44",
        "NP27",
        "356C",
        "296C",
        "192C",
        "465C",
        "T166",
        "Donor_08",
        "VUHD92",
        "T126",
        "D353",
        "NP22",
        "VUHD107",
        "muc3843",
        "dd39p",
        "A37",
        "NP26",
        "368C",
        "NP14",
        "THD0006",
        "BG9_3",
        "GRO-01",
        "NP35",
        "VUHD076",
        "284C",
        "034I",
        "VUILD61",
        "IPF_03",
        "49I",
        "IPF1",
        "IPF2",
        "010I",
        "IPF_04",
        "157I",
        "TILD006",
        "138I",
        "158I",
        "225I",
        "041I",
        "IPF3",
        "TILD015",
        "177I",
        "145I",
        "053I",
        "Cryobiopsy_01",
        "135I",
        "VUILD63",
        "214I",
        "IPF_01",
        "TILD001",
        "025I"
    ]
}