{
    "problem": "healthy-reference-AT2-700",
    "n_comps": 5.0,
    "optimal_k": 7.0,
    "optimal_p": 0.04500000000000003,
    "ratio-limit": 0.25,
    "accuracy": 0.6590909090909091,
    "precision": 0.7894736842105263,
    "recall": 0.5769230769230769,
    "f1": 0.6666666666666666,
    "outlier_ratio_ref_datasets": [
        0.07941176470588235,
        0.23076923076923078,
        1.0,
        null,
        0.024608501118568233,
        0.1568627450980392,
        null,
        0.17699115044247787,
        0.25,
        0.24390243902439024,
        0.03389830508474576,
        null,
        0.0344574780058651,
        0.1509433962264151,
        0.1,
        0.037037037037037035,
        0.10043668122270742,
        0.052478134110787174,
        null,
        0.037037037037037035,
        0.05,
        null,
        1.0,
        0.04563758389261745,
        0.05568554047730463,
        0.125,
        null,
        null,
        0.5714285714285714
    ],
    "outlier_ratio_que_datasets": [
        0.08550185873605948,
        null,
        1.0,
        0.18,
        null,
        0.4067796610169492,
        0.04519230769230769,
        0.07104795737122557,
        1.0,
        1.0,
        0.055762081784386616,
        null,
        null,
        0.042805100182149364,
        0.20833333333333334,
        0.0,
        null,
        0.033657442034405384,
        0.15,
        null,
        null,
        null,
        0.12716763005780346,
        null,
        0.1282051282051282,
        null,
        null,
        null,
        0.09090909090909091,
        0.0,
        0.47368421052631576,
        0.2413793103448276,
        0.16326530612244897,
        0.13612565445026178,
        0.3,
        0.2336448598130841,
        0.30666666666666664,
        0.03991252050300711,
        0.30097087378640774,
        0.2857142857142857,
        0.26865671641791045,
        0.625,
        0.15384615384615385,
        0.12857142857142856,
        0.5098039215686274,
        0.17647058823529413,
        0.4444444444444444,
        0.0,
        0.5714285714285714,
        0.35,
        0.5405405405405406,
        0.6,
        0.14634146341463414,
        0.5,
        0.6666666666666666,
        0.1280148423005566
    ],
    "ref_normal_samples": [
        "Donor_06",
        "VUHD076",
        "GSM4593897",
        "T121",
        "THD0017",
        "DD046Q",
        "D353",
        "VUHD107",
        "THD0006",
        "192C",
        "A40",
        "GRO-03",
        "D239",
        "098C",
        "VUHD70",
        "284C",
        "A44",
        "lafy_donor_4",
        "muc4659",
        "356C",
        "THD0012",
        "NP11",
        "NP14",
        "muc3843",
        "QZY9VQng",
        "BG9_33",
        "dd39p",
        "T126",
        "D344"
    ],
    "que_normal_samples": [
        "donor 2",
        "D339",
        "T90",
        "A26",
        "2020-3173-NC007",
        "226C",
        "Patient_1",
        "donor 3",
        "NP15",
        "NP27",
        "296C",
        "D326",
        "SAMN15153963",
        "muc9833",
        "465C",
        "A47",
        "T166",
        "Donor_08",
        "VUHD92",
        "NP22",
        "SAMN15153956",
        "GRO-07",
        "A37",
        "NP26",
        "368C",
        "BG9_3",
        "GRO-01",
        "NP35",
        "LuT_437",
        "NP39"
    ],
    "que_disease_samples": [
        "051I",
        "VUILD60",
        "166I",
        "IPF_03",
        "IPF_02",
        "IPF2",
        "010I",
        "IPF_04",
        "157I",
        "123I",
        "TILD006",
        "138I",
        "063I",
        "158I",
        "209I",
        "225I",
        "221I",
        "179I",
        "053I",
        "040I",
        "174I",
        "214I",
        "IPF_01",
        "025I",
        "47I",
        "VUILD64"
    ],
    "que_samples": [
        "donor 2",
        "D339",
        "T90",
        "A26",
        "2020-3173-NC007",
        "226C",
        "Patient_1",
        "donor 3",
        "NP15",
        "NP27",
        "296C",
        "D326",
        "SAMN15153963",
        "muc9833",
        "465C",
        "A47",
        "T166",
        "Donor_08",
        "VUHD92",
        "NP22",
        "SAMN15153956",
        "GRO-07",
        "A37",
        "NP26",
        "368C",
        "BG9_3",
        "GRO-01",
        "NP35",
        "LuT_437",
        "NP39",
        "051I",
        "VUILD60",
        "166I",
        "IPF_03",
        "IPF_02",
        "IPF2",
        "010I",
        "IPF_04",
        "157I",
        "123I",
        "TILD006",
        "138I",
        "063I",
        "158I",
        "209I",
        "225I",
        "221I",
        "179I",
        "053I",
        "040I",
        "174I",
        "214I",
        "IPF_01",
        "025I",
        "47I",
        "VUILD64"
    ]
}