{
    "problem": "healthy-reference-AT2-800",
    "n_comps": 6.0,
    "optimal_k": 8.0,
    "optimal_p": 0.04000000000000003,
    "ratio-limit": 0.2692307692307692,
    "accuracy": 0.5681818181818182,
    "precision": 0.6666666666666666,
    "recall": 0.48,
    "f1": 0.5581395348837209,
    "outlier_ratio_ref_datasets": [
        0.125,
        0.13,
        0.1,
        null,
        0.030665669409124907,
        null,
        1.0,
        null,
        0.34146341463414637,
        null,
        0.09293680297397769,
        0.2692307692307692,
        0.12418300653594772,
        0.17699115044247787,
        0.10404624277456648,
        0.0,
        null,
        0.038461538461538464,
        0.03152492668621701,
        null,
        0.0,
        0.027777777777777776,
        null,
        0.03531598513011153,
        0.16666666666666666,
        null,
        0.0641025641025641,
        0.07764705882352942,
        0.1320754716981132
    ],
    "outlier_ratio_que_datasets": [
        0.01694915254237288,
        0.42857142857142855,
        1.0,
        0.1,
        null,
        0.423728813559322,
        1.0,
        0.06571936056838366,
        0.12809315866084425,
        1.0,
        1.0,
        0.03439153439153439,
        0.07871720116618076,
        null,
        0.04735883424408015,
        0.07393542349087506,
        0.08333333333333333,
        null,
        null,
        null,
        null,
        0.04429530201342282,
        null,
        0.020134228187919462,
        null,
        null,
        null,
        null,
        0.0,
        0.0,
        0.25862068965517243,
        0.265625,
        0.1695859872611465,
        0.16631578947368422,
        0.15706806282722513,
        null,
        0.36,
        0.04045926735921269,
        0.29850746268656714,
        0.14285714285714285,
        0.14705882352941177,
        0.7,
        0.41818181818181815,
        0.47368421052631576,
        0.3333333333333333,
        0.21518987341772153,
        0.5,
        0.5423728813559322,
        0.3333333333333333,
        0.7142857142857143,
        0.10747663551401869,
        0.5833333333333334,
        0.12280701754385964,
        0.5,
        0.1322314049586777,
        0.14471243042671614
    ],
    "ref_normal_samples": [
        "BG9_33",
        "VUHD92",
        "VUHD70",
        "D339",
        "Donor_08",
        "T121",
        "NP14",
        "T126",
        "192C",
        "dd39p",
        "donor 2",
        "VUHD076",
        "DD046Q",
        "VUHD107",
        "A37",
        "LuT_437",
        "NP22",
        "Patient_1",
        "D239",
        "D326",
        "A47",
        "THD0012",
        "BG9_3",
        "296C",
        "THD0006",
        "SAMN15153956",
        "368C",
        "Donor_06",
        "098C"
    ],
    "que_normal_samples": [
        "A40",
        "D344",
        "T90",
        "A26",
        "2020-3173-NC007",
        "226C",
        "GSM4593897",
        "donor 3",
        "A44",
        "NP15",
        "NP27",
        "356C",
        "lafy_donor_4",
        "SAMN15153963",
        "muc9833",
        "QZY9VQng",
        "465C",
        "T166",
        "D353",
        "GRO-03",
        "muc4659",
        "muc3843",
        "GRO-07",
        "THD0017",
        "NP26",
        "NP11",
        "GRO-01",
        "NP35",
        "NP39",
        "284C"
    ],
    "que_disease_samples": [
        "VUILD60",
        "034I",
        "VUILD59",
        "VUILD61",
        "IPF_03",
        "IPF1",
        "010I",
        "IPF_04",
        "TILD006",
        "158I",
        "225I",
        "041I",
        "IPF3",
        "222I",
        "228I",
        "022I",
        "221I",
        "TILD015",
        "212I",
        "053I",
        "Cryobiopsy_01",
        "135I",
        "VUILD63",
        "025I",
        "VUILD53",
        "VUILD64"
    ],
    "que_samples": [
        "A40",
        "D344",
        "T90",
        "A26",
        "2020-3173-NC007",
        "226C",
        "GSM4593897",
        "donor 3",
        "A44",
        "NP15",
        "NP27",
        "356C",
        "lafy_donor_4",
        "SAMN15153963",
        "muc9833",
        "QZY9VQng",
        "465C",
        "T166",
        "D353",
        "GRO-03",
        "muc4659",
        "muc3843",
        "GRO-07",
        "THD0017",
        "NP26",
        "NP11",
        "GRO-01",
        "NP35",
        "NP39",
        "284C",
        "VUILD60",
        "034I",
        "VUILD59",
        "VUILD61",
        "IPF_03",
        "IPF1",
        "010I",
        "IPF_04",
        "TILD006",
        "158I",
        "225I",
        "041I",
        "IPF3",
        "222I",
        "228I",
        "022I",
        "221I",
        "TILD015",
        "212I",
        "053I",
        "Cryobiopsy_01",
        "135I",
        "VUILD63",
        "025I",
        "VUILD53",
        "VUILD64"
    ]
}