{
    "problem": "healthy-reference-AT2-900",
    "n_comps": 2.0,
    "optimal_k": 15.0,
    "optimal_p": 0.04500000000000003,
    "ratio-limit": 0.20833333333333334,
    "accuracy": 0.6956521739130435,
    "precision": 0.7,
    "recall": 0.8076923076923077,
    "f1": 0.75,
    "outlier_ratio_ref_datasets": [
        0.4247787610619469,
        0.0905861456483126,
        null,
        0.16666666666666666,
        0.14,
        0.125,
        0.16981132075471697,
        0.013422818791946308,
        0.10480349344978165,
        0.09248554913294797,
        0.1749271137026239,
        null,
        0.08941176470588236,
        null,
        0.4230769230769231,
        0.04985337243401759,
        0.0,
        null,
        0.031746031746031744,
        0.01912568306010929,
        0.20833333333333334,
        null,
        null,
        null,
        0.0348993288590604,
        0.0,
        null,
        null,
        1.0
    ],
    "outlier_ratio_que_datasets": [
        0.03389830508474576,
        0.2857142857142857,
        0.1171003717472119,
        1.0,
        0.6101694915254238,
        0.04519230769230769,
        0.03888888888888889,
        1.0,
        0.1111111111111111,
        1.0,
        0.18401486988847585,
        0.6463414634146342,
        0.2756200280767431,
        0.08333333333333333,
        0.02281226626776365,
        0.135,
        null,
        null,
        0.4,
        null,
        null,
        null,
        null,
        1.0,
        null,
        null,
        null,
        null,
        0.0,
        0.037037037037037035,
        0.42758620689655175,
        0.40625,
        0.2054140127388535,
        0.32653061224489793,
        0.6,
        0.2222222222222222,
        0.4077669902912621,
        0.29850746268656714,
        0.8125,
        0.23076923076923078,
        0.18571428571428572,
        0.9607843137254902,
        0.5,
        0.26582278481012656,
        0.38095238095238093,
        0.4,
        0.42207792207792205,
        0.32608695652173914,
        0.4,
        0.14018691588785046,
        0.8,
        0.13658536585365855,
        0.5333333333333333,
        0.0,
        0.6666666666666666,
        0.24793388429752067
    ],
    "ref_normal_samples": [
        "VUHD107",
        "donor 3",
        "SAMN15153963",
        "368C",
        "A26",
        "BG9_33",
        "098C",
        "THD0017",
        "A44",
        "A37",
        "lafy_donor_4",
        "D339",
        "Donor_06",
        "T121",
        "VUHD076",
        "D239",
        "A47",
        "D353",
        "356C",
        "muc9833",
        "THD0006",
        "SAMN15153956",
        "2020-3173-NC007",
        "T166",
        "muc3843",
        "LuT_437",
        "D326",
        "NP26",
        "NP15"
    ],
    "que_normal_samples": [
        "A40",
        "D344",
        "donor 2",
        "T90",
        "226C",
        "Patient_1",
        "THD0012",
        "GSM4593897",
        "DD046Q",
        "NP27",
        "296C",
        "192C",
        "QZY9VQng",
        "465C",
        "Donor_08",
        "VUHD92",
        "T126",
        "NP22",
        "VUHD70",
        "GRO-03",
        "muc4659",
        "GRO-07",
        "dd39p",
        "NP14",
        "NP11",
        "BG9_3",
        "GRO-01",
        "NP35",
        "NP39",
        "284C"
    ],
    "que_disease_samples": [
        "VUILD60",
        "034I",
        "VUILD59",
        "166I",
        "IPF_02",
        "49I",
        "157I",
        "TILD006",
        "138I",
        "063I",
        "158I",
        "209I",
        "228I",
        "022I",
        "177I",
        "179I",
        "VUILD65",
        "TILD010",
        "040I",
        "Cryobiopsy_01",
        "214I",
        "IPF_01",
        "TILD001",
        "025I",
        "47I",
        "VUILD53"
    ],
    "que_samples": [
        "A40",
        "D344",
        "donor 2",
        "T90",
        "226C",
        "Patient_1",
        "THD0012",
        "GSM4593897",
        "DD046Q",
        "NP27",
        "296C",
        "192C",
        "QZY9VQng",
        "465C",
        "Donor_08",
        "VUHD92",
        "T126",
        "NP22",
        "VUHD70",
        "GRO-03",
        "muc4659",
        "GRO-07",
        "dd39p",
        "NP14",
        "NP11",
        "BG9_3",
        "GRO-01",
        "NP35",
        "NP39",
        "284C",
        "VUILD60",
        "034I",
        "VUILD59",
        "166I",
        "IPF_02",
        "49I",
        "157I",
        "TILD006",
        "138I",
        "063I",
        "158I",
        "209I",
        "228I",
        "022I",
        "177I",
        "179I",
        "VUILD65",
        "TILD010",
        "040I",
        "Cryobiopsy_01",
        "214I",
        "IPF_01",
        "TILD001",
        "025I",
        "47I",
        "VUILD53"
    ]
}