{
    "problem": "healthy-reference-Secretory-0",
    "n_comps": 4.0,
    "optimal_k": 15.0,
    "optimal_p": 0.04500000000000003,
    "ratio-limit": 0.13793103448275862,
    "accuracy": 0.6607142857142857,
    "precision": 0.6296296296296297,
    "recall": 0.6538461538461539,
    "f1": 0.6415094339622641,
    "outlier_ratio_ref_datasets": [
        null,
        0.0,
        0.0,
        1.0,
        0.07010309278350516,
        0.041025641025641026,
        0.07,
        0.0625,
        0.07894736842105263,
        0.0,
        0.16666666666666666,
        0.006172839506172839,
        0.16393442622950818,
        0.06779661016949153,
        0.08,
        0.0,
        0.0,
        0.04043126684636118,
        0.13793103448275862,
        0.045454545454545456,
        0.058823529411764705,
        0.051666666666666666,
        0.054945054945054944,
        0.02570694087403599,
        null,
        0.06481481481481481,
        0.19230769230769232,
        0.06172839506172839,
        0.025996533795493933
    ],
    "outlier_ratio_que_datasets": [
        0.29411764705882354,
        0.07110091743119266,
        0.04878048780487805,
        0.6666666666666666,
        0.055870139675349186,
        0.0,
        0.047619047619047616,
        0.0,
        0.05333333333333334,
        0.30303030303030304,
        0.2,
        0.0,
        0.06060606060606061,
        0.14953271028037382,
        0.07853403141361257,
        0.02631578947368421,
        0.09933774834437085,
        0.0,
        0.07089765580331618,
        0.038461538461538464,
        0.014423076923076924,
        0.23076923076923078,
        0.10989010989010989,
        0.37037037037037035,
        0.18,
        0.3333333333333333,
        0.10526315789473684,
        0.0,
        0.3333333333333333,
        0.0,
        0.1214017521902378,
        0.23684210526315788,
        0.10416666666666667,
        0.09826589595375723,
        0.56,
        0.15254237288135594,
        0.1631578947368421,
        0.14666666666666667,
        0.26506024096385544,
        0.2962962962962963,
        0.19230769230769232,
        0.18274111675126903,
        0.1111111111111111,
        0.35,
        0.2857142857142857,
        0.17857142857142858,
        0.08652482269503546,
        0.08333333333333333,
        0.125,
        0.2511415525114155,
        0.16883116883116883,
        0.75,
        0.20967741935483872,
        0.09876543209876543,
        0.3389830508474576,
        0.1079136690647482
    ],
    "ref_normal_samples": [
        "NP35",
        "muc9833",
        "368C",
        "465C",
        "donor 2",
        "NP15",
        "T126",
        "VUHD92",
        "QZY9VQng",
        "296C",
        "Donor_08",
        "D326",
        "VUHD70",
        "DD046Q",
        "BG9_3",
        "226C",
        "356C",
        "GRO-07",
        "A26",
        "VUHD107",
        "GRO-01",
        "NP22",
        "Patient_1",
        "NP14",
        "muc4659",
        "T90",
        "lafy_donor_4",
        "NP39",
        "NP27"
    ],
    "que_normal_samples": [
        "A40",
        "D344",
        "D339",
        "098C",
        "2020-3173-NC007",
        "Donor_06",
        "THD0012",
        "GSM4593897",
        "donor 3",
        "A44",
        "192C",
        "SAMN15153963",
        "A47",
        "T121",
        "T166",
        "D353",
        "D239",
        "SAMN15153956",
        "GRO-03",
        "muc3843",
        "BG9_33",
        "THD0017",
        "dd39p",
        "A37",
        "NP26",
        "THD0006",
        "NP11",
        "LuT_437",
        "VUHD076",
        "284C"
    ],
    "que_disease_samples": [
        "VUILD60",
        "166I",
        "IPF_03",
        "IPF_02",
        "49I",
        "IPF2",
        "010I",
        "157I",
        "138I",
        "063I",
        "158I",
        "222I",
        "022I",
        "29I",
        "59I",
        "179I",
        "VUILD65",
        "TILD010",
        "Cryobiopsy_01",
        "135I",
        "VUILD63",
        "214I",
        "IPF_01",
        "TILD001",
        "025I",
        "VUILD64"
    ],
    "que_samples": [
        "A40",
        "D344",
        "D339",
        "098C",
        "2020-3173-NC007",
        "Donor_06",
        "THD0012",
        "GSM4593897",
        "donor 3",
        "A44",
        "192C",
        "SAMN15153963",
        "A47",
        "T121",
        "T166",
        "D353",
        "D239",
        "SAMN15153956",
        "GRO-03",
        "muc3843",
        "BG9_33",
        "THD0017",
        "dd39p",
        "A37",
        "NP26",
        "THD0006",
        "NP11",
        "LuT_437",
        "VUHD076",
        "284C",
        "VUILD60",
        "166I",
        "IPF_03",
        "IPF_02",
        "49I",
        "IPF2",
        "010I",
        "157I",
        "138I",
        "063I",
        "158I",
        "222I",
        "022I",
        "29I",
        "59I",
        "179I",
        "VUILD65",
        "TILD010",
        "Cryobiopsy_01",
        "135I",
        "VUILD63",
        "214I",
        "IPF_01",
        "TILD001",
        "025I",
        "VUILD64"
    ]
}