{
    "problem": "healthy-reference-Secretory-100",
    "n_comps": 14.0,
    "optimal_k": 6.0,
    "optimal_p": 0.049999999999999926,
    "ratio-limit": 0.13186813186813187,
    "accuracy": 0.625,
    "precision": 0.6666666666666666,
    "recall": 0.38461538461538464,
    "f1": 0.4878048780487805,
    "outlier_ratio_ref_datasets": [
        0.054945054945054944,
        0.07329842931937172,
        0.0,
        0.033419023136246784,
        0.0,
        0.13186813186813187,
        0.02631578947368421,
        0.1111111111111111,
        0.0,
        0.030303030303030304,
        0.05,
        0.0120800302000755,
        0.028333333333333332,
        0.03,
        0.4,
        0.02606310013717421,
        0.07863247863247863,
        0.012195121951219513,
        0.07344632768361582,
        0.0,
        0.005333333333333333,
        0.0,
        null,
        null,
        0.0,
        0.5,
        0.6666666666666666,
        0.0,
        0.3
    ],
    "outlier_ratio_que_datasets": [
        0.058823529411764705,
        0.046636085626911315,
        0.05979381443298969,
        0.13425925925925927,
        0.08045977011494253,
        0.25,
        0.0,
        0.18181818181818182,
        0.008665511265164644,
        0.0,
        0.09090909090909091,
        0.0,
        0.04672897196261682,
        0.0,
        0.026785714285714284,
        0.0,
        0.039735099337748346,
        0.0,
        0.01639344262295082,
        0.05431675242995998,
        0.0,
        0.07692307692307693,
        0.014423076923076924,
        0.06199460916442048,
        0.15384615384615385,
        0.0,
        0.2631578947368421,
        0.02,
        0.0,
        0.09090909090909091,
        0.1,
        0.0654281098546042,
        0.08790322580645162,
        0.0653061224489796,
        0.06358381502890173,
        0.028846153846153848,
        0.18518518518518517,
        0.15384615384615385,
        0.2692307692307692,
        0.140625,
        0.17424242424242425,
        0.18181818181818182,
        0.09090909090909091,
        0.06910569105691057,
        0.0847457627118644,
        0.0,
        0.045454545454545456,
        0.06099290780141844,
        0.21951219512195122,
        0.228310502283105,
        0.03896103896103896,
        0.375,
        0.04838709677419355,
        0.288135593220339,
        0.01639344262295082,
        0.03237410071942446
    ],
    "ref_normal_samples": [
        "Patient_1",
        "T166",
        "VUHD076",
        "NP14",
        "THD0012",
        "dd39p",
        "QZY9VQng",
        "A37",
        "D326",
        "A47",
        "T126",
        "2020-3173-NC007",
        "NP22",
        "NP26",
        "098C",
        "NP39",
        "NP15",
        "D339",
        "DD046Q",
        "lafy_donor_4",
        "donor 3",
        "296C",
        "muc4659",
        "NP35",
        "284C",
        "GSM4593897",
        "THD0006",
        "SAMN15153963",
        "192C"
    ],
    "que_normal_samples": [
        "A40",
        "D344",
        "donor 2",
        "T90",
        "A26",
        "226C",
        "Donor_06",
        "A44",
        "NP27",
        "356C",
        "muc9833",
        "465C",
        "T121",
        "Donor_08",
        "VUHD92",
        "D353",
        "D239",
        "SAMN15153956",
        "VUHD70",
        "GRO-03",
        "VUHD107",
        "muc3843",
        "BG9_33",
        "GRO-07",
        "THD0017",
        "368C",
        "NP11",
        "BG9_3",
        "GRO-01",
        "LuT_437"
    ],
    "que_disease_samples": [
        "034I",
        "VUILD59",
        "VUILD61",
        "TILD028",
        "IPF_02",
        "TILD006",
        "063I",
        "158I",
        "225I",
        "041I",
        "IPF3",
        "210I",
        "221I",
        "TILD015",
        "177I",
        "59I",
        "145I",
        "VUILD65",
        "040I",
        "135I",
        "VUILD63",
        "214I",
        "IPF_01",
        "025I",
        "VUILD53",
        "VUILD64"
    ],
    "que_samples": [
        "A40",
        "D344",
        "donor 2",
        "T90",
        "A26",
        "226C",
        "Donor_06",
        "A44",
        "NP27",
        "356C",
        "muc9833",
        "465C",
        "T121",
        "Donor_08",
        "VUHD92",
        "D353",
        "D239",
        "SAMN15153956",
        "VUHD70",
        "GRO-03",
        "VUHD107",
        "muc3843",
        "BG9_33",
        "GRO-07",
        "THD0017",
        "368C",
        "NP11",
        "BG9_3",
        "GRO-01",
        "LuT_437",
        "034I",
        "VUILD59",
        "VUILD61",
        "TILD028",
        "IPF_02",
        "TILD006",
        "063I",
        "158I",
        "225I",
        "041I",
        "IPF3",
        "210I",
        "221I",
        "TILD015",
        "177I",
        "59I",
        "145I",
        "VUILD65",
        "040I",
        "135I",
        "VUILD63",
        "214I",
        "IPF_01",
        "025I",
        "VUILD53",
        "VUILD64"
    ]
}