{
    "problem": "healthy-reference-Secretory-200",
    "n_comps": 14.0,
    "optimal_k": 5.0,
    "optimal_p": 0.049999999999999926,
    "ratio-limit": 0.23076923076923078,
    "accuracy": 0.5357142857142857,
    "precision": 0.5,
    "recall": 0.3076923076923077,
    "f1": 0.38095238095238093,
    "outlier_ratio_ref_datasets": [
        0.08041237113402062,
        0.0,
        0.12655367231638417,
        0.09,
        0.21978021978021978,
        0.053516819571865444,
        0.07692307692307693,
        0.0,
        0.03292894280762565,
        0.35294117647058826,
        0.23076923076923078,
        0.14953271028037382,
        null,
        0.0,
        0.029411764705882353,
        0.09090909090909091,
        0.6666666666666666,
        0.09703504043126684,
        0.13612565445026178,
        0.02666666666666667,
        0.5,
        0.03284258210645526,
        0.16666666666666666,
        0.09090909090909091,
        0.006172839506172839,
        0.10344827586206896,
        null,
        0.06060606060606061,
        0.01639344262295082
    ],
    "outlier_ratio_que_datasets": [
        0.024390243902439025,
        0.19907407407407407,
        0.6,
        0.5,
        0.047619047619047616,
        0.24242424242424243,
        0.1606837606837607,
        0.0,
        0.4,
        0.038461538461538464,
        0.16666666666666666,
        0.06578947368421052,
        1.0,
        0.0,
        0.03571428571428571,
        0.17,
        0.008771929824561403,
        0.07833333333333334,
        0.052980132450331126,
        0.5,
        0.11092052601486564,
        0.19230769230769232,
        0.04326923076923077,
        0.3333333333333333,
        0.0,
        0.08611825192802057,
        0.3157894736842105,
        0.06,
        0.12071330589849108,
        0.0,
        0.21666666666666667,
        0.21,
        0.11308562197092084,
        0.2631578947368421,
        0.13790322580645162,
        0.13877551020408163,
        0.22033898305084745,
        0.05063291139240506,
        0.07692307692307693,
        0.3132530120481928,
        0.23076923076923078,
        0.3076923076923077,
        0.0,
        0.2222222222222222,
        0.29545454545454547,
        0.1590909090909091,
        0.35,
        0.0,
        0.13636363636363635,
        0.18932038834951456,
        0.10526315789473684,
        0.2682926829268293,
        0.20634920634920634,
        0.6041666666666666,
        0.3898305084745763,
        0.07194244604316546
    ],
    "ref_normal_samples": [
        "donor 2",
        "VUHD076",
        "DD046Q",
        "NP26",
        "dd39p",
        "D344",
        "Patient_1",
        "VUHD107",
        "NP27",
        "A40",
        "THD0017",
        "T121",
        "NP35",
        "Donor_06",
        "GRO-01",
        "LuT_437",
        "THD0006",
        "GRO-07",
        "T166",
        "donor 3",
        "GSM4593897",
        "2020-3173-NC007",
        "296C",
        "muc9833",
        "D326",
        "A26",
        "muc4659",
        "A47",
        "VUHD70"
    ],
    "que_normal_samples": [
        "D339",
        "T90",
        "098C",
        "226C",
        "THD0012",
        "A44",
        "NP15",
        "356C",
        "192C",
        "lafy_donor_4",
        "SAMN15153963",
        "QZY9VQng",
        "465C",
        "Donor_08",
        "VUHD92",
        "T126",
        "D353",
        "NP22",
        "D239",
        "SAMN15153956",
        "GRO-03",
        "muc3843",
        "BG9_33",
        "A37",
        "368C",
        "NP14",
        "NP11",
        "BG9_3",
        "NP39",
        "284C"
    ],
    "que_disease_samples": [
        "051I",
        "034I",
        "VUILD59",
        "166I",
        "VUILD61",
        "TILD028",
        "IPF2",
        "IPF_04",
        "TILD006",
        "138I",
        "158I",
        "225I",
        "228I",
        "022I",
        "210I",
        "221I",
        "29I",
        "59I",
        "145I",
        "212I",
        "TILD010",
        "040I",
        "174I",
        "021I",
        "025I",
        "VUILD64"
    ],
    "que_samples": [
        "D339",
        "T90",
        "098C",
        "226C",
        "THD0012",
        "A44",
        "NP15",
        "356C",
        "192C",
        "lafy_donor_4",
        "SAMN15153963",
        "QZY9VQng",
        "465C",
        "Donor_08",
        "VUHD92",
        "T126",
        "D353",
        "NP22",
        "D239",
        "SAMN15153956",
        "GRO-03",
        "muc3843",
        "BG9_33",
        "A37",
        "368C",
        "NP14",
        "NP11",
        "BG9_3",
        "NP39",
        "284C",
        "051I",
        "034I",
        "VUILD59",
        "166I",
        "VUILD61",
        "TILD028",
        "IPF2",
        "IPF_04",
        "TILD006",
        "138I",
        "158I",
        "225I",
        "228I",
        "022I",
        "210I",
        "221I",
        "29I",
        "59I",
        "145I",
        "212I",
        "TILD010",
        "040I",
        "174I",
        "021I",
        "025I",
        "VUILD64"
    ]
}