{
    "problem": "healthy-reference-Secretory-300",
    "n_comps": 11.0,
    "optimal_k": 5.0,
    "optimal_p": 0.05499999999999993,
    "ratio-limit": 0.14942528735632185,
    "accuracy": 0.7454545454545455,
    "precision": 0.75,
    "recall": 0.6923076923076923,
    "f1": 0.72,
    "outlier_ratio_ref_datasets": [
        0.06174957118353345,
        0.006172839506172839,
        0.0,
        0.4117647058823529,
        0.0625,
        0.05486968449931413,
        0.0,
        0.030303030303030304,
        0.0,
        0.08196721311475409,
        0.0,
        0.0,
        0.01925254813137033,
        0.2631578947368421,
        0.07692307692307693,
        0.0,
        0.3333333333333333,
        0.25,
        null,
        0.2727272727272727,
        0.14942528735632185,
        0.09,
        0.05141388174807198,
        0.018292682926829267,
        0.12962962962962962,
        0.0,
        0.04,
        0.04,
        0.0
    ],
    "outlier_ratio_que_datasets": [
        0.08486238532110092,
        0.10721649484536082,
        0.4666666666666667,
        0.12087912087912088,
        0.047619047619047616,
        0.0,
        0.1480225988700565,
        0.04,
        0.11794871794871795,
        0.010398613518197574,
        0.0,
        0.5,
        0.09090909090909091,
        0.013157894736842105,
        1.0,
        0.07476635514018691,
        0.11518324607329843,
        0.07947019867549669,
        0.0,
        0.07692307692307693,
        0.02403846153846154,
        0.0862533692722372,
        0.38461538461538464,
        0.17032967032967034,
        0.2222222222222222,
        0.14,
        0.0,
        null,
        0.045454545454545456,
        0.0,
        0.21666666666666667,
        0.10404624277456648,
        0.2,
        0.0,
        0.2,
        0.21739130434782608,
        0.14423076923076922,
        0.18518518518518517,
        0.3076923076923077,
        0.25,
        0.29545454545454547,
        0.35,
        0.1440677966101695,
        0.09090909090909091,
        0.17857142857142858,
        0.2087378640776699,
        0.18421052631578946,
        0.1746031746031746,
        0.15625,
        0.2876712328767123,
        0.625,
        0.14516129032258066,
        0.1111111111111111,
        0.288135593220339,
        0.2,
        0.10071942446043165
    ],
    "ref_normal_samples": [
        "GRO-03",
        "D326",
        "VUHD076",
        "A40",
        "VUHD92",
        "NP39",
        "D353",
        "A47",
        "SAMN15153956",
        "VUHD70",
        "Donor_06",
        "368C",
        "2020-3173-NC007",
        "NP11",
        "lafy_donor_4",
        "SAMN15153963",
        "THD0006",
        "226C",
        "muc4659",
        "A44",
        "A26",
        "T126",
        "NP14",
        "D339",
        "T90",
        "356C",
        "BG9_3",
        "NP22",
        "Donor_08"
    ],
    "que_normal_samples": [
        "D344",
        "donor 2",
        "098C",
        "Patient_1",
        "THD0012",
        "GSM4593897",
        "DD046Q",
        "donor 3",
        "NP15",
        "NP27",
        "296C",
        "192C",
        "muc9833",
        "QZY9VQng",
        "465C",
        "T121",
        "T166",
        "D239",
        "VUHD107",
        "muc3843",
        "BG9_33",
        "GRO-07",
        "THD0017",
        "dd39p",
        "A37",
        "NP26",
        "GRO-01",
        "NP35",
        "LuT_437",
        "284C"
    ],
    "que_disease_samples": [
        "051I",
        "IPF_02",
        "49I",
        "IPF1",
        "157I",
        "123I",
        "TILD006",
        "063I",
        "225I",
        "IPF3",
        "210I",
        "29I",
        "177I",
        "145I",
        "179I",
        "212I",
        "TILD010",
        "174I",
        "Cryobiopsy_01",
        "135I",
        "214I",
        "IPF_01",
        "TILD001",
        "025I",
        "47I",
        "VUILD64"
    ],
    "que_samples": [
        "D344",
        "donor 2",
        "098C",
        "Patient_1",
        "THD0012",
        "GSM4593897",
        "DD046Q",
        "donor 3",
        "NP15",
        "NP27",
        "296C",
        "192C",
        "muc9833",
        "QZY9VQng",
        "465C",
        "T121",
        "T166",
        "D239",
        "VUHD107",
        "muc3843",
        "BG9_33",
        "GRO-07",
        "THD0017",
        "dd39p",
        "A37",
        "NP26",
        "GRO-01",
        "NP35",
        "LuT_437",
        "284C",
        "051I",
        "IPF_02",
        "49I",
        "IPF1",
        "157I",
        "123I",
        "TILD006",
        "063I",
        "225I",
        "IPF3",
        "210I",
        "29I",
        "177I",
        "145I",
        "179I",
        "212I",
        "TILD010",
        "174I",
        "Cryobiopsy_01",
        "135I",
        "214I",
        "IPF_01",
        "TILD001",
        "025I",
        "47I",
        "VUILD64"
    ]
}