{
    "problem": "healthy-reference-Secretory-400",
    "n_comps": 3.0,
    "optimal_k": 15.0,
    "optimal_p": 0.04000000000000003,
    "ratio-limit": 0.17647058823529413,
    "accuracy": 0.5555555555555556,
    "precision": 0.5833333333333334,
    "recall": 0.2692307692307692,
    "f1": 0.3684210526315789,
    "outlier_ratio_ref_datasets": [
        0.16666666666666666,
        0.06622516556291391,
        0.05128205128205128,
        0.0,
        0.1,
        0.5333333333333333,
        0.0,
        0.0625,
        0.07583547557840617,
        0.045454545454545456,
        0.05759162303664921,
        0.0,
        0.06060606060606061,
        0.0,
        0.04938271604938271,
        0.25,
        0.16822429906542055,
        0.0576271186440678,
        0.07407407407407407,
        0.04395604395604396,
        0.05154639175257732,
        0.15151515151515152,
        0.17647058823529413,
        0.0,
        0.0,
        0.032,
        0.15,
        0.008771929824561403,
        0.054878048780487805
    ],
    "outlier_ratio_que_datasets": [
        0.05045871559633028,
        0.06944444444444445,
        0.13793103448275862,
        0.10192525481313704,
        0.25,
        0.0,
        0.0,
        0.0,
        0.06239168110918544,
        0.4,
        0.3076923076923077,
        0.012345679012345678,
        0.0,
        0.23684210526315788,
        0.0,
        0.07,
        0.03166666666666667,
        0.09836065573770492,
        0.10234419668381932,
        0.09090909090909091,
        null,
        0.07692307692307693,
        0.04326923076923077,
        0.013477088948787063,
        0.23076923076923078,
        0.15384615384615385,
        0.0,
        0.05263157894736842,
        0.0,
        null,
        0.15,
        0.36,
        0.0,
        0.1271186440677966,
        0.0759493670886076,
        0.019230769230769232,
        0.1686746987951807,
        0.11538461538461539,
        0.4230769230769231,
        0.1875,
        0.06060606060606061,
        0.1319796954314721,
        0.2857142857142857,
        0.20454545454545456,
        0.3,
        0.024390243902439025,
        0.16101694915254236,
        0.0,
        0.045454545454545456,
        0.1262135922330097,
        0.07692307692307693,
        0.09375,
        0.11688311688311688,
        0.20833333333333334,
        0.037037037037037035,
        0.03278688524590164
    ],
    "ref_normal_samples": [
        "296C",
        "D239",
        "NP15",
        "THD0006",
        "BG9_3",
        "098C",
        "SAMN15153956",
        "VUHD92",
        "NP14",
        "LuT_437",
        "T166",
        "465C",
        "A47",
        "VUHD076",
        "NP39",
        "356C",
        "T121",
        "DD046Q",
        "A37",
        "Patient_1",
        "donor 2",
        "A44",
        "A40",
        "muc9833",
        "284C",
        "donor 3",
        "NP26",
        "D353",
        "D339"
    ],
    "que_normal_samples": [
        "D344",
        "T90",
        "A26",
        "2020-3173-NC007",
        "226C",
        "Donor_06",
        "THD0012",
        "GSM4593897",
        "NP27",
        "192C",
        "lafy_donor_4",
        "D326",
        "SAMN15153963",
        "QZY9VQng",
        "Donor_08",
        "T126",
        "NP22",
        "VUHD70",
        "GRO-03",
        "VUHD107",
        "muc4659",
        "muc3843",
        "BG9_33",
        "GRO-07",
        "THD0017",
        "dd39p",
        "368C",
        "NP11",
        "GRO-01",
        "NP35"
    ],
    "que_disease_samples": [
        "034I",
        "49I",
        "IPF1",
        "IPF2",
        "IPF_04",
        "TILD006",
        "138I",
        "158I",
        "225I",
        "041I",
        "IPF3",
        "222I",
        "228I",
        "210I",
        "29I",
        "TILD015",
        "177I",
        "59I",
        "145I",
        "212I",
        "053I",
        "Cryobiopsy_01",
        "VUILD63",
        "021I",
        "TILD001",
        "VUILD53"
    ],
    "que_samples": [
        "D344",
        "T90",
        "A26",
        "2020-3173-NC007",
        "226C",
        "Donor_06",
        "THD0012",
        "GSM4593897",
        "NP27",
        "192C",
        "lafy_donor_4",
        "D326",
        "SAMN15153963",
        "QZY9VQng",
        "Donor_08",
        "T126",
        "NP22",
        "VUHD70",
        "GRO-03",
        "VUHD107",
        "muc4659",
        "muc3843",
        "BG9_33",
        "GRO-07",
        "THD0017",
        "dd39p",
        "368C",
        "NP11",
        "GRO-01",
        "NP35",
        "034I",
        "49I",
        "IPF1",
        "IPF2",
        "IPF_04",
        "TILD006",
        "138I",
        "158I",
        "225I",
        "041I",
        "IPF3",
        "222I",
        "228I",
        "210I",
        "29I",
        "TILD015",
        "177I",
        "59I",
        "145I",
        "212I",
        "053I",
        "Cryobiopsy_01",
        "VUILD63",
        "021I",
        "TILD001",
        "VUILD53"
    ]
}