{
    "problem": "healthy-reference-Secretory-500",
    "n_comps": 13.0,
    "optimal_k": 5.0,
    "optimal_p": 0.1,
    "ratio-limit": 0.1,
    "accuracy": 0.6,
    "precision": 1.0,
    "recall": 0.15384615384615385,
    "f1": 0.26666666666666666,
    "outlier_ratio_ref_datasets": [
        0.05263157894736842,
        0.031413612565445025,
        0.0,
        0.0,
        0.0,
        0.03418803418803419,
        null,
        0.0,
        0.0,
        0.09090909090909091,
        0.015819209039548022,
        0.011494252873563218,
        0.0,
        0.0,
        0.2,
        0.006880733944954129,
        0.0,
        0.037037037037037035,
        0.0,
        0.013157894736842105,
        0.0,
        0.0,
        0.06018518518518518,
        0.1,
        0.018691588785046728,
        0.0,
        0.0,
        0.25,
        0.06060606060606061
    ],
    "outlier_ratio_que_datasets": [
        0.0,
        0.01443298969072165,
        0.009437523593808984,
        0.04395604395604396,
        0.0,
        0.0,
        0.006932409012131715,
        0.0,
        0.0,
        0.0,
        0.0,
        0.0,
        0.02,
        0.0033333333333333335,
        0.013245033112582781,
        0.030303030303030304,
        0.0,
        0.038461538461538464,
        0.009615384615384616,
        0.013477088948787063,
        0.06593406593406594,
        0.02,
        0.017994858611825194,
        0.0,
        0.0,
        0.0,
        null,
        0.045454545454545456,
        0.012345679012345678,
        0.0,
        0.02252816020025031,
        0.03,
        0.017770597738287562,
        0.15789473684210525,
        0.024489795918367346,
        0.017341040462427744,
        0.02531645569620253,
        0.0,
        0.009615384615384616,
        0.019230769230769232,
        0.0625,
        0.04568527918781726,
        0.09259259259259259,
        0.13636363636363635,
        0.0,
        0.02912621359223301,
        0.00851063829787234,
        0.038461538461538464,
        0.04878048780487805,
        0.0625,
        0.1875,
        0.375,
        0.012345679012345678,
        0.06779661016949153,
        0.0,
        0.01079136690647482
    ],
    "ref_normal_samples": [
        "NP11",
        "T166",
        "D353",
        "VUHD70",
        "VUHD076",
        "NP15",
        "muc4659",
        "368C",
        "THD0017",
        "muc9833",
        "DD046Q",
        "A26",
        "lafy_donor_4",
        "SAMN15153956",
        "098C",
        "D344",
        "GSM4593897",
        "A37",
        "donor 3",
        "QZY9VQng",
        "356C",
        "D339",
        "T90",
        "192C",
        "T121",
        "296C",
        "SAMN15153963",
        "226C",
        "A44"
    ],
    "que_normal_samples": [
        "A40",
        "donor 2",
        "2020-3173-NC007",
        "Patient_1",
        "Donor_06",
        "THD0012",
        "NP27",
        "D326",
        "465C",
        "A47",
        "Donor_08",
        "VUHD92",
        "T126",
        "NP22",
        "D239",
        "GRO-03",
        "VUHD107",
        "muc3843",
        "BG9_33",
        "GRO-07",
        "dd39p",
        "NP26",
        "NP14",
        "THD0006",
        "BG9_3",
        "GRO-01",
        "NP35",
        "LuT_437",
        "NP39",
        "284C"
    ],
    "que_disease_samples": [
        "VUILD60",
        "034I",
        "VUILD59",
        "166I",
        "TILD028",
        "IPF_02",
        "IPF_04",
        "123I",
        "TILD006",
        "158I",
        "041I",
        "222I",
        "022I",
        "210I",
        "59I",
        "212I",
        "VUILD65",
        "053I",
        "040I",
        "Cryobiopsy_01",
        "021I",
        "214I",
        "TILD001",
        "025I",
        "VUILD53",
        "VUILD64"
    ],
    "que_samples": [
        "A40",
        "donor 2",
        "2020-3173-NC007",
        "Patient_1",
        "Donor_06",
        "THD0012",
        "NP27",
        "D326",
        "465C",
        "A47",
        "Donor_08",
        "VUHD92",
        "T126",
        "NP22",
        "D239",
        "GRO-03",
        "VUHD107",
        "muc3843",
        "BG9_33",
        "GRO-07",
        "dd39p",
        "NP26",
        "NP14",
        "THD0006",
        "BG9_3",
        "GRO-01",
        "NP35",
        "LuT_437",
        "NP39",
        "284C",
        "VUILD60",
        "034I",
        "VUILD59",
        "166I",
        "TILD028",
        "IPF_02",
        "IPF_04",
        "123I",
        "TILD006",
        "158I",
        "041I",
        "222I",
        "022I",
        "210I",
        "59I",
        "212I",
        "VUILD65",
        "053I",
        "040I",
        "Cryobiopsy_01",
        "021I",
        "214I",
        "TILD001",
        "025I",
        "VUILD53",
        "VUILD64"
    ]
}