{
    "problem": "healthy-reference-Secretory-600",
    "n_comps": 16.0,
    "optimal_k": 4.0,
    "optimal_p": 0.04500000000000003,
    "ratio-limit": 0.1712962962962963,
    "accuracy": 0.6363636363636364,
    "precision": 0.6875,
    "recall": 0.4230769230769231,
    "f1": 0.5238095238095238,
    "outlier_ratio_ref_datasets": [
        0.11623931623931624,
        0.012345679012345678,
        null,
        0.07476635514018691,
        0.08791208791208792,
        0.0440251572327044,
        0.09195402298850575,
        0.09090909090909091,
        0.039473684210526314,
        0.09090909090909091,
        0.06060606060606061,
        0.012195121951219513,
        0.0,
        0.1712962962962963,
        0.059602649006622516,
        0.03365384615384615,
        0.23529411764705882,
        0.10526315789473684,
        0.037037037037037035,
        0.0,
        0.0,
        0.01736504341260853,
        0.0,
        0.05929919137466307,
        0.01639344262295082,
        0.0,
        0.0,
        0.06804123711340206,
        0.5
    ],
    "outlier_ratio_que_datasets": [
        0.06192660550458716,
        0.6,
        0.047619047619047616,
        0.13220338983050847,
        0.016,
        0.18181818181818182,
        0.008665511265164644,
        0.0,
        0.16666666666666666,
        0.4,
        1.0,
        0.08376963350785341,
        0.0,
        0.0625,
        0.07,
        0.0,
        0.028333333333333332,
        0.0,
        0.11538461538461539,
        0.14835164835164835,
        0.14814814814814814,
        0.07,
        0.0,
        0.043701799485861184,
        0.6666666666666666,
        0.04,
        0.058823529411764705,
        null,
        0.0,
        0.0,
        0.16,
        0.12661290322580646,
        0.16666666666666666,
        0.24,
        0.0,
        0.22033898305084745,
        0.21052631578947367,
        0.0379746835443038,
        0.14222222222222222,
        0.07692307692307693,
        0.1927710843373494,
        0.1346153846153846,
        0.2692307692307692,
        0.21875,
        0.24242424242424243,
        0.10569105691056911,
        0.13559322033898305,
        0.045454545454545456,
        0.15384615384615385,
        0.25,
        0.2648401826484018,
        0.06493506493506493,
        0.5,
        0.08064516129032258,
        0.04938271604938271,
        0.3220338983050847
    ],
    "ref_normal_samples": [
        "NP15",
        "D326",
        "muc4659",
        "T121",
        "Patient_1",
        "GRO-03",
        "A26",
        "muc9833",
        "QZY9VQng",
        "LuT_437",
        "A47",
        "D339",
        "THD0017",
        "T90",
        "D239",
        "BG9_33",
        "A40",
        "NP11",
        "NP39",
        "SAMN15153963",
        "lafy_donor_4",
        "2020-3173-NC007",
        "Donor_06",
        "GRO-07",
        "VUHD70",
        "SAMN15153956",
        "226C",
        "donor 2",
        "GSM4593897"
    ],
    "que_normal_samples": [
        "D344",
        "098C",
        "THD0012",
        "DD046Q",
        "donor 3",
        "A44",
        "NP27",
        "356C",
        "296C",
        "192C",
        "465C",
        "T166",
        "Donor_08",
        "VUHD92",
        "T126",
        "D353",
        "NP22",
        "VUHD107",
        "muc3843",
        "dd39p",
        "A37",
        "NP26",
        "368C",
        "NP14",
        "THD0006",
        "BG9_3",
        "GRO-01",
        "NP35",
        "VUHD076",
        "284C"
    ],
    "que_disease_samples": [
        "034I",
        "VUILD61",
        "IPF_03",
        "49I",
        "IPF1",
        "IPF2",
        "010I",
        "IPF_04",
        "157I",
        "TILD006",
        "138I",
        "158I",
        "225I",
        "041I",
        "IPF3",
        "TILD015",
        "177I",
        "145I",
        "053I",
        "Cryobiopsy_01",
        "135I",
        "VUILD63",
        "214I",
        "IPF_01",
        "TILD001",
        "025I"
    ],
    "que_samples": [
        "D344",
        "098C",
        "THD0012",
        "DD046Q",
        "donor 3",
        "A44",
        "NP27",
        "356C",
        "296C",
        "192C",
        "465C",
        "T166",
        "Donor_08",
        "VUHD92",
        "T126",
        "D353",
        "NP22",
        "VUHD107",
        "muc3843",
        "dd39p",
        "A37",
        "NP26",
        "368C",
        "NP14",
        "THD0006",
        "BG9_3",
        "GRO-01",
        "NP35",
        "VUHD076",
        "284C",
        "034I",
        "VUILD61",
        "IPF_03",
        "49I",
        "IPF1",
        "IPF2",
        "010I",
        "IPF_04",
        "157I",
        "TILD006",
        "138I",
        "158I",
        "225I",
        "041I",
        "IPF3",
        "TILD015",
        "177I",
        "145I",
        "053I",
        "Cryobiopsy_01",
        "135I",
        "VUILD63",
        "214I",
        "IPF_01",
        "TILD001",
        "025I"
    ]
}