{
    "problem": "healthy-reference-Secretory-700",
    "n_comps": 2.0,
    "optimal_k": 15.0,
    "optimal_p": 0.030000000000000023,
    "ratio-limit": 0.25,
    "accuracy": 0.5454545454545454,
    "precision": 0.6666666666666666,
    "recall": 0.07692307692307693,
    "f1": 0.13793103448275862,
    "outlier_ratio_ref_datasets": [
        0.0,
        0.0,
        0.0,
        0.06542056074766354,
        0.23076923076923078,
        0.0576271186440678,
        0.043859649122807015,
        0.045454545454545456,
        0.0,
        0.0,
        0.11764705882352941,
        0.03773584905660377,
        0.039735099337748346,
        0.4,
        0.14754098360655737,
        0.0,
        0.15151515151515152,
        0.19230769230769232,
        null,
        0.25,
        0.0,
        0.10526315789473684,
        0.04884318766066838,
        0.07692307692307693,
        0.17105263157894737,
        0.03365384615384615,
        0.07692307692307693,
        0.06,
        0.05198776758409786
    ],
    "outlier_ratio_que_datasets": [
        0.06804123711340206,
        0.06097560975609756,
        0.041666666666666664,
        0.20689655172413793,
        0.06530766326915817,
        0.25,
        0.10989010989010989,
        0.048,
        0.039316239316239315,
        0.045060658578856154,
        0.0,
        0.024691358024691357,
        0.0,
        0.09090909090909091,
        0.0,
        0.06060606060606061,
        0.05759162303664921,
        0.0,
        0.09821428571428571,
        0.045,
        0.0,
        0.029649595687331536,
        0.2962962962962963,
        0.14,
        0.0,
        0.06,
        0.0,
        null,
        0.045454545454545456,
        0.0411522633744856,
        0.06666666666666667,
        0.08010012515644556,
        0.15789473684210525,
        0.16666666666666666,
        0.06936416184971098,
        0.211864406779661,
        0.1,
        0.11392405063291139,
        0.07111111111111111,
        0.08695652173913043,
        0.04807692307692308,
        0.12048192771084337,
        0.1111111111111111,
        0.07692307692307693,
        0.1504424778761062,
        0.3076923076923077,
        0.045454545454545456,
        0.07142857142857142,
        0.038461538461538464,
        0.0975609756097561,
        0.1111111111111111,
        0.375,
        0.20967741935483872,
        0.0847457627118644,
        0.2,
        0.0539568345323741
    ],
    "ref_normal_samples": [
        "Donor_06",
        "VUHD076",
        "GSM4593897",
        "T121",
        "THD0017",
        "DD046Q",
        "D353",
        "VUHD107",
        "THD0006",
        "192C",
        "A40",
        "GRO-03",
        "D239",
        "098C",
        "VUHD70",
        "284C",
        "A44",
        "lafy_donor_4",
        "muc4659",
        "356C",
        "THD0012",
        "NP11",
        "NP14",
        "muc3843",
        "QZY9VQng",
        "BG9_33",
        "dd39p",
        "T126",
        "D344"
    ],
    "que_normal_samples": [
        "donor 2",
        "D339",
        "T90",
        "A26",
        "2020-3173-NC007",
        "226C",
        "Patient_1",
        "donor 3",
        "NP15",
        "NP27",
        "296C",
        "D326",
        "SAMN15153963",
        "muc9833",
        "465C",
        "A47",
        "T166",
        "Donor_08",
        "VUHD92",
        "NP22",
        "SAMN15153956",
        "GRO-07",
        "A37",
        "NP26",
        "368C",
        "BG9_3",
        "GRO-01",
        "NP35",
        "LuT_437",
        "NP39"
    ],
    "que_disease_samples": [
        "051I",
        "VUILD60",
        "166I",
        "IPF_03",
        "IPF_02",
        "IPF2",
        "010I",
        "IPF_04",
        "157I",
        "123I",
        "TILD006",
        "138I",
        "063I",
        "158I",
        "209I",
        "225I",
        "221I",
        "179I",
        "053I",
        "040I",
        "174I",
        "214I",
        "IPF_01",
        "025I",
        "47I",
        "VUILD64"
    ],
    "que_samples": [
        "donor 2",
        "D339",
        "T90",
        "A26",
        "2020-3173-NC007",
        "226C",
        "Patient_1",
        "donor 3",
        "NP15",
        "NP27",
        "296C",
        "D326",
        "SAMN15153963",
        "muc9833",
        "465C",
        "A47",
        "T166",
        "Donor_08",
        "VUHD92",
        "NP22",
        "SAMN15153956",
        "GRO-07",
        "A37",
        "NP26",
        "368C",
        "BG9_3",
        "GRO-01",
        "NP35",
        "LuT_437",
        "NP39",
        "051I",
        "VUILD60",
        "166I",
        "IPF_03",
        "IPF_02",
        "IPF2",
        "010I",
        "IPF_04",
        "157I",
        "123I",
        "TILD006",
        "138I",
        "063I",
        "158I",
        "209I",
        "225I",
        "221I",
        "179I",
        "053I",
        "040I",
        "174I",
        "214I",
        "IPF_01",
        "025I",
        "47I",
        "VUILD64"
    ]
}