{
    "problem": "healthy-reference-Secretory-800",
    "n_comps": 5.0,
    "optimal_k": 14.0,
    "optimal_p": 0.04000000000000003,
    "ratio-limit": 0.08411214953271028,
    "accuracy": 0.6111111111111112,
    "precision": 0.6923076923076923,
    "recall": 0.34615384615384615,
    "f1": 0.46153846153846156,
    "outlier_ratio_ref_datasets": [
        0.0,
        0.026785714285714284,
        0.04918032786885246,
        0.012195121951219513,
        0.0,
        0.08411214953271028,
        0.02570694087403599,
        0.06,
        0.2,
        0.07142857142857142,
        0.03917525773195876,
        0.0,
        0.04406779661016949,
        0.0,
        0.14814814814814814,
        0.0,
        0.02,
        0.02197802197802198,
        0.052980132450331126,
        0.006172839506172839,
        0.0,
        0.0,
        0.04,
        0.0,
        0.3333333333333333,
        0.0,
        0.0,
        0.0,
        0.3333333333333333
    ],
    "outlier_ratio_que_datasets": [
        0.29411764705882354,
        0.035932721712538224,
        0.05555555555555555,
        0.08045977011494253,
        0.027557568893922236,
        0.0,
        0.0,
        0.016,
        0.15151515151515152,
        0.044444444444444446,
        0.02079722703639515,
        0.0,
        0.0,
        0.0,
        0.0,
        0.05263157894736842,
        1.0,
        0.04712041884816754,
        0.0,
        0.04173813607775872,
        null,
        0.07692307692307693,
        0.016172506738544475,
        0.0,
        0.11,
        0.05263157894736842,
        0.0,
        null,
        0.05075445816186557,
        0.0,
        0.06132665832290363,
        0.18,
        0.05815831987075929,
        0.06129032258064516,
        0.08333333333333333,
        0.0,
        0.10526315789473684,
        0.0379746835443038,
        0.04807692307692308,
        0.07692307692307693,
        0.19230769230769232,
        0.1875,
        0.05303030303030303,
        0.1065989847715736,
        0.14285714285714285,
        0.05555555555555555,
        0.06818181818181818,
        0.04065040650406504,
        0.09223300970873786,
        0.07692307692307693,
        0.0625,
        0.1780821917808219,
        0.07792207792207792,
        0.1694915254237288,
        0.01639344262295082,
        0.039568345323741004
    ],
    "ref_normal_samples": [
        "BG9_33",
        "VUHD92",
        "VUHD70",
        "D339",
        "Donor_08",
        "T121",
        "NP14",
        "T126",
        "192C",
        "dd39p",
        "donor 2",
        "VUHD076",
        "DD046Q",
        "VUHD107",
        "A37",
        "LuT_437",
        "NP22",
        "Patient_1",
        "D239",
        "D326",
        "A47",
        "THD0012",
        "BG9_3",
        "296C",
        "THD0006",
        "SAMN15153956",
        "368C",
        "Donor_06",
        "098C"
    ],
    "que_normal_samples": [
        "A40",
        "D344",
        "T90",
        "A26",
        "2020-3173-NC007",
        "226C",
        "GSM4593897",
        "donor 3",
        "A44",
        "NP15",
        "NP27",
        "356C",
        "lafy_donor_4",
        "SAMN15153963",
        "muc9833",
        "QZY9VQng",
        "465C",
        "T166",
        "D353",
        "GRO-03",
        "muc4659",
        "muc3843",
        "GRO-07",
        "THD0017",
        "NP26",
        "NP11",
        "GRO-01",
        "NP35",
        "NP39",
        "284C"
    ],
    "que_disease_samples": [
        "VUILD60",
        "034I",
        "VUILD59",
        "VUILD61",
        "IPF_03",
        "IPF1",
        "010I",
        "IPF_04",
        "TILD006",
        "158I",
        "225I",
        "041I",
        "IPF3",
        "222I",
        "228I",
        "022I",
        "221I",
        "TILD015",
        "212I",
        "053I",
        "Cryobiopsy_01",
        "135I",
        "VUILD63",
        "025I",
        "VUILD53",
        "VUILD64"
    ],
    "que_samples": [
        "A40",
        "D344",
        "T90",
        "A26",
        "2020-3173-NC007",
        "226C",
        "GSM4593897",
        "donor 3",
        "A44",
        "NP15",
        "NP27",
        "356C",
        "lafy_donor_4",
        "SAMN15153963",
        "muc9833",
        "QZY9VQng",
        "465C",
        "T166",
        "D353",
        "GRO-03",
        "muc4659",
        "muc3843",
        "GRO-07",
        "THD0017",
        "NP26",
        "NP11",
        "GRO-01",
        "NP35",
        "NP39",
        "284C",
        "VUILD60",
        "034I",
        "VUILD59",
        "VUILD61",
        "IPF_03",
        "IPF1",
        "010I",
        "IPF_04",
        "TILD006",
        "158I",
        "225I",
        "041I",
        "IPF3",
        "222I",
        "228I",
        "022I",
        "221I",
        "TILD015",
        "212I",
        "053I",
        "Cryobiopsy_01",
        "135I",
        "VUILD63",
        "025I",
        "VUILD53",
        "VUILD64"
    ]
}