{
    "problem": "healthy-reference-Secretory-900",
    "n_comps": 8.0,
    "optimal_k": 11.0,
    "optimal_p": 0.05499999999999993,
    "ratio-limit": 0.38461538461538464,
    "accuracy": 0.48148148148148145,
    "precision": 0.3333333333333333,
    "recall": 0.07692307692307693,
    "f1": 0.125,
    "outlier_ratio_ref_datasets": [
        0.09090909090909091,
        0.04533333333333334,
        0.16666666666666666,
        0.0,
        0.19540229885057472,
        0.04326923076923077,
        0.6,
        0.38461538461538464,
        0.30303030303030304,
        0.2222222222222222,
        0.0,
        0.018292682926829267,
        0.0,
        0.14953271028037382,
        0.0,
        0.06622516556291391,
        0.15151515151515152,
        0.0,
        0.25,
        0.09090909090909091,
        0.6666666666666666,
        0.0,
        0.04228010570026425,
        0.12041884816753927,
        0.11538461538461539,
        0.09090909090909091,
        0.006172839506172839,
        0.13,
        0.10256410256410256
    ],
    "outlier_ratio_que_datasets": [
        0.4117647058823529,
        0.08256880733944955,
        0.11958762886597939,
        0.1574074074074074,
        0.5,
        0.08791208791208792,
        0.047619047619047616,
        0.0,
        0.11299435028248588,
        0.025996533795493933,
        0.0,
        0.5,
        0.039473684210526314,
        1.0,
        0.0,
        0.08928571428571429,
        0.13,
        0.06833333333333333,
        0.18032786885245902,
        0.10634648370497427,
        null,
        0.08086253369272237,
        0.1978021978021978,
        0.06426735218508997,
        0.10526315789473684,
        0.08,
        0.0,
        null,
        0.10973936899862825,
        0.0,
        0.1964956195244055,
        0.26,
        0.1680129240710824,
        0.2894736842105263,
        0.1329479768786127,
        0.16,
        0.2577777777777778,
        0.17307692307692307,
        0.3614457831325301,
        0.2222222222222222,
        0.23076923076923078,
        0.3805309734513274,
        0.0,
        0.2222222222222222,
        0.2288135593220339,
        0.21428571428571427,
        0.14042553191489363,
        0.2236842105263158,
        0.34146341463414637,
        0.1875,
        0.75,
        0.27419354838709675,
        0.20987654320987653,
        0.3220338983050847,
        0.4,
        0.06557377049180328
    ],
    "ref_normal_samples": [
        "VUHD107",
        "donor 3",
        "SAMN15153963",
        "368C",
        "A26",
        "BG9_33",
        "098C",
        "THD0017",
        "A44",
        "A37",
        "lafy_donor_4",
        "D339",
        "Donor_06",
        "T121",
        "VUHD076",
        "D239",
        "A47",
        "D353",
        "356C",
        "muc9833",
        "THD0006",
        "SAMN15153956",
        "2020-3173-NC007",
        "T166",
        "muc3843",
        "LuT_437",
        "D326",
        "NP26",
        "NP15"
    ],
    "que_normal_samples": [
        "A40",
        "D344",
        "donor 2",
        "T90",
        "226C",
        "Patient_1",
        "THD0012",
        "GSM4593897",
        "DD046Q",
        "NP27",
        "296C",
        "192C",
        "QZY9VQng",
        "465C",
        "Donor_08",
        "VUHD92",
        "T126",
        "NP22",
        "VUHD70",
        "GRO-03",
        "muc4659",
        "GRO-07",
        "dd39p",
        "NP14",
        "NP11",
        "BG9_3",
        "GRO-01",
        "NP35",
        "NP39",
        "284C"
    ],
    "que_disease_samples": [
        "VUILD60",
        "034I",
        "VUILD59",
        "166I",
        "IPF_02",
        "49I",
        "157I",
        "TILD006",
        "138I",
        "063I",
        "158I",
        "209I",
        "228I",
        "022I",
        "177I",
        "179I",
        "VUILD65",
        "TILD010",
        "040I",
        "Cryobiopsy_01",
        "214I",
        "IPF_01",
        "TILD001",
        "025I",
        "47I",
        "VUILD53"
    ],
    "que_samples": [
        "A40",
        "D344",
        "donor 2",
        "T90",
        "226C",
        "Patient_1",
        "THD0012",
        "GSM4593897",
        "DD046Q",
        "NP27",
        "296C",
        "192C",
        "QZY9VQng",
        "465C",
        "Donor_08",
        "VUHD92",
        "T126",
        "NP22",
        "VUHD70",
        "GRO-03",
        "muc4659",
        "GRO-07",
        "dd39p",
        "NP14",
        "NP11",
        "BG9_3",
        "GRO-01",
        "NP35",
        "NP39",
        "284C",
        "VUILD60",
        "034I",
        "VUILD59",
        "166I",
        "IPF_02",
        "49I",
        "157I",
        "TILD006",
        "138I",
        "063I",
        "158I",
        "209I",
        "228I",
        "022I",
        "177I",
        "179I",
        "VUILD65",
        "TILD010",
        "040I",
        "Cryobiopsy_01",
        "214I",
        "IPF_01",
        "TILD001",
        "025I",
        "47I",
        "VUILD53"
    ]
}