{
    "problem": "healthy-reference-AT1-0",
    "n_comps": 23.0,
    "optimal_k": 14.0,
    "optimal_p": 0.05499999999999993,
    "ratio-limit": 0.06896551724137931,
    "accuracy": 0.625,
    "precision": 0.8571428571428571,
    "recall": 0.48,
    "f1": 0.6153846153846154,
    "outlier_ratio_ref_datasets": [
        null,
        0.029411764705882353,
        0.0,
        0.0,
        0.027777777777777776,
        null,
        null,
        0.029411764705882353,
        0.0024752475247524753,
        0.0,
        0.06896551724137931,
        null,
        0.017391304347826087,
        0.07894736842105263,
        null,
        0.0,
        0.0,
        null,
        0.017699115044247787,
        0.0,
        null,
        null,
        0.011363636363636364,
        null,
        null,
        0.0,
        0.0,
        1.0,
        null
    ],
    "outlier_ratio_que_datasets": [
        0.0,
        0.0,
        null,
        0.16666666666666666,
        null,
        0.024475524475524476,
        0.0,
        null,
        0.025495750708215296,
        0.014705882352941176,
        0.07407407407407407,
        null,
        null,
        0.0,
        null,
        null,
        0.0585480093676815,
        null,
        null,
        0.011363636363636364,
        null,
        0.03571428571428571,
        null,
        0.0,
        null,
        0.0,
        null,
        0.0,
        null,
        null,
        0.06382978723404255,
        0.2631578947368421,
        0.0,
        0.0,
        0.3333333333333333,
        0.0,
        0.29411764705882354,
        0.125,
        0.0,
        0.14285714285714285,
        0.13333333333333333,
        0.125,
        0.2,
        0.0,
        0.0,
        0.2,
        0.0,
        0.0,
        0.058333333333333334,
        0.4444444444444444,
        0.0,
        0.3333333333333333,
        0.07142857142857142,
        null,
        0.0,
        0.0
    ],
    "ref_normal_samples": [
        "NP35",
        "muc9833",
        "368C",
        "465C",
        "donor 2",
        "NP15",
        "T126",
        "VUHD92",
        "QZY9VQng",
        "296C",
        "Donor_08",
        "D326",
        "VUHD70",
        "DD046Q",
        "BG9_3",
        "226C",
        "356C",
        "GRO-07",
        "A26",
        "VUHD107",
        "GRO-01",
        "NP22",
        "Patient_1",
        "NP14",
        "muc4659",
        "T90",
        "lafy_donor_4",
        "NP39",
        "NP27"
    ],
    "que_normal_samples": [
        "A40",
        "D344",
        "D339",
        "098C",
        "2020-3173-NC007",
        "Donor_06",
        "THD0012",
        "GSM4593897",
        "donor 3",
        "A44",
        "192C",
        "SAMN15153963",
        "A47",
        "T121",
        "T166",
        "D353",
        "D239",
        "SAMN15153956",
        "GRO-03",
        "muc3843",
        "BG9_33",
        "THD0017",
        "dd39p",
        "A37",
        "NP26",
        "THD0006",
        "NP11",
        "LuT_437",
        "VUHD076",
        "284C"
    ],
    "que_disease_samples": [
        "VUILD60",
        "166I",
        "IPF_03",
        "IPF_02",
        "49I",
        "IPF2",
        "010I",
        "157I",
        "138I",
        "063I",
        "158I",
        "222I",
        "022I",
        "29I",
        "59I",
        "179I",
        "VUILD65",
        "TILD010",
        "Cryobiopsy_01",
        "135I",
        "VUILD63",
        "214I",
        "IPF_01",
        "TILD001",
        "025I",
        "VUILD64"
    ],
    "que_samples": [
        "A40",
        "D344",
        "D339",
        "098C",
        "2020-3173-NC007",
        "Donor_06",
        "THD0012",
        "GSM4593897",
        "donor 3",
        "A44",
        "192C",
        "SAMN15153963",
        "A47",
        "T121",
        "T166",
        "D353",
        "D239",
        "SAMN15153956",
        "GRO-03",
        "muc3843",
        "BG9_33",
        "THD0017",
        "dd39p",
        "A37",
        "NP26",
        "THD0006",
        "NP11",
        "LuT_437",
        "VUHD076",
        "284C",
        "VUILD60",
        "166I",
        "IPF_03",
        "IPF_02",
        "49I",
        "IPF2",
        "010I",
        "157I",
        "138I",
        "063I",
        "158I",
        "222I",
        "022I",
        "29I",
        "59I",
        "179I",
        "VUILD65",
        "TILD010",
        "Cryobiopsy_01",
        "135I",
        "VUILD63",
        "214I",
        "IPF_01",
        "TILD001",
        "025I",
        "VUILD64"
    ]
}