{
    "problem": "healthy-reference-AT1-100",
    "n_comps": 5.0,
    "optimal_k": 14.0,
    "optimal_p": 0.05499999999999993,
    "ratio-limit": 0.5,
    "accuracy": 0.6595744680851063,
    "precision": 0.8571428571428571,
    "recall": 0.46153846153846156,
    "f1": 0.6,
    "outlier_ratio_ref_datasets": [
        0.022727272727272728,
        null,
        null,
        null,
        0.16666666666666666,
        null,
        0.04702970297029703,
        0.47368421052631576,
        null,
        null,
        null,
        null,
        null,
        null,
        0.16666666666666666,
        1.0,
        null,
        null,
        0.18421052631578946,
        0.2777777777777778,
        0.0226628895184136,
        0.5,
        null,
        null,
        null,
        null,
        0.0,
        null,
        0.4074074074074074
    ],
    "outlier_ratio_que_datasets": [
        0.0,
        0.0,
        0.1423611111111111,
        1.0,
        0.048672566371681415,
        0.0,
        0.05944055944055944,
        0.10294117647058823,
        null,
        0.0,
        0.058823529411764705,
        0.0,
        0.0,
        0.06896551724137931,
        0.2235294117647059,
        null,
        0.20374707259953162,
        null,
        0.24347826086956523,
        null,
        0.36363636363636365,
        0.0625,
        null,
        null,
        0.10714285714285714,
        1.0,
        null,
        null,
        null,
        0.0,
        0.8888888888888888,
        0.20945945945945946,
        0.5,
        0.625,
        0.0,
        0.0,
        0.5714285714285714,
        0.4,
        0.625,
        0.3333333333333333,
        0.2857142857142857,
        1.0,
        1.0,
        0.75,
        0.42105263157894735,
        0.0,
        0.16666666666666666,
        1.0,
        0.25,
        0.7777777777777778,
        0.0,
        0.8333333333333334,
        0.35714285714285715,
        0.75,
        0.0,
        1.0
    ],
    "ref_normal_samples": [
        "Patient_1",
        "T166",
        "VUHD076",
        "NP14",
        "THD0012",
        "dd39p",
        "QZY9VQng",
        "A37",
        "D326",
        "A47",
        "T126",
        "2020-3173-NC007",
        "NP22",
        "NP26",
        "098C",
        "NP39",
        "NP15",
        "D339",
        "DD046Q",
        "lafy_donor_4",
        "donor 3",
        "296C",
        "muc4659",
        "NP35",
        "284C",
        "GSM4593897",
        "THD0006",
        "SAMN15153963",
        "192C"
    ],
    "que_normal_samples": [
        "A40",
        "D344",
        "donor 2",
        "T90",
        "A26",
        "226C",
        "Donor_06",
        "A44",
        "NP27",
        "356C",
        "muc9833",
        "465C",
        "T121",
        "Donor_08",
        "VUHD92",
        "D353",
        "D239",
        "SAMN15153956",
        "VUHD70",
        "GRO-03",
        "VUHD107",
        "muc3843",
        "BG9_33",
        "GRO-07",
        "THD0017",
        "368C",
        "NP11",
        "BG9_3",
        "GRO-01",
        "LuT_437"
    ],
    "que_disease_samples": [
        "034I",
        "VUILD59",
        "VUILD61",
        "TILD028",
        "IPF_02",
        "TILD006",
        "063I",
        "158I",
        "225I",
        "041I",
        "IPF3",
        "210I",
        "221I",
        "TILD015",
        "177I",
        "59I",
        "145I",
        "VUILD65",
        "040I",
        "135I",
        "VUILD63",
        "214I",
        "IPF_01",
        "025I",
        "VUILD53",
        "VUILD64"
    ],
    "que_samples": [
        "A40",
        "D344",
        "donor 2",
        "T90",
        "A26",
        "226C",
        "Donor_06",
        "A44",
        "NP27",
        "356C",
        "muc9833",
        "465C",
        "T121",
        "Donor_08",
        "VUHD92",
        "D353",
        "D239",
        "SAMN15153956",
        "VUHD70",
        "GRO-03",
        "VUHD107",
        "muc3843",
        "BG9_33",
        "GRO-07",
        "THD0017",
        "368C",
        "NP11",
        "BG9_3",
        "GRO-01",
        "LuT_437",
        "034I",
        "VUILD59",
        "VUILD61",
        "TILD028",
        "IPF_02",
        "TILD006",
        "063I",
        "158I",
        "225I",
        "041I",
        "IPF3",
        "210I",
        "221I",
        "TILD015",
        "177I",
        "59I",
        "145I",
        "VUILD65",
        "040I",
        "135I",
        "VUILD63",
        "214I",
        "IPF_01",
        "025I",
        "VUILD53",
        "VUILD64"
    ]
}