{
    "problem": "healthy-reference-AT1-200",
    "n_comps": 8.0,
    "optimal_k": 5.0,
    "optimal_p": 0.059999999999999935,
    "ratio-limit": 0.16666666666666666,
    "accuracy": 0.7209302325581395,
    "precision": 0.7916666666666666,
    "recall": 0.7307692307692307,
    "f1": 0.76,
    "outlier_ratio_ref_datasets": [
        0.16666666666666666,
        null,
        0.13157894736842105,
        null,
        null,
        0.0,
        0.017045454545454544,
        0.0,
        null,
        0.0,
        0.10714285714285714,
        0.0,
        null,
        0.027972027972027972,
        null,
        0.0,
        0.0,
        null,
        null,
        0.0339943342776204,
        null,
        null,
        0.5,
        0.029411764705882353,
        null,
        0.02654867256637168,
        null,
        null,
        0.08695652173913043
    ],
    "outlier_ratio_que_datasets": [
        null,
        1.0,
        0.16666666666666666,
        0.0,
        0.0,
        0.10294117647058823,
        null,
        0.0,
        0.3333333333333333,
        0.1388888888888889,
        null,
        0.12128712871287128,
        0.0,
        0.034482758620689655,
        0.18529411764705883,
        null,
        null,
        null,
        0.2903981264637002,
        null,
        null,
        0.0625,
        null,
        0.15789473684210525,
        0.0,
        null,
        null,
        null,
        1.0,
        null,
        0.8,
        0.7777777777777778,
        0.10810810810810811,
        0.39473684210526316,
        0.25,
        0.375,
        0.14285714285714285,
        0.26666666666666666,
        0.0,
        1.0,
        0.3333333333333333,
        0.625,
        1.0,
        0.52,
        0.6666666666666666,
        0.8333333333333334,
        0.0,
        0.0,
        0.16666666666666666,
        0.8,
        0.0,
        0.25,
        0.7777777777777778,
        0.4117647058823529,
        0.25,
        1.0
    ],
    "ref_normal_samples": [
        "donor 2",
        "VUHD076",
        "DD046Q",
        "NP26",
        "dd39p",
        "D344",
        "Patient_1",
        "VUHD107",
        "NP27",
        "A40",
        "THD0017",
        "T121",
        "NP35",
        "Donor_06",
        "GRO-01",
        "LuT_437",
        "THD0006",
        "GRO-07",
        "T166",
        "donor 3",
        "GSM4593897",
        "2020-3173-NC007",
        "296C",
        "muc9833",
        "D326",
        "A26",
        "muc4659",
        "A47",
        "VUHD70"
    ],
    "que_normal_samples": [
        "D339",
        "T90",
        "098C",
        "226C",
        "THD0012",
        "A44",
        "NP15",
        "356C",
        "192C",
        "lafy_donor_4",
        "SAMN15153963",
        "QZY9VQng",
        "465C",
        "Donor_08",
        "VUHD92",
        "T126",
        "D353",
        "NP22",
        "D239",
        "SAMN15153956",
        "GRO-03",
        "muc3843",
        "BG9_33",
        "A37",
        "368C",
        "NP14",
        "NP11",
        "BG9_3",
        "NP39",
        "284C"
    ],
    "que_disease_samples": [
        "051I",
        "034I",
        "VUILD59",
        "166I",
        "VUILD61",
        "TILD028",
        "IPF2",
        "IPF_04",
        "TILD006",
        "138I",
        "158I",
        "225I",
        "228I",
        "022I",
        "210I",
        "221I",
        "29I",
        "59I",
        "145I",
        "212I",
        "TILD010",
        "040I",
        "174I",
        "021I",
        "025I",
        "VUILD64"
    ],
    "que_samples": [
        "D339",
        "T90",
        "098C",
        "226C",
        "THD0012",
        "A44",
        "NP15",
        "356C",
        "192C",
        "lafy_donor_4",
        "SAMN15153963",
        "QZY9VQng",
        "465C",
        "Donor_08",
        "VUHD92",
        "T126",
        "D353",
        "NP22",
        "D239",
        "SAMN15153956",
        "GRO-03",
        "muc3843",
        "BG9_33",
        "A37",
        "368C",
        "NP14",
        "NP11",
        "BG9_3",
        "NP39",
        "284C",
        "051I",
        "034I",
        "VUILD59",
        "166I",
        "VUILD61",
        "TILD028",
        "IPF2",
        "IPF_04",
        "TILD006",
        "138I",
        "158I",
        "225I",
        "228I",
        "022I",
        "210I",
        "221I",
        "29I",
        "59I",
        "145I",
        "212I",
        "TILD010",
        "040I",
        "174I",
        "021I",
        "025I",
        "VUILD64"
    ]
}