{
    "problem": "healthy-reference-AT1-300",
    "n_comps": 8.0,
    "optimal_k": 6.0,
    "optimal_p": 0.05499999999999993,
    "ratio-limit": 1.0,
    "accuracy": 0.4418604651162791,
    "precision": 0.0,
    "recall": 0.0,
    "f1": 0.0,
    "outlier_ratio_ref_datasets": [
        null,
        null,
        null,
        0.0,
        0.10588235294117647,
        1.0,
        null,
        null,
        null,
        0.08695652173913043,
        0.03496503496503497,
        1.0,
        null,
        null,
        0.2777777777777778,
        null,
        0.0,
        0.5,
        null,
        0.029411764705882353,
        0.048672566371681415,
        null,
        null,
        null,
        1.0,
        0.0,
        null,
        null,
        0.0
    ],
    "outlier_ratio_que_datasets": [
        0.0,
        0.59375,
        0.16666666666666666,
        0.017045454545454544,
        0.0,
        null,
        0.14473684210526316,
        0.031161473087818695,
        null,
        null,
        0.5,
        0.25925925925925924,
        0.08823529411764706,
        0.594059405940594,
        0.0,
        0.0,
        null,
        0.2107728337236534,
        0.0,
        0.06818181818181818,
        null,
        null,
        0.03571428571428571,
        null,
        0.05263157894736842,
        null,
        null,
        null,
        0.0,
        null,
        0.7,
        0.0,
        0.5,
        null,
        0.6875,
        0.0,
        0.0,
        0.14285714285714285,
        0.625,
        0.14285714285714285,
        0.3333333333333333,
        0.0,
        0.47368421052631576,
        0.08333333333333333,
        0.2,
        0.4,
        0.0,
        0.5555555555555556,
        0.13333333333333333,
        0.4444444444444444,
        0.6666666666666666,
        0.17857142857142858,
        null,
        0.25,
        0.5,
        1.0
    ],
    "ref_normal_samples": [
        "GRO-03",
        "D326",
        "VUHD076",
        "A40",
        "VUHD92",
        "NP39",
        "D353",
        "A47",
        "SAMN15153956",
        "VUHD70",
        "Donor_06",
        "368C",
        "2020-3173-NC007",
        "NP11",
        "lafy_donor_4",
        "SAMN15153963",
        "THD0006",
        "226C",
        "muc4659",
        "A44",
        "A26",
        "T126",
        "NP14",
        "D339",
        "T90",
        "356C",
        "BG9_3",
        "NP22",
        "Donor_08"
    ],
    "que_normal_samples": [
        "D344",
        "donor 2",
        "098C",
        "Patient_1",
        "THD0012",
        "GSM4593897",
        "DD046Q",
        "donor 3",
        "NP15",
        "NP27",
        "296C",
        "192C",
        "muc9833",
        "QZY9VQng",
        "465C",
        "T121",
        "T166",
        "D239",
        "VUHD107",
        "muc3843",
        "BG9_33",
        "GRO-07",
        "THD0017",
        "dd39p",
        "A37",
        "NP26",
        "GRO-01",
        "NP35",
        "LuT_437",
        "284C"
    ],
    "que_disease_samples": [
        "051I",
        "IPF_02",
        "49I",
        "IPF1",
        "157I",
        "123I",
        "TILD006",
        "063I",
        "225I",
        "IPF3",
        "210I",
        "29I",
        "177I",
        "145I",
        "179I",
        "212I",
        "TILD010",
        "174I",
        "Cryobiopsy_01",
        "135I",
        "214I",
        "IPF_01",
        "TILD001",
        "025I",
        "47I",
        "VUILD64"
    ],
    "que_samples": [
        "D344",
        "donor 2",
        "098C",
        "Patient_1",
        "THD0012",
        "GSM4593897",
        "DD046Q",
        "donor 3",
        "NP15",
        "NP27",
        "296C",
        "192C",
        "muc9833",
        "QZY9VQng",
        "465C",
        "T121",
        "T166",
        "D239",
        "VUHD107",
        "muc3843",
        "BG9_33",
        "GRO-07",
        "THD0017",
        "dd39p",
        "A37",
        "NP26",
        "GRO-01",
        "NP35",
        "LuT_437",
        "284C",
        "051I",
        "IPF_02",
        "49I",
        "IPF1",
        "157I",
        "123I",
        "TILD006",
        "063I",
        "225I",
        "IPF3",
        "210I",
        "29I",
        "177I",
        "145I",
        "179I",
        "212I",
        "TILD010",
        "174I",
        "Cryobiopsy_01",
        "135I",
        "214I",
        "IPF_01",
        "TILD001",
        "025I",
        "47I",
        "VUILD64"
    ]
}