{
    "problem": "healthy-reference-AT1-500",
    "n_comps": 7.0,
    "optimal_k": 11.0,
    "optimal_p": 0.05499999999999993,
    "ratio-limit": 0.25925925925925924,
    "accuracy": 0.6923076923076923,
    "precision": 0.8421052631578947,
    "recall": 0.64,
    "f1": 0.7272727272727273,
    "outlier_ratio_ref_datasets": [
        null,
        null,
        null,
        0.1565217391304348,
        null,
        null,
        null,
        1.0,
        0.10714285714285714,
        0.08823529411764706,
        0.17105263157894737,
        0.035398230088495575,
        0.2222222222222222,
        null,
        0.16666666666666666,
        0.0,
        null,
        0.15789473684210525,
        0.036827195467422094,
        0.04207920792079208,
        0.0,
        null,
        0.0,
        0.25925925925925924,
        0.0,
        0.5,
        null,
        0.0,
        0.10294117647058823
    ],
    "outlier_ratio_que_datasets": [
        0.0,
        0.1597222222222222,
        null,
        0.017045454545454544,
        0.04895104895104895,
        0.0,
        null,
        null,
        0.0,
        null,
        0.034482758620689655,
        0.17058823529411765,
        null,
        null,
        0.22482435597189696,
        null,
        0.36363636363636365,
        0.0625,
        null,
        null,
        null,
        null,
        null,
        0.3333333333333333,
        null,
        null,
        null,
        0.0,
        1.0,
        null,
        0.2765957446808511,
        0.7777777777777778,
        0.22972972972972974,
        0.4473684210526316,
        0.75,
        0.0,
        0.26666666666666666,
        0.0,
        0.0,
        0.3333333333333333,
        0.5,
        0.625,
        0.68,
        0.6666666666666666,
        0.0,
        0.8,
        1.0,
        0.5,
        0.25,
        0.225,
        0.4117647058823529,
        0.8333333333333334,
        null,
        0.25,
        0.0,
        1.0
    ],
    "ref_normal_samples": [
        "NP11",
        "T166",
        "D353",
        "VUHD70",
        "VUHD076",
        "NP15",
        "muc4659",
        "368C",
        "THD0017",
        "muc9833",
        "DD046Q",
        "A26",
        "lafy_donor_4",
        "SAMN15153956",
        "098C",
        "D344",
        "GSM4593897",
        "A37",
        "donor 3",
        "QZY9VQng",
        "356C",
        "D339",
        "T90",
        "192C",
        "T121",
        "296C",
        "SAMN15153963",
        "226C",
        "A44"
    ],
    "que_normal_samples": [
        "A40",
        "donor 2",
        "2020-3173-NC007",
        "Patient_1",
        "Donor_06",
        "THD0012",
        "NP27",
        "D326",
        "465C",
        "A47",
        "Donor_08",
        "VUHD92",
        "T126",
        "NP22",
        "D239",
        "GRO-03",
        "VUHD107",
        "muc3843",
        "BG9_33",
        "GRO-07",
        "dd39p",
        "NP26",
        "NP14",
        "THD0006",
        "BG9_3",
        "GRO-01",
        "NP35",
        "LuT_437",
        "NP39",
        "284C"
    ],
    "que_disease_samples": [
        "VUILD60",
        "034I",
        "VUILD59",
        "166I",
        "TILD028",
        "IPF_02",
        "IPF_04",
        "123I",
        "TILD006",
        "158I",
        "041I",
        "222I",
        "022I",
        "210I",
        "59I",
        "212I",
        "VUILD65",
        "053I",
        "040I",
        "Cryobiopsy_01",
        "021I",
        "214I",
        "TILD001",
        "025I",
        "VUILD53",
        "VUILD64"
    ],
    "que_samples": [
        "A40",
        "donor 2",
        "2020-3173-NC007",
        "Patient_1",
        "Donor_06",
        "THD0012",
        "NP27",
        "D326",
        "465C",
        "A47",
        "Donor_08",
        "VUHD92",
        "T126",
        "NP22",
        "D239",
        "GRO-03",
        "VUHD107",
        "muc3843",
        "BG9_33",
        "GRO-07",
        "dd39p",
        "NP26",
        "NP14",
        "THD0006",
        "BG9_3",
        "GRO-01",
        "NP35",
        "LuT_437",
        "NP39",
        "284C",
        "VUILD60",
        "034I",
        "VUILD59",
        "166I",
        "TILD028",
        "IPF_02",
        "IPF_04",
        "123I",
        "TILD006",
        "158I",
        "041I",
        "222I",
        "022I",
        "210I",
        "59I",
        "212I",
        "VUILD65",
        "053I",
        "040I",
        "Cryobiopsy_01",
        "021I",
        "214I",
        "TILD001",
        "025I",
        "VUILD53",
        "VUILD64"
    ]
}