{
    "problem": "healthy-reference-AT1-600",
    "n_comps": 5.0,
    "optimal_k": 14.0,
    "optimal_p": 0.04500000000000003,
    "ratio-limit": 0.07142857142857142,
    "accuracy": 0.6341463414634146,
    "precision": 0.6956521739130435,
    "recall": 0.6666666666666666,
    "f1": 0.6808510638297872,
    "outlier_ratio_ref_datasets": [
        null,
        null,
        null,
        0.0,
        0.005681818181818182,
        null,
        0.017699115044247787,
        0.0,
        0.012376237623762377,
        0.0,
        null,
        null,
        0.07142857142857142,
        0.0,
        0.02576112412177986,
        null,
        0.0,
        null,
        1.0,
        null,
        0.1388888888888889,
        null,
        0.017482517482517484,
        null,
        0.043478260869565216,
        null,
        0.0,
        0.0625,
        null
    ],
    "outlier_ratio_que_datasets": [
        0.0,
        0.16666666666666666,
        0.0,
        0.07894736842105263,
        0.014164305949008499,
        0.10294117647058823,
        null,
        0.0,
        0.0,
        0.14814814814814814,
        0.0,
        null,
        0.034482758620689655,
        0.11764705882352941,
        null,
        null,
        null,
        0.0,
        0.022727272727272728,
        null,
        0.2631578947368421,
        null,
        0.0,
        null,
        0.3333333333333333,
        null,
        null,
        null,
        null,
        null,
        0.3888888888888889,
        0.10714285714285714,
        0.16666666666666666,
        0.3333333333333333,
        null,
        0.14285714285714285,
        0.17647058823529413,
        0.26666666666666666,
        0.0625,
        0.0,
        0.0,
        0.13333333333333333,
        0.125,
        0.0,
        0.2857142857142857,
        0.25,
        0.21052631578947367,
        0.0,
        0.0,
        0.09166666666666666,
        0.4444444444444444,
        0.0,
        0.16666666666666666,
        0.14285714285714285,
        null,
        0.0
    ],
    "ref_normal_samples": [
        "NP15",
        "D326",
        "muc4659",
        "T121",
        "Patient_1",
        "GRO-03",
        "A26",
        "muc9833",
        "QZY9VQng",
        "LuT_437",
        "A47",
        "D339",
        "THD0017",
        "T90",
        "D239",
        "BG9_33",
        "A40",
        "NP11",
        "NP39",
        "SAMN15153963",
        "lafy_donor_4",
        "2020-3173-NC007",
        "Donor_06",
        "GRO-07",
        "VUHD70",
        "SAMN15153956",
        "226C",
        "donor 2",
        "GSM4593897"
    ],
    "que_normal_samples": [
        "D344",
        "098C",
        "THD0012",
        "DD046Q",
        "donor 3",
        "A44",
        "NP27",
        "356C",
        "296C",
        "192C",
        "465C",
        "T166",
        "Donor_08",
        "VUHD92",
        "T126",
        "D353",
        "NP22",
        "VUHD107",
        "muc3843",
        "dd39p",
        "A37",
        "NP26",
        "368C",
        "NP14",
        "THD0006",
        "BG9_3",
        "GRO-01",
        "NP35",
        "VUHD076",
        "284C"
    ],
    "que_disease_samples": [
        "034I",
        "VUILD61",
        "IPF_03",
        "49I",
        "IPF1",
        "IPF2",
        "010I",
        "IPF_04",
        "157I",
        "TILD006",
        "138I",
        "158I",
        "225I",
        "041I",
        "IPF3",
        "TILD015",
        "177I",
        "145I",
        "053I",
        "Cryobiopsy_01",
        "135I",
        "VUILD63",
        "214I",
        "IPF_01",
        "TILD001",
        "025I"
    ],
    "que_samples": [
        "D344",
        "098C",
        "THD0012",
        "DD046Q",
        "donor 3",
        "A44",
        "NP27",
        "356C",
        "296C",
        "192C",
        "465C",
        "T166",
        "Donor_08",
        "VUHD92",
        "T126",
        "D353",
        "NP22",
        "VUHD107",
        "muc3843",
        "dd39p",
        "A37",
        "NP26",
        "368C",
        "NP14",
        "THD0006",
        "BG9_3",
        "GRO-01",
        "NP35",
        "VUHD076",
        "284C",
        "034I",
        "VUILD61",
        "IPF_03",
        "49I",
        "IPF1",
        "IPF2",
        "010I",
        "IPF_04",
        "157I",
        "TILD006",
        "138I",
        "158I",
        "225I",
        "041I",
        "IPF3",
        "TILD015",
        "177I",
        "145I",
        "053I",
        "Cryobiopsy_01",
        "135I",
        "VUILD63",
        "214I",
        "IPF_01",
        "TILD001",
        "025I"
    ]
}