{
    "problem": "healthy-reference-AT1-700",
    "n_comps": 3.0,
    "optimal_k": 14.0,
    "optimal_p": 0.035000000000000024,
    "ratio-limit": 0.19444444444444445,
    "accuracy": 0.3902439024390244,
    "precision": 0.6,
    "recall": 0.11538461538461539,
    "f1": 0.1935483870967742,
    "outlier_ratio_ref_datasets": [
        0.03146853146853147,
        null,
        null,
        0.0,
        0.07142857142857142,
        0.14473684210526316,
        null,
        0.18181818181818182,
        0.6666666666666666,
        0.037037037037037035,
        1.0,
        null,
        0.01639344262295082,
        0.0,
        0.05217391304347826,
        null,
        0.14705882352941177,
        0.19444444444444445,
        null,
        0.0,
        0.0,
        null,
        null,
        0.022727272727272728,
        0.05198019801980198,
        null,
        null,
        null,
        0.1
    ],
    "outlier_ratio_que_datasets": [
        0.17708333333333334,
        null,
        0.0,
        0.05752212389380531,
        null,
        0.0,
        0.017045454545454544,
        0.053824362606232294,
        null,
        null,
        0.5,
        null,
        null,
        0.0,
        0.0,
        null,
        null,
        0.13793103448275862,
        0.14705882352941177,
        null,
        null,
        null,
        0.3157894736842105,
        null,
        0.0,
        null,
        null,
        null,
        0.0,
        0.0,
        0.0,
        0.14893617021276595,
        0.15789473684210525,
        0.16666666666666666,
        0.0,
        0.14285714285714285,
        0.0,
        0.06666666666666667,
        0.125,
        0.0,
        0.0,
        0.0,
        0.0,
        0.0,
        0.0,
        0.0,
        0.16666666666666666,
        0.4,
        0.0,
        0.0,
        0.1111111111111111,
        0.16666666666666666,
        0.10714285714285714,
        0.25,
        0.5,
        0.0
    ],
    "ref_normal_samples": [
        "Donor_06",
        "VUHD076",
        "GSM4593897",
        "T121",
        "THD0017",
        "DD046Q",
        "D353",
        "VUHD107",
        "THD0006",
        "192C",
        "A40",
        "GRO-03",
        "D239",
        "098C",
        "VUHD70",
        "284C",
        "A44",
        "lafy_donor_4",
        "muc4659",
        "356C",
        "THD0012",
        "NP11",
        "NP14",
        "muc3843",
        "QZY9VQng",
        "BG9_33",
        "dd39p",
        "T126",
        "D344"
    ],
    "que_normal_samples": [
        "donor 2",
        "D339",
        "T90",
        "A26",
        "2020-3173-NC007",
        "226C",
        "Patient_1",
        "donor 3",
        "NP15",
        "NP27",
        "296C",
        "D326",
        "SAMN15153963",
        "muc9833",
        "465C",
        "A47",
        "T166",
        "Donor_08",
        "VUHD92",
        "NP22",
        "SAMN15153956",
        "GRO-07",
        "A37",
        "NP26",
        "368C",
        "BG9_3",
        "GRO-01",
        "NP35",
        "LuT_437",
        "NP39"
    ],
    "que_disease_samples": [
        "051I",
        "VUILD60",
        "166I",
        "IPF_03",
        "IPF_02",
        "IPF2",
        "010I",
        "IPF_04",
        "157I",
        "123I",
        "TILD006",
        "138I",
        "063I",
        "158I",
        "209I",
        "225I",
        "221I",
        "179I",
        "053I",
        "040I",
        "174I",
        "214I",
        "IPF_01",
        "025I",
        "47I",
        "VUILD64"
    ],
    "que_samples": [
        "donor 2",
        "D339",
        "T90",
        "A26",
        "2020-3173-NC007",
        "226C",
        "Patient_1",
        "donor 3",
        "NP15",
        "NP27",
        "296C",
        "D326",
        "SAMN15153963",
        "muc9833",
        "465C",
        "A47",
        "T166",
        "Donor_08",
        "VUHD92",
        "NP22",
        "SAMN15153956",
        "GRO-07",
        "A37",
        "NP26",
        "368C",
        "BG9_3",
        "GRO-01",
        "NP35",
        "LuT_437",
        "NP39",
        "051I",
        "VUILD60",
        "166I",
        "IPF_03",
        "IPF_02",
        "IPF2",
        "010I",
        "IPF_04",
        "157I",
        "123I",
        "TILD006",
        "138I",
        "063I",
        "158I",
        "209I",
        "225I",
        "221I",
        "179I",
        "053I",
        "040I",
        "174I",
        "214I",
        "IPF_01",
        "025I",
        "47I",
        "VUILD64"
    ]
}