{
    "problem": "healthy-reference-AT1-900",
    "n_comps": 9.0,
    "optimal_k": 13.0,
    "optimal_p": 0.049999999999999926,
    "ratio-limit": 0.3333333333333333,
    "accuracy": 0.4878048780487805,
    "precision": 0.6666666666666666,
    "recall": 0.32,
    "f1": 0.43243243243243246,
    "outlier_ratio_ref_datasets": [
        0.2727272727272727,
        0.042492917847025496,
        null,
        1.0,
        0.04424778761061947,
        null,
        0.0,
        0.03571428571428571,
        0.08823529411764706,
        0.2631578947368421,
        0.2777777777777778,
        null,
        0.06643356643356643,
        0.0,
        null,
        0.05620608899297424,
        null,
        null,
        0.0,
        0.058823529411764705,
        0.3333333333333333,
        null,
        null,
        null,
        0.028409090909090908,
        0.0,
        null,
        null,
        null
    ],
    "outlier_ratio_que_datasets": [
        0.0,
        0.0,
        0.5208333333333334,
        0.0,
        0.0,
        0.0,
        0.0,
        null,
        0.19736842105263158,
        null,
        0.5,
        0.2962962962962963,
        0.3465346534653465,
        0.0,
        0.06896551724137931,
        0.15588235294117647,
        null,
        null,
        0.12173913043478261,
        null,
        null,
        null,
        null,
        null,
        null,
        null,
        null,
        null,
        1.0,
        null,
        0.2127659574468085,
        0.5,
        0.20945945945945946,
        0.2894736842105263,
        0.0,
        0.3333333333333333,
        0.5625,
        0.0,
        0.0,
        0.2857142857142857,
        0.06666666666666667,
        1.0,
        1.0,
        0.32,
        0.3157894736842105,
        0.4,
        1.0,
        0.14285714285714285,
        0.25,
        0.2,
        0.5,
        0.25,
        null,
        0.0,
        0.0,
        0.5
    ],
    "ref_normal_samples": [
        "VUHD107",
        "donor 3",
        "SAMN15153963",
        "368C",
        "A26",
        "BG9_33",
        "098C",
        "THD0017",
        "A44",
        "A37",
        "lafy_donor_4",
        "D339",
        "Donor_06",
        "T121",
        "VUHD076",
        "D239",
        "A47",
        "D353",
        "356C",
        "muc9833",
        "THD0006",
        "SAMN15153956",
        "2020-3173-NC007",
        "T166",
        "muc3843",
        "LuT_437",
        "D326",
        "NP26",
        "NP15"
    ],
    "que_normal_samples": [
        "A40",
        "D344",
        "donor 2",
        "T90",
        "226C",
        "Patient_1",
        "THD0012",
        "GSM4593897",
        "DD046Q",
        "NP27",
        "296C",
        "192C",
        "QZY9VQng",
        "465C",
        "Donor_08",
        "VUHD92",
        "T126",
        "NP22",
        "VUHD70",
        "GRO-03",
        "muc4659",
        "GRO-07",
        "dd39p",
        "NP14",
        "NP11",
        "BG9_3",
        "GRO-01",
        "NP35",
        "NP39",
        "284C"
    ],
    "que_disease_samples": [
        "VUILD60",
        "034I",
        "VUILD59",
        "166I",
        "IPF_02",
        "49I",
        "157I",
        "TILD006",
        "138I",
        "063I",
        "158I",
        "209I",
        "228I",
        "022I",
        "177I",
        "179I",
        "VUILD65",
        "TILD010",
        "040I",
        "Cryobiopsy_01",
        "214I",
        "IPF_01",
        "TILD001",
        "025I",
        "47I",
        "VUILD53"
    ],
    "que_samples": [
        "A40",
        "D344",
        "donor 2",
        "T90",
        "226C",
        "Patient_1",
        "THD0012",
        "GSM4593897",
        "DD046Q",
        "NP27",
        "296C",
        "192C",
        "QZY9VQng",
        "465C",
        "Donor_08",
        "VUHD92",
        "T126",
        "NP22",
        "VUHD70",
        "GRO-03",
        "muc4659",
        "GRO-07",
        "dd39p",
        "NP14",
        "NP11",
        "BG9_3",
        "GRO-01",
        "NP35",
        "NP39",
        "284C",
        "VUILD60",
        "034I",
        "VUILD59",
        "166I",
        "IPF_02",
        "49I",
        "157I",
        "TILD006",
        "138I",
        "063I",
        "158I",
        "209I",
        "228I",
        "022I",
        "177I",
        "179I",
        "VUILD65",
        "TILD010",
        "040I",
        "Cryobiopsy_01",
        "214I",
        "IPF_01",
        "TILD001",
        "025I",
        "47I",
        "VUILD53"
    ]
}