{
    "problem": "healthy-reference-Multiciliated lineage-0",
    "n_comps": 7.0,
    "optimal_k": 6.0,
    "optimal_p": 0.04000000000000003,
    "ratio-limit": 0.05508474576271186,
    "accuracy": 0.5454545454545454,
    "precision": 1.0,
    "recall": 0.038461538461538464,
    "f1": 0.07407407407407407,
    "outlier_ratio_ref_datasets": [
        0.0,
        0.0,
        0.0,
        0.0,
        0.014608233731739707,
        0.01056338028169014,
        0.020833333333333332,
        0.007228915662650603,
        0.0,
        0.0,
        null,
        0.0051813471502590676,
        0.034375,
        0.05128205128205128,
        0.0,
        0.0,
        0.06666666666666667,
        0.023735810113519093,
        0.003484320557491289,
        0.0,
        0.0,
        0.006896551724137931,
        0.02857142857142857,
        0.020833333333333332,
        null,
        0.14444444444444443,
        0.02127659574468085,
        0.05508474576271186,
        0.0
    ],
    "outlier_ratio_que_datasets": [
        0.0,
        0.014223194748358862,
        0.011627906976744186,
        0.0,
        0.0017421602787456446,
        0.0,
        0.0,
        0.0,
        0.00851063829787234,
        0.047619047619047616,
        0.0,
        0.0,
        0.014084507042253521,
        0.0,
        0.016722408026755852,
        0.006024096385542169,
        0.0,
        0.0,
        0.005194805194805195,
        0.0,
        0.016483516483516484,
        0.04,
        0.0196078431372549,
        0.007017543859649123,
        0.0,
        0.0,
        0.0,
        0.04878048780487805,
        0.0,
        null,
        0.03467954345917471,
        0.0,
        0.037037037037037035,
        0.0,
        0.0,
        0.027777777777777776,
        0.016129032258064516,
        0.025974025974025976,
        0.011363636363636364,
        0.0,
        0.01293103448275862,
        0.019642857142857142,
        0.02608695652173913,
        0.0,
        0.0,
        0.0,
        0.03768115942028986,
        0.022900763358778626,
        0.0,
        0.02,
        0.03076923076923077,
        0.007462686567164179,
        0.07758620689655173,
        0.036036036036036036,
        0.024793388429752067,
        0.022508038585209004
    ],
    "ref_normal_samples": [
        "NP35",
        "muc9833",
        "368C",
        "465C",
        "donor 2",
        "NP15",
        "T126",
        "VUHD92",
        "QZY9VQng",
        "296C",
        "Donor_08",
        "D326",
        "VUHD70",
        "DD046Q",
        "BG9_3",
        "226C",
        "356C",
        "GRO-07",
        "A26",
        "VUHD107",
        "GRO-01",
        "NP22",
        "Patient_1",
        "NP14",
        "muc4659",
        "T90",
        "lafy_donor_4",
        "NP39",
        "NP27"
    ],
    "que_normal_samples": [
        "A40",
        "D344",
        "D339",
        "098C",
        "2020-3173-NC007",
        "Donor_06",
        "THD0012",
        "GSM4593897",
        "donor 3",
        "A44",
        "192C",
        "SAMN15153963",
        "A47",
        "T121",
        "T166",
        "D353",
        "D239",
        "SAMN15153956",
        "GRO-03",
        "muc3843",
        "BG9_33",
        "THD0017",
        "dd39p",
        "A37",
        "NP26",
        "THD0006",
        "NP11",
        "LuT_437",
        "VUHD076",
        "284C"
    ],
    "que_disease_samples": [
        "VUILD60",
        "166I",
        "IPF_03",
        "IPF_02",
        "49I",
        "IPF2",
        "010I",
        "157I",
        "138I",
        "063I",
        "158I",
        "222I",
        "022I",
        "29I",
        "59I",
        "179I",
        "VUILD65",
        "TILD010",
        "Cryobiopsy_01",
        "135I",
        "VUILD63",
        "214I",
        "IPF_01",
        "TILD001",
        "025I",
        "VUILD64"
    ],
    "que_samples": [
        "A40",
        "D344",
        "D339",
        "098C",
        "2020-3173-NC007",
        "Donor_06",
        "THD0012",
        "GSM4593897",
        "donor 3",
        "A44",
        "192C",
        "SAMN15153963",
        "A47",
        "T121",
        "T166",
        "D353",
        "D239",
        "SAMN15153956",
        "GRO-03",
        "muc3843",
        "BG9_33",
        "THD0017",
        "dd39p",
        "A37",
        "NP26",
        "THD0006",
        "NP11",
        "LuT_437",
        "VUHD076",
        "284C",
        "VUILD60",
        "166I",
        "IPF_03",
        "IPF_02",
        "49I",
        "IPF2",
        "010I",
        "157I",
        "138I",
        "063I",
        "158I",
        "222I",
        "022I",
        "29I",
        "59I",
        "179I",
        "VUILD65",
        "TILD010",
        "Cryobiopsy_01",
        "135I",
        "VUILD63",
        "214I",
        "IPF_01",
        "TILD001",
        "025I",
        "VUILD64"
    ]
}