{
    "problem": "healthy-reference-Multiciliated lineage-100",
    "n_comps": 20.0,
    "optimal_k": 4.0,
    "optimal_p": 0.04000000000000003,
    "ratio-limit": 0.3617021276595745,
    "accuracy": 0.509090909090909,
    "precision": 0.0,
    "recall": 0.0,
    "f1": 0.0,
    "outlier_ratio_ref_datasets": [
        0.11428571428571428,
        0.05351170568561873,
        0.0,
        0.03333333333333333,
        0.029411764705882353,
        0.17647058823529413,
        0.5,
        0.04912280701754386,
        0.0051813471502590676,
        0.07042253521126761,
        0.078125,
        0.0313588850174216,
        0.006896551724137931,
        0.009146341463414634,
        0.010638297872340425,
        0.15254237288135594,
        0.045774647887323945,
        0.011627906976744186,
        0.23076923076923078,
        0.3617021276595745,
        0.06382978723404255,
        0.5,
        null,
        0.06349206349206349,
        null,
        0.25,
        0.0,
        0.2222222222222222,
        0.0847457627118644
    ],
    "outlier_ratio_que_datasets": [
        0.041666666666666664,
        0.044857768052516414,
        0.12881806108897742,
        0.26666666666666666,
        0.041811846689895474,
        0.13725490196078433,
        0.13793103448275862,
        0.09523809523809523,
        0.0440251572327044,
        0.13333333333333333,
        0.17391304347826086,
        0.09090909090909091,
        0.06493506493506493,
        null,
        0.05301204819277108,
        0.012048192771084338,
        0.06015037593984962,
        0.5,
        0.06875,
        0.07532467532467532,
        0.3333333333333333,
        0.11320754716981132,
        0.0989010989010989,
        0.1434468524251806,
        0.12,
        0.0,
        0.25,
        0.3333333333333333,
        0.029411764705882353,
        0.3170731707317073,
        0.12987012987012986,
        0.18619791666666666,
        0.10272628135223555,
        0.12923076923076923,
        0.1267605633802817,
        0.0851063829787234,
        0.043478260869565216,
        0.01293103448275862,
        0.026223776223776224,
        0.05325443786982249,
        0.20610687022900764,
        0.07894736842105263,
        0.04810126582278481,
        0.06504065040650407,
        0.07563025210084033,
        0.0,
        0.04526748971193416,
        0.11594202898550725,
        0.03940886699507389,
        0.054285714285714284,
        0.07179487179487179,
        0.06343283582089553,
        0.1810344827586207,
        0.08264462809917356,
        0.12830188679245283,
        0.14790996784565916
    ],
    "ref_normal_samples": [
        "Patient_1",
        "T166",
        "VUHD076",
        "NP14",
        "THD0012",
        "dd39p",
        "QZY9VQng",
        "A37",
        "D326",
        "A47",
        "T126",
        "2020-3173-NC007",
        "NP22",
        "NP26",
        "098C",
        "NP39",
        "NP15",
        "D339",
        "DD046Q",
        "lafy_donor_4",
        "donor 3",
        "296C",
        "muc4659",
        "NP35",
        "284C",
        "GSM4593897",
        "THD0006",
        "SAMN15153963",
        "192C"
    ],
    "que_normal_samples": [
        "A40",
        "D344",
        "donor 2",
        "T90",
        "A26",
        "226C",
        "Donor_06",
        "A44",
        "NP27",
        "356C",
        "muc9833",
        "465C",
        "T121",
        "Donor_08",
        "VUHD92",
        "D353",
        "D239",
        "SAMN15153956",
        "VUHD70",
        "GRO-03",
        "VUHD107",
        "muc3843",
        "BG9_33",
        "GRO-07",
        "THD0017",
        "368C",
        "NP11",
        "BG9_3",
        "GRO-01",
        "LuT_437"
    ],
    "que_disease_samples": [
        "034I",
        "VUILD59",
        "VUILD61",
        "TILD028",
        "IPF_02",
        "TILD006",
        "063I",
        "158I",
        "225I",
        "041I",
        "IPF3",
        "210I",
        "221I",
        "TILD015",
        "177I",
        "59I",
        "145I",
        "VUILD65",
        "040I",
        "135I",
        "VUILD63",
        "214I",
        "IPF_01",
        "025I",
        "VUILD53",
        "VUILD64"
    ],
    "que_samples": [
        "A40",
        "D344",
        "donor 2",
        "T90",
        "A26",
        "226C",
        "Donor_06",
        "A44",
        "NP27",
        "356C",
        "muc9833",
        "465C",
        "T121",
        "Donor_08",
        "VUHD92",
        "D353",
        "D239",
        "SAMN15153956",
        "VUHD70",
        "GRO-03",
        "VUHD107",
        "muc3843",
        "BG9_33",
        "GRO-07",
        "THD0017",
        "368C",
        "NP11",
        "BG9_3",
        "GRO-01",
        "LuT_437",
        "034I",
        "VUILD59",
        "VUILD61",
        "TILD028",
        "IPF_02",
        "TILD006",
        "063I",
        "158I",
        "225I",
        "041I",
        "IPF3",
        "210I",
        "221I",
        "TILD015",
        "177I",
        "59I",
        "145I",
        "VUILD65",
        "040I",
        "135I",
        "VUILD63",
        "214I",
        "IPF_01",
        "025I",
        "VUILD53",
        "VUILD64"
    ]
}