{
    "problem": "healthy-reference-Multiciliated lineage-200",
    "n_comps": 4.0,
    "optimal_k": 8.0,
    "optimal_p": 0.04000000000000003,
    "ratio-limit": 0.23931623931623933,
    "accuracy": 0.48148148148148145,
    "precision": 0.0,
    "recall": 0.0,
    "f1": 0.0,
    "outlier_ratio_ref_datasets": [
        0.07835325365205843,
        0.0,
        0.23931623931623933,
        0.03353658536585366,
        0.13725490196078433,
        0.04266958424507659,
        0.09714285714285714,
        0.3333333333333333,
        0.03459119496855346,
        0.125,
        0.16,
        0.1038961038961039,
        0.047619047619047616,
        0.13793103448275862,
        0.029411764705882353,
        0.12195121951219512,
        0.09090909090909091,
        0.07739938080495357,
        0.0802675585284281,
        0.03829787234042553,
        0.0,
        0.01916376306620209,
        0.5,
        0.043478260869565216,
        0.05181347150259067,
        0.08710801393728224,
        null,
        0.11267605633802817,
        0.115625
    ],
    "outlier_ratio_que_datasets": [
        0.046511627906976744,
        0.2222222222222222,
        0.1276595744680851,
        0.058823529411764705,
        0.11764705882352941,
        0.14285714285714285,
        0.056338028169014086,
        0.2,
        0.0847457627118644,
        0.19148936170212766,
        0.1111111111111111,
        0.375,
        0.36363636363636365,
        null,
        0.05060240963855422,
        0.07291666666666667,
        0.060240963855421686,
        0.04482758620689655,
        0.022556390977443608,
        0.0,
        0.05194805194805195,
        0.03773584905660377,
        0.005494505494505495,
        0.07017543859649122,
        0.2,
        0.05,
        0.05,
        0.16666666666666666,
        0.1483050847457627,
        null,
        0.052941176470588235,
        0.15584415584415584,
        0.125,
        0.07766990291262135,
        0.09378407851690294,
        0.13846153846153847,
        0.09722222222222222,
        0.08181818181818182,
        0.09574468085106383,
        0.11363636363636363,
        0.06896551724137931,
        0.06468531468531469,
        0.15,
        0.1565217391304348,
        0.14912280701754385,
        0.06329113924050633,
        0.09195402298850575,
        0.07547169811320754,
        0.11522633744855967,
        0.09048178613396005,
        0.1297709923664122,
        0.08374384236453201,
        0.06896551724137931,
        0.1111111111111111,
        0.08264462809917356,
        0.09646302250803858
    ],
    "ref_normal_samples": [
        "donor 2",
        "VUHD076",
        "DD046Q",
        "NP26",
        "dd39p",
        "D344",
        "Patient_1",
        "VUHD107",
        "NP27",
        "A40",
        "THD0017",
        "T121",
        "NP35",
        "Donor_06",
        "GRO-01",
        "LuT_437",
        "THD0006",
        "GRO-07",
        "T166",
        "donor 3",
        "GSM4593897",
        "2020-3173-NC007",
        "296C",
        "muc9833",
        "D326",
        "A26",
        "muc4659",
        "A47",
        "VUHD70"
    ],
    "que_normal_samples": [
        "D339",
        "T90",
        "098C",
        "226C",
        "THD0012",
        "A44",
        "NP15",
        "356C",
        "192C",
        "lafy_donor_4",
        "SAMN15153963",
        "QZY9VQng",
        "465C",
        "Donor_08",
        "VUHD92",
        "T126",
        "D353",
        "NP22",
        "D239",
        "SAMN15153956",
        "GRO-03",
        "muc3843",
        "BG9_33",
        "A37",
        "368C",
        "NP14",
        "NP11",
        "BG9_3",
        "NP39",
        "284C"
    ],
    "que_disease_samples": [
        "051I",
        "034I",
        "VUILD59",
        "166I",
        "VUILD61",
        "TILD028",
        "IPF2",
        "IPF_04",
        "TILD006",
        "138I",
        "158I",
        "225I",
        "228I",
        "022I",
        "210I",
        "221I",
        "29I",
        "59I",
        "145I",
        "212I",
        "TILD010",
        "040I",
        "174I",
        "021I",
        "025I",
        "VUILD64"
    ],
    "que_samples": [
        "D339",
        "T90",
        "098C",
        "226C",
        "THD0012",
        "A44",
        "NP15",
        "356C",
        "192C",
        "lafy_donor_4",
        "SAMN15153963",
        "QZY9VQng",
        "465C",
        "Donor_08",
        "VUHD92",
        "T126",
        "D353",
        "NP22",
        "D239",
        "SAMN15153956",
        "GRO-03",
        "muc3843",
        "BG9_33",
        "A37",
        "368C",
        "NP14",
        "NP11",
        "BG9_3",
        "NP39",
        "284C",
        "051I",
        "034I",
        "VUILD59",
        "166I",
        "VUILD61",
        "TILD028",
        "IPF2",
        "IPF_04",
        "TILD006",
        "138I",
        "158I",
        "225I",
        "228I",
        "022I",
        "210I",
        "221I",
        "29I",
        "59I",
        "145I",
        "212I",
        "TILD010",
        "040I",
        "174I",
        "021I",
        "025I",
        "VUILD64"
    ]
}