{
    "problem": "healthy-reference-Multiciliated lineage-300",
    "n_comps": 19.0,
    "optimal_k": 13.0,
    "optimal_p": 0.04000000000000003,
    "ratio-limit": 0.3333333333333333,
    "accuracy": 0.4727272727272727,
    "precision": 0.0,
    "recall": 0.0,
    "f1": 0.0,
    "outlier_ratio_ref_datasets": [
        0.046753246753246755,
        0.0051813471502590676,
        0.0,
        0.08333333333333333,
        0.04578313253012048,
        0.1694915254237288,
        0.018072289156626505,
        0.014084507042253521,
        0.0,
        0.075,
        0.20689655172413793,
        0.1,
        0.027874564459930314,
        0.15,
        0.2765957446808511,
        0.2222222222222222,
        0.045454545454545456,
        0.13725490196078433,
        null,
        0.047619047619047616,
        0.05226480836236934,
        0.078125,
        0.03333333333333333,
        0.023255813953488372,
        0.3,
        0.3333333333333333,
        0.3333333333333333,
        0.017241379310344827,
        null
    ],
    "outlier_ratio_que_datasets": [
        0.05579868708971553,
        0.12217795484727756,
        0.02127659574468085,
        0.13714285714285715,
        0.07352941176470588,
        0.5,
        0.21367521367521367,
        0.06808510638297872,
        0.045774647887323945,
        0.040880503144654086,
        0.5,
        0.11864406779661017,
        0.08695652173913043,
        0.625,
        0.09090909090909091,
        0.06493506493506493,
        0.056856187290969896,
        0.045112781954887216,
        0.0,
        0.16981132075471697,
        0.08241758241758242,
        0.13106295149638802,
        0.2,
        0.27450980392156865,
        0.03859649122807018,
        0.018292682926829267,
        0.058823529411764705,
        0.07936507936507936,
        0.3170731707317073,
        null,
        0.020588235294117647,
        0.09859154929577464,
        0.039525691699604744,
        0.0,
        0.05454545454545454,
        0.06329113924050633,
        0.09574468085106383,
        0.13043478260869565,
        0.017482517482517484,
        0.19083969465648856,
        0.07017543859649122,
        0.011494252873563218,
        0.1092436974789916,
        0.04526748971193416,
        0.02564102564102564,
        0.06580493537015276,
        0.05343511450381679,
        0.029556650246305417,
        0.1,
        0.045714285714285714,
        0.055970149253731345,
        0.21551724137931033,
        0.05405405405405406,
        0.06611570247933884,
        0.015151515151515152,
        0.16720257234726688
    ],
    "ref_normal_samples": [
        "GRO-03",
        "D326",
        "VUHD076",
        "A40",
        "VUHD92",
        "NP39",
        "D353",
        "A47",
        "SAMN15153956",
        "VUHD70",
        "Donor_06",
        "368C",
        "2020-3173-NC007",
        "NP11",
        "lafy_donor_4",
        "SAMN15153963",
        "THD0006",
        "226C",
        "muc4659",
        "A44",
        "A26",
        "T126",
        "NP14",
        "D339",
        "T90",
        "356C",
        "BG9_3",
        "NP22",
        "Donor_08"
    ],
    "que_normal_samples": [
        "D344",
        "donor 2",
        "098C",
        "Patient_1",
        "THD0012",
        "GSM4593897",
        "DD046Q",
        "donor 3",
        "NP15",
        "NP27",
        "296C",
        "192C",
        "muc9833",
        "QZY9VQng",
        "465C",
        "T121",
        "T166",
        "D239",
        "VUHD107",
        "muc3843",
        "BG9_33",
        "GRO-07",
        "THD0017",
        "dd39p",
        "A37",
        "NP26",
        "GRO-01",
        "NP35",
        "LuT_437",
        "284C"
    ],
    "que_disease_samples": [
        "051I",
        "IPF_02",
        "49I",
        "IPF1",
        "157I",
        "123I",
        "TILD006",
        "063I",
        "225I",
        "IPF3",
        "210I",
        "29I",
        "177I",
        "145I",
        "179I",
        "212I",
        "TILD010",
        "174I",
        "Cryobiopsy_01",
        "135I",
        "214I",
        "IPF_01",
        "TILD001",
        "025I",
        "47I",
        "VUILD64"
    ],
    "que_samples": [
        "D344",
        "donor 2",
        "098C",
        "Patient_1",
        "THD0012",
        "GSM4593897",
        "DD046Q",
        "donor 3",
        "NP15",
        "NP27",
        "296C",
        "192C",
        "muc9833",
        "QZY9VQng",
        "465C",
        "T121",
        "T166",
        "D239",
        "VUHD107",
        "muc3843",
        "BG9_33",
        "GRO-07",
        "THD0017",
        "dd39p",
        "A37",
        "NP26",
        "GRO-01",
        "NP35",
        "LuT_437",
        "284C",
        "051I",
        "IPF_02",
        "49I",
        "IPF1",
        "157I",
        "123I",
        "TILD006",
        "063I",
        "225I",
        "IPF3",
        "210I",
        "29I",
        "177I",
        "145I",
        "179I",
        "212I",
        "TILD010",
        "174I",
        "Cryobiopsy_01",
        "135I",
        "214I",
        "IPF_01",
        "TILD001",
        "025I",
        "47I",
        "VUILD64"
    ]
}