{
    "problem": "healthy-reference-Multiciliated lineage-400",
    "n_comps": 2.0,
    "optimal_k": 15.0,
    "optimal_p": 0.035000000000000024,
    "ratio-limit": 0.22727272727272727,
    "accuracy": 0.5370370370370371,
    "precision": 1.0,
    "recall": 0.038461538461538464,
    "f1": 0.07407407407407407,
    "outlier_ratio_ref_datasets": [
        0.5,
        0.015037593984962405,
        0.056338028169014086,
        0.22727272727272727,
        0.0,
        0.06382978723404255,
        0.0,
        0.03614457831325301,
        0.05416666666666667,
        0.024390243902439025,
        0.12374581939799331,
        0.36363636363636365,
        0.11267605633802817,
        0.0,
        0.1271186440677966,
        0.26666666666666666,
        0.1038961038961039,
        0.13675213675213677,
        0.08771929824561403,
        0.05142857142857143,
        0.055776892430278883,
        0.09523809523809523,
        0.041666666666666664,
        0.0,
        null,
        0.02553191489361702,
        0.03353658536585366,
        0.060240963855421686,
        0.05813953488372093
    ],
    "outlier_ratio_que_datasets": [
        0.03172866520787746,
        0.2,
        0.059233449477351915,
        0.012195121951219513,
        0.058823529411764705,
        0.06896551724137931,
        0.1323529411764706,
        0.0,
        0.03773584905660377,
        0.1016949152542373,
        0.0851063829787234,
        0.04145077720207254,
        0.1111111111111111,
        0.0,
        null,
        0.041666666666666664,
        0.04482758620689655,
        0.071875,
        0.05454545454545454,
        0.0,
        null,
        0.05660377358490566,
        0.03296703296703297,
        0.043343653250773995,
        0.16,
        0.21568627450980393,
        0.1,
        0.05,
        0.0,
        0.031746031746031744,
        0.1038961038961039,
        0.11067193675889328,
        0.5,
        0.09722222222222222,
        0.01818181818181818,
        0.1276595744680851,
        0.10227272727272728,
        0.05603448275862069,
        0.06468531468531469,
        0.1301775147928994,
        0.06870229007633588,
        0.075,
        0.16666666666666666,
        0.14912280701754385,
        0.09195402298850575,
        0.08130081300813008,
        0.03361344537815126,
        0.11320754716981132,
        0.06584362139917696,
        0.07638072855464159,
        0.16923076923076924,
        0.05,
        0.05641025641025641,
        0.08496732026143791,
        0.08108108108108109,
        0.033962264150943396
    ],
    "ref_normal_samples": [
        "296C",
        "D239",
        "NP15",
        "THD0006",
        "BG9_3",
        "098C",
        "SAMN15153956",
        "VUHD92",
        "NP14",
        "LuT_437",
        "T166",
        "465C",
        "A47",
        "VUHD076",
        "NP39",
        "356C",
        "T121",
        "DD046Q",
        "A37",
        "Patient_1",
        "donor 2",
        "A44",
        "A40",
        "muc9833",
        "284C",
        "donor 3",
        "NP26",
        "D353",
        "D339"
    ],
    "que_normal_samples": [
        "D344",
        "T90",
        "A26",
        "2020-3173-NC007",
        "226C",
        "Donor_06",
        "THD0012",
        "GSM4593897",
        "NP27",
        "192C",
        "lafy_donor_4",
        "D326",
        "SAMN15153963",
        "QZY9VQng",
        "Donor_08",
        "T126",
        "NP22",
        "VUHD70",
        "GRO-03",
        "VUHD107",
        "muc4659",
        "muc3843",
        "BG9_33",
        "GRO-07",
        "THD0017",
        "dd39p",
        "368C",
        "NP11",
        "GRO-01",
        "NP35"
    ],
    "que_disease_samples": [
        "034I",
        "49I",
        "IPF1",
        "IPF2",
        "IPF_04",
        "TILD006",
        "138I",
        "158I",
        "225I",
        "041I",
        "IPF3",
        "222I",
        "228I",
        "210I",
        "29I",
        "TILD015",
        "177I",
        "59I",
        "145I",
        "212I",
        "053I",
        "Cryobiopsy_01",
        "VUILD63",
        "021I",
        "TILD001",
        "VUILD53"
    ],
    "que_samples": [
        "D344",
        "T90",
        "A26",
        "2020-3173-NC007",
        "226C",
        "Donor_06",
        "THD0012",
        "GSM4593897",
        "NP27",
        "192C",
        "lafy_donor_4",
        "D326",
        "SAMN15153963",
        "QZY9VQng",
        "Donor_08",
        "T126",
        "NP22",
        "VUHD70",
        "GRO-03",
        "VUHD107",
        "muc4659",
        "muc3843",
        "BG9_33",
        "GRO-07",
        "THD0017",
        "dd39p",
        "368C",
        "NP11",
        "GRO-01",
        "NP35",
        "034I",
        "49I",
        "IPF1",
        "IPF2",
        "IPF_04",
        "TILD006",
        "138I",
        "158I",
        "225I",
        "041I",
        "IPF3",
        "222I",
        "228I",
        "210I",
        "29I",
        "TILD015",
        "177I",
        "59I",
        "145I",
        "212I",
        "053I",
        "Cryobiopsy_01",
        "VUILD63",
        "021I",
        "TILD001",
        "VUILD53"
    ]
}