{
    "problem": "healthy-reference-Multiciliated lineage-500",
    "n_comps": 19.0,
    "optimal_k": 6.0,
    "optimal_p": 0.04500000000000003,
    "ratio-limit": 0.2765957446808511,
    "accuracy": 0.5,
    "precision": 0.0,
    "recall": 0.0,
    "f1": 0.0,
    "outlier_ratio_ref_datasets": [
        0.1,
        0.046822742474916385,
        0.018072289156626505,
        0.078125,
        0.0,
        0.0528169014084507,
        null,
        0.1,
        0.08,
        0.17391304347826086,
        0.18803418803418803,
        0.03832752613240418,
        0.2765957446808511,
        0.5,
        0.010638297872340425,
        0.04266958424507659,
        0.5,
        0.03508771929824561,
        0.059574468085106386,
        0.75,
        0.2,
        0.023255813953488372,
        0.26666666666666666,
        0.15254237288135594,
        0.03896103896103896,
        0.5,
        0.2222222222222222,
        0.1568627450980392,
        0.047619047619047616
    ],
    "outlier_ratio_que_datasets": [
        0.08333333333333333,
        0.12350597609561753,
        0.0156794425087108,
        0.14857142857142858,
        0.20689655172413793,
        0.04411764705882353,
        0.0440251572327044,
        0.0051813471502590676,
        0.0,
        0.07042253521126761,
        null,
        0.04819277108433735,
        0.06770833333333333,
        0.020689655172413793,
        0.06766917293233082,
        0.05454545454545454,
        0.0,
        0.09433962264150944,
        0.10989010989010989,
        0.13725490196078433,
        0.1568627450980392,
        0.012195121951219513,
        0.0375,
        0.0,
        0.3333333333333333,
        0.058823529411764705,
        0.09523809523809523,
        0.24390243902439024,
        0.1864406779661017,
        null,
        0.09218612818261633,
        0.1038961038961039,
        0.18359375,
        0.03398058252427184,
        0.12307692307692308,
        0.11267605633802817,
        0.15454545454545454,
        0.0,
        0.05319148936170213,
        0.03017241379310345,
        0.05917159763313609,
        0.07142857142857142,
        0.1391304347826087,
        0.11403508771929824,
        0.0,
        0.06933019976498238,
        0.1072463768115942,
        0.03076923076923077,
        0.034482758620689655,
        0.05,
        0.13071895424836602,
        0.06716417910447761,
        0.08108108108108109,
        0.08264462809917356,
        0.12452830188679245,
        0.15434083601286175
    ],
    "ref_normal_samples": [
        "NP11",
        "T166",
        "D353",
        "VUHD70",
        "VUHD076",
        "NP15",
        "muc4659",
        "368C",
        "THD0017",
        "muc9833",
        "DD046Q",
        "A26",
        "lafy_donor_4",
        "SAMN15153956",
        "098C",
        "D344",
        "GSM4593897",
        "A37",
        "donor 3",
        "QZY9VQng",
        "356C",
        "D339",
        "T90",
        "192C",
        "T121",
        "296C",
        "SAMN15153963",
        "226C",
        "A44"
    ],
    "que_normal_samples": [
        "A40",
        "donor 2",
        "2020-3173-NC007",
        "Patient_1",
        "Donor_06",
        "THD0012",
        "NP27",
        "D326",
        "465C",
        "A47",
        "Donor_08",
        "VUHD92",
        "T126",
        "NP22",
        "D239",
        "GRO-03",
        "VUHD107",
        "muc3843",
        "BG9_33",
        "GRO-07",
        "dd39p",
        "NP26",
        "NP14",
        "THD0006",
        "BG9_3",
        "GRO-01",
        "NP35",
        "LuT_437",
        "NP39",
        "284C"
    ],
    "que_disease_samples": [
        "VUILD60",
        "034I",
        "VUILD59",
        "166I",
        "TILD028",
        "IPF_02",
        "IPF_04",
        "123I",
        "TILD006",
        "158I",
        "041I",
        "222I",
        "022I",
        "210I",
        "59I",
        "212I",
        "VUILD65",
        "053I",
        "040I",
        "Cryobiopsy_01",
        "021I",
        "214I",
        "TILD001",
        "025I",
        "VUILD53",
        "VUILD64"
    ],
    "que_samples": [
        "A40",
        "donor 2",
        "2020-3173-NC007",
        "Patient_1",
        "Donor_06",
        "THD0012",
        "NP27",
        "D326",
        "465C",
        "A47",
        "Donor_08",
        "VUHD92",
        "T126",
        "NP22",
        "D239",
        "GRO-03",
        "VUHD107",
        "muc3843",
        "BG9_33",
        "GRO-07",
        "dd39p",
        "NP26",
        "NP14",
        "THD0006",
        "BG9_3",
        "GRO-01",
        "NP35",
        "LuT_437",
        "NP39",
        "284C",
        "VUILD60",
        "034I",
        "VUILD59",
        "166I",
        "TILD028",
        "IPF_02",
        "IPF_04",
        "123I",
        "TILD006",
        "158I",
        "041I",
        "222I",
        "022I",
        "210I",
        "59I",
        "212I",
        "VUILD65",
        "053I",
        "040I",
        "Cryobiopsy_01",
        "021I",
        "214I",
        "TILD001",
        "025I",
        "VUILD53",
        "VUILD64"
    ]
}