{
    "problem": "healthy-reference-Multiciliated lineage-600",
    "n_comps": 6.0,
    "optimal_k": 5.0,
    "optimal_p": 0.04000000000000003,
    "ratio-limit": 0.0975609756097561,
    "accuracy": 0.48148148148148145,
    "precision": 0.25,
    "recall": 0.038461538461538464,
    "f1": 0.06666666666666667,
    "outlier_ratio_ref_datasets": [
        0.03169014084507042,
        0.0051813471502590676,
        null,
        0.025974025974025976,
        0.045714285714285714,
        0.015584415584415584,
        0.013937282229965157,
        0.0,
        0.125,
        0.0975609756097561,
        0.014084507042253521,
        0.011627906976744186,
        0.08,
        0.15555555555555556,
        0.007518796992481203,
        0.02197802197802198,
        0.041666666666666664,
        0.0,
        0.08050847457627118,
        0.0,
        0.06382978723404255,
        0.008710801393728223,
        0.06896551724137931,
        0.04540763673890609,
        0.046875,
        0.0,
        0.0392156862745098,
        0.02257636122177955,
        0.0
    ],
    "outlier_ratio_que_datasets": [
        0.02188183807439825,
        0.0425531914893617,
        0.014705882352941176,
        0.1111111111111111,
        0.029787234042553193,
        0.047619047619047616,
        0.015723270440251572,
        0.0,
        0.0,
        0.01694915254237288,
        0.18181818181818182,
        0.023411371237458192,
        null,
        0.012048192771084338,
        0.041666666666666664,
        0.012048192771084338,
        0.020689655172413793,
        0.0,
        0.018867924528301886,
        0.0784313725490196,
        0.031578947368421054,
        0.006097560975609756,
        0.1,
        0.029166666666666667,
        0.0,
        0.0,
        0.014705882352941176,
        0.015873015873015872,
        0.0,
        null,
        0.03896103896103896,
        0.0549618320610687,
        0.024691358024691357,
        0.003952569169960474,
        0.0,
        0.041666666666666664,
        0.02534562211981567,
        0.00909090909090909,
        0.03896103896103896,
        0.05319148936170213,
        0.022727272727272728,
        0.02586206896551724,
        0.01048951048951049,
        0.047337278106508875,
        0.05725190839694656,
        0.056910569105691054,
        0.025210084033613446,
        0.0205761316872428,
        0.007692307692307693,
        0.0,
        0.03428571428571429,
        0.02564102564102564,
        0.014925373134328358,
        0.1206896551724138,
        0.05405405405405406,
        0.04132231404958678
    ],
    "ref_normal_samples": [
        "NP15",
        "D326",
        "muc4659",
        "T121",
        "Patient_1",
        "GRO-03",
        "A26",
        "muc9833",
        "QZY9VQng",
        "LuT_437",
        "A47",
        "D339",
        "THD0017",
        "T90",
        "D239",
        "BG9_33",
        "A40",
        "NP11",
        "NP39",
        "SAMN15153963",
        "lafy_donor_4",
        "2020-3173-NC007",
        "Donor_06",
        "GRO-07",
        "VUHD70",
        "SAMN15153956",
        "226C",
        "donor 2",
        "GSM4593897"
    ],
    "que_normal_samples": [
        "D344",
        "098C",
        "THD0012",
        "DD046Q",
        "donor 3",
        "A44",
        "NP27",
        "356C",
        "296C",
        "192C",
        "465C",
        "T166",
        "Donor_08",
        "VUHD92",
        "T126",
        "D353",
        "NP22",
        "VUHD107",
        "muc3843",
        "dd39p",
        "A37",
        "NP26",
        "368C",
        "NP14",
        "THD0006",
        "BG9_3",
        "GRO-01",
        "NP35",
        "VUHD076",
        "284C"
    ],
    "que_disease_samples": [
        "034I",
        "VUILD61",
        "IPF_03",
        "49I",
        "IPF1",
        "IPF2",
        "010I",
        "IPF_04",
        "157I",
        "TILD006",
        "138I",
        "158I",
        "225I",
        "041I",
        "IPF3",
        "TILD015",
        "177I",
        "145I",
        "053I",
        "Cryobiopsy_01",
        "135I",
        "VUILD63",
        "214I",
        "IPF_01",
        "TILD001",
        "025I"
    ],
    "que_samples": [
        "D344",
        "098C",
        "THD0012",
        "DD046Q",
        "donor 3",
        "A44",
        "NP27",
        "356C",
        "296C",
        "192C",
        "465C",
        "T166",
        "Donor_08",
        "VUHD92",
        "T126",
        "D353",
        "NP22",
        "VUHD107",
        "muc3843",
        "dd39p",
        "A37",
        "NP26",
        "368C",
        "NP14",
        "THD0006",
        "BG9_3",
        "GRO-01",
        "NP35",
        "VUHD076",
        "284C",
        "034I",
        "VUILD61",
        "IPF_03",
        "49I",
        "IPF1",
        "IPF2",
        "010I",
        "IPF_04",
        "157I",
        "TILD006",
        "138I",
        "158I",
        "225I",
        "041I",
        "IPF3",
        "TILD015",
        "177I",
        "145I",
        "053I",
        "Cryobiopsy_01",
        "135I",
        "VUILD63",
        "214I",
        "IPF_01",
        "TILD001",
        "025I"
    ]
}