{
    "problem": "healthy-reference-Multiciliated lineage-700",
    "n_comps": 3.0,
    "optimal_k": 11.0,
    "optimal_p": 0.04500000000000003,
    "ratio-limit": 0.2727272727272727,
    "accuracy": 0.4909090909090909,
    "precision": 0.0,
    "recall": 0.0,
    "f1": 0.0,
    "outlier_ratio_ref_datasets": [
        0.034482758620689655,
        0.0,
        0.0,
        0.12987012987012986,
        0.16,
        0.1623931623931624,
        0.03614457831325301,
        0.0,
        0.2727272727272727,
        0.13559322033898305,
        0.16666666666666666,
        0.05974025974025974,
        0.022556390977443608,
        0.11702127659574468,
        0.0875,
        null,
        0.09523809523809523,
        0.0851063829787234,
        null,
        0.2,
        0.17647058823529413,
        0.05,
        0.06666666666666667,
        0.05660377358490566,
        0.25,
        0.01098901098901099,
        0.17647058823529413,
        0.0625,
        0.038293216630196934
    ],
    "outlier_ratio_que_datasets": [
        0.07171314741035857,
        0.046511627906976744,
        0.26666666666666666,
        0.0627177700348432,
        0.010452961672473868,
        0.1568627450980392,
        0.045714285714285714,
        0.01702127659574468,
        0.06338028169014084,
        0.03773584905660377,
        0.5,
        0.03626943005181347,
        0.1111111111111111,
        0.043478260869565216,
        0.5454545454545454,
        0.14084507042253522,
        0.14715719063545152,
        null,
        0.04819277108433735,
        0.07241379310344828,
        0.0,
        0.09184726522187822,
        0.0912280701754386,
        0.04573170731707317,
        0.1,
        0.16666666666666666,
        0.014705882352941176,
        0.06349206349206349,
        0.07317073170731707,
        0.1906779661016949,
        0.1,
        0.06518876207199298,
        0.10194174757281553,
        0.06172839506172839,
        0.035211267605633804,
        0.041666666666666664,
        0.06912442396313365,
        0.045454545454545456,
        0.15584415584415584,
        0.0759493670886076,
        0.11702127659574468,
        0.125,
        0.08695652173913043,
        0.07327586206896551,
        0.1320754716981132,
        0.09090909090909091,
        0.07848101265822785,
        0.1794871794871795,
        0.16923076923076924,
        0.11822660098522167,
        0.10837438423645321,
        0.13805970149253732,
        0.07758620689655173,
        0.06611570247933884,
        0.07575757575757576,
        0.07717041800643087
    ],
    "ref_normal_samples": [
        "Donor_06",
        "VUHD076",
        "GSM4593897",
        "T121",
        "THD0017",
        "DD046Q",
        "D353",
        "VUHD107",
        "THD0006",
        "192C",
        "A40",
        "GRO-03",
        "D239",
        "098C",
        "VUHD70",
        "284C",
        "A44",
        "lafy_donor_4",
        "muc4659",
        "356C",
        "THD0012",
        "NP11",
        "NP14",
        "muc3843",
        "QZY9VQng",
        "BG9_33",
        "dd39p",
        "T126",
        "D344"
    ],
    "que_normal_samples": [
        "donor 2",
        "D339",
        "T90",
        "A26",
        "2020-3173-NC007",
        "226C",
        "Patient_1",
        "donor 3",
        "NP15",
        "NP27",
        "296C",
        "D326",
        "SAMN15153963",
        "muc9833",
        "465C",
        "A47",
        "T166",
        "Donor_08",
        "VUHD92",
        "NP22",
        "SAMN15153956",
        "GRO-07",
        "A37",
        "NP26",
        "368C",
        "BG9_3",
        "GRO-01",
        "NP35",
        "LuT_437",
        "NP39"
    ],
    "que_disease_samples": [
        "051I",
        "VUILD60",
        "166I",
        "IPF_03",
        "IPF_02",
        "IPF2",
        "010I",
        "IPF_04",
        "157I",
        "123I",
        "TILD006",
        "138I",
        "063I",
        "158I",
        "209I",
        "225I",
        "221I",
        "179I",
        "053I",
        "040I",
        "174I",
        "214I",
        "IPF_01",
        "025I",
        "47I",
        "VUILD64"
    ],
    "que_samples": [
        "donor 2",
        "D339",
        "T90",
        "A26",
        "2020-3173-NC007",
        "226C",
        "Patient_1",
        "donor 3",
        "NP15",
        "NP27",
        "296C",
        "D326",
        "SAMN15153963",
        "muc9833",
        "465C",
        "A47",
        "T166",
        "Donor_08",
        "VUHD92",
        "NP22",
        "SAMN15153956",
        "GRO-07",
        "A37",
        "NP26",
        "368C",
        "BG9_3",
        "GRO-01",
        "NP35",
        "LuT_437",
        "NP39",
        "051I",
        "VUILD60",
        "166I",
        "IPF_03",
        "IPF_02",
        "IPF2",
        "010I",
        "IPF_04",
        "157I",
        "123I",
        "TILD006",
        "138I",
        "063I",
        "158I",
        "209I",
        "225I",
        "221I",
        "179I",
        "053I",
        "040I",
        "174I",
        "214I",
        "IPF_01",
        "025I",
        "47I",
        "VUILD64"
    ]
}