{
    "problem": "healthy-reference-Multiciliated lineage-800",
    "n_comps": 13.0,
    "optimal_k": 14.0,
    "optimal_p": 0.04000000000000003,
    "ratio-limit": 0.16666666666666666,
    "accuracy": 0.3888888888888889,
    "precision": 0.0,
    "recall": 0.0,
    "f1": 0.0,
    "outlier_ratio_ref_datasets": [
        0.04945054945054945,
        0.021686746987951807,
        0.084375,
        0.03488372093023256,
        null,
        0.09090909090909091,
        0.05,
        0.0625,
        0.05084745762711865,
        0.11764705882352941,
        0.07171314741035857,
        0.0,
        0.1452991452991453,
        0.6666666666666666,
        0.021052631578947368,
        0.24390243902439024,
        0.020689655172413793,
        0.10285714285714286,
        0.03759398496240601,
        0.010362694300518135,
        0.014084507042253521,
        0.10294117647058823,
        0.16666666666666666,
        1.0,
        0.0,
        0.0,
        0.1,
        0.10344827586206896,
        0.031914893617021274
    ],
    "outlier_ratio_que_datasets": [
        0.041666666666666664,
        0.04048140043763676,
        0.24444444444444444,
        0.03484320557491289,
        0.020905923344947737,
        0.0392156862745098,
        0.25,
        0.059574468085106386,
        0.0,
        0.045774647887323945,
        0.07547169811320754,
        0.06666666666666667,
        0.19148936170212766,
        0.1111111111111111,
        0.0,
        0.625,
        0.18181818181818182,
        0.05016722408026756,
        0.03614457831325301,
        0.04155844155844156,
        null,
        0.1320754716981132,
        0.10939112487100103,
        0.04,
        0.003048780487804878,
        0.2,
        0.058823529411764705,
        0.031746031746031744,
        0.17372881355932204,
        null,
        0.0853819139596137,
        0.11688311688311688,
        0.15690104166666666,
        0.09247546346782988,
        0.09876543209876543,
        0.0,
        0.04838709677419355,
        0.08181818181818182,
        0.06382978723404255,
        0.01293103448275862,
        0.019230769230769232,
        0.07692307692307693,
        0.11450381679389313,
        0.055357142857142855,
        0.0,
        0.0782608695652174,
        0.03291139240506329,
        0.06504065040650407,
        0.06345475910693302,
        0.03076923076923077,
        0.05,
        0.05714285714285714,
        0.07692307692307693,
        0.0743801652892562,
        0.09811320754716982,
        0.12218649517684887
    ],
    "ref_normal_samples": [
        "BG9_33",
        "VUHD92",
        "VUHD70",
        "D339",
        "Donor_08",
        "T121",
        "NP14",
        "T126",
        "192C",
        "dd39p",
        "donor 2",
        "VUHD076",
        "DD046Q",
        "VUHD107",
        "A37",
        "LuT_437",
        "NP22",
        "Patient_1",
        "D239",
        "D326",
        "A47",
        "THD0012",
        "BG9_3",
        "296C",
        "THD0006",
        "SAMN15153956",
        "368C",
        "Donor_06",
        "098C"
    ],
    "que_normal_samples": [
        "A40",
        "D344",
        "T90",
        "A26",
        "2020-3173-NC007",
        "226C",
        "GSM4593897",
        "donor 3",
        "A44",
        "NP15",
        "NP27",
        "356C",
        "lafy_donor_4",
        "SAMN15153963",
        "muc9833",
        "QZY9VQng",
        "465C",
        "T166",
        "D353",
        "GRO-03",
        "muc4659",
        "muc3843",
        "GRO-07",
        "THD0017",
        "NP26",
        "NP11",
        "GRO-01",
        "NP35",
        "NP39",
        "284C"
    ],
    "que_disease_samples": [
        "VUILD60",
        "034I",
        "VUILD59",
        "VUILD61",
        "IPF_03",
        "IPF1",
        "010I",
        "IPF_04",
        "TILD006",
        "158I",
        "225I",
        "041I",
        "IPF3",
        "222I",
        "228I",
        "022I",
        "221I",
        "TILD015",
        "212I",
        "053I",
        "Cryobiopsy_01",
        "135I",
        "VUILD63",
        "025I",
        "VUILD53",
        "VUILD64"
    ],
    "que_samples": [
        "A40",
        "D344",
        "T90",
        "A26",
        "2020-3173-NC007",
        "226C",
        "GSM4593897",
        "donor 3",
        "A44",
        "NP15",
        "NP27",
        "356C",
        "lafy_donor_4",
        "SAMN15153963",
        "muc9833",
        "QZY9VQng",
        "465C",
        "T166",
        "D353",
        "GRO-03",
        "muc4659",
        "muc3843",
        "GRO-07",
        "THD0017",
        "NP26",
        "NP11",
        "GRO-01",
        "NP35",
        "NP39",
        "284C",
        "VUILD60",
        "034I",
        "VUILD59",
        "VUILD61",
        "IPF_03",
        "IPF1",
        "010I",
        "IPF_04",
        "TILD006",
        "158I",
        "225I",
        "041I",
        "IPF3",
        "222I",
        "228I",
        "022I",
        "221I",
        "TILD015",
        "212I",
        "053I",
        "Cryobiopsy_01",
        "135I",
        "VUILD63",
        "025I",
        "VUILD53",
        "VUILD64"
    ]
}