{
    "problem": "healthy-reference-Multiciliated lineage-900",
    "n_comps": 7.0,
    "optimal_k": 12.0,
    "optimal_p": 0.04000000000000003,
    "ratio-limit": 0.20689655172413793,
    "accuracy": 0.4528301886792453,
    "precision": 0.2,
    "recall": 0.038461538461538464,
    "f1": 0.06451612903225806,
    "outlier_ratio_ref_datasets": [
        0.6666666666666666,
        0.05531914893617021,
        0.0,
        0.1,
        0.06620209059233449,
        0.054945054945054944,
        0.06382978723404255,
        0.24,
        0.14285714285714285,
        0.06315789473684211,
        0.2765957446808511,
        0.03488372093023256,
        0.20689655172413793,
        0.07792207792207792,
        0.0,
        0.022556390977443608,
        0.056338028169014086,
        0.024096385542168676,
        0.13333333333333333,
        0.08695652173913043,
        0.09090909090909091,
        0.0,
        0.036585365853658534,
        0.06688963210702341,
        0.11320754716981132,
        0.1951219512195122,
        0.010362694300518135,
        0.027439024390243903,
        0.056338028169014086
    ],
    "outlier_ratio_que_datasets": [
        0.16666666666666666,
        0.07549234135667396,
        0.12616201859229748,
        0.2777777777777778,
        0.058823529411764705,
        0.1657142857142857,
        0.058823529411764705,
        0.0,
        0.21367521367521367,
        0.07547169811320754,
        0.0,
        0.06779661016949153,
        0.25,
        0.45454545454545453,
        null,
        0.043373493975903614,
        0.10416666666666667,
        0.06206896551724138,
        0.128125,
        0.04415584415584416,
        null,
        0.13828689370485037,
        0.19607843137254902,
        0.04583333333333333,
        0.1,
        0.16666666666666666,
        0.1323529411764706,
        0.015873015873015872,
        0.19491525423728814,
        null,
        0.13037752414398596,
        0.18181818181818182,
        0.20377604166666666,
        0.03398058252427184,
        0.09154929577464789,
        0.043478260869565216,
        0.09350649350649351,
        0.13829787234042554,
        0.06818181818181818,
        0.043478260869565216,
        0.034482758620689655,
        0.0880503144654088,
        0.06666666666666667,
        0.14782608695652175,
        0.1092436974789916,
        0.07692307692307693,
        0.13623188405797101,
        0.15267175572519084,
        0.04433497536945813,
        0.0,
        0.06343283582089553,
        0.21551724137931033,
        0.12612612612612611,
        0.0743801652892562,
        0.030303030303030304,
        0.14339622641509434
    ],
    "ref_normal_samples": [
        "VUHD107",
        "donor 3",
        "SAMN15153963",
        "368C",
        "A26",
        "BG9_33",
        "098C",
        "THD0017",
        "A44",
        "A37",
        "lafy_donor_4",
        "D339",
        "Donor_06",
        "T121",
        "VUHD076",
        "D239",
        "A47",
        "D353",
        "356C",
        "muc9833",
        "THD0006",
        "SAMN15153956",
        "2020-3173-NC007",
        "T166",
        "muc3843",
        "LuT_437",
        "D326",
        "NP26",
        "NP15"
    ],
    "que_normal_samples": [
        "A40",
        "D344",
        "donor 2",
        "T90",
        "226C",
        "Patient_1",
        "THD0012",
        "GSM4593897",
        "DD046Q",
        "NP27",
        "296C",
        "192C",
        "QZY9VQng",
        "465C",
        "Donor_08",
        "VUHD92",
        "T126",
        "NP22",
        "VUHD70",
        "GRO-03",
        "muc4659",
        "GRO-07",
        "dd39p",
        "NP14",
        "NP11",
        "BG9_3",
        "GRO-01",
        "NP35",
        "NP39",
        "284C"
    ],
    "que_disease_samples": [
        "VUILD60",
        "034I",
        "VUILD59",
        "166I",
        "IPF_02",
        "49I",
        "157I",
        "TILD006",
        "138I",
        "063I",
        "158I",
        "209I",
        "228I",
        "022I",
        "177I",
        "179I",
        "VUILD65",
        "TILD010",
        "040I",
        "Cryobiopsy_01",
        "214I",
        "IPF_01",
        "TILD001",
        "025I",
        "47I",
        "VUILD53"
    ],
    "que_samples": [
        "A40",
        "D344",
        "donor 2",
        "T90",
        "226C",
        "Patient_1",
        "THD0012",
        "GSM4593897",
        "DD046Q",
        "NP27",
        "296C",
        "192C",
        "QZY9VQng",
        "465C",
        "Donor_08",
        "VUHD92",
        "T126",
        "NP22",
        "VUHD70",
        "GRO-03",
        "muc4659",
        "GRO-07",
        "dd39p",
        "NP14",
        "NP11",
        "BG9_3",
        "GRO-01",
        "NP35",
        "NP39",
        "284C",
        "VUILD60",
        "034I",
        "VUILD59",
        "166I",
        "IPF_02",
        "49I",
        "157I",
        "TILD006",
        "138I",
        "063I",
        "158I",
        "209I",
        "228I",
        "022I",
        "177I",
        "179I",
        "VUILD65",
        "TILD010",
        "040I",
        "Cryobiopsy_01",
        "214I",
        "IPF_01",
        "TILD001",
        "025I",
        "47I",
        "VUILD53"
    ]
}