{
    "problem": "healthy-reference-B cell lineage-0",
    "n_comps": 3.0,
    "optimal_k": 6.0,
    "optimal_p": 0.04500000000000003,
    "ratio-limit": 0.18181818181818182,
    "accuracy": 0.4489795918367347,
    "precision": 0.4444444444444444,
    "recall": 0.15384615384615385,
    "f1": 0.22857142857142856,
    "outlier_ratio_ref_datasets": [
        0.0,
        0.0425531914893617,
        0.02531645569620253,
        0.0594059405940594,
        0.09375,
        null,
        null,
        0.010752688172043012,
        0.08695652173913043,
        0.0,
        0.14285714285714285,
        0.0,
        0.4,
        0.16911764705882354,
        null,
        0.05970149253731343,
        0.10185185185185185,
        0.02040816326530612,
        0.0945945945945946,
        0.061224489795918366,
        null,
        null,
        0.04794520547945205,
        null,
        0.0,
        null,
        0.18181818181818182,
        0.0,
        null
    ],
    "outlier_ratio_que_datasets": [
        0.01809954751131222,
        0.045454545454545456,
        0.0,
        0.04716981132075472,
        0.0,
        0.15217391304347827,
        1.0,
        null,
        0.061855670103092786,
        0.11214953271028037,
        0.07692307692307693,
        0.15853658536585366,
        0.14285714285714285,
        null,
        null,
        0.0,
        0.2702702702702703,
        0.0,
        0.0,
        0.0,
        null,
        1.0,
        0.0,
        0.3333333333333333,
        null,
        0.2631578947368421,
        null,
        0.0,
        null,
        0.0,
        0.05263157894736842,
        0.10810810810810811,
        0.14095449500554938,
        0.013333333333333334,
        0.032171581769437,
        0.07912087912087912,
        0.10576923076923077,
        0.05811138014527845,
        0.06382978723404255,
        0.6666666666666666,
        0.0,
        0.02631578947368421,
        0.08064516129032258,
        0.0,
        0.045454545454545456,
        0.07633587786259542,
        0.1276595744680851,
        0.25,
        0.2,
        0.10572687224669604,
        0.02857142857142857,
        0.0,
        0.051829268292682924,
        0.0,
        0.07407407407407407,
        0.25
    ],
    "ref_normal_samples": [
        "NP35",
        "muc9833",
        "368C",
        "465C",
        "donor 2",
        "NP15",
        "T126",
        "VUHD92",
        "QZY9VQng",
        "296C",
        "Donor_08",
        "D326",
        "VUHD70",
        "DD046Q",
        "BG9_3",
        "226C",
        "356C",
        "GRO-07",
        "A26",
        "VUHD107",
        "GRO-01",
        "NP22",
        "Patient_1",
        "NP14",
        "muc4659",
        "T90",
        "lafy_donor_4",
        "NP39",
        "NP27"
    ],
    "que_normal_samples": [
        "A40",
        "D344",
        "D339",
        "098C",
        "2020-3173-NC007",
        "Donor_06",
        "THD0012",
        "GSM4593897",
        "donor 3",
        "A44",
        "192C",
        "SAMN15153963",
        "A47",
        "T121",
        "T166",
        "D353",
        "D239",
        "SAMN15153956",
        "GRO-03",
        "muc3843",
        "BG9_33",
        "THD0017",
        "dd39p",
        "A37",
        "NP26",
        "THD0006",
        "NP11",
        "LuT_437",
        "VUHD076",
        "284C"
    ],
    "que_disease_samples": [
        "VUILD60",
        "166I",
        "IPF_03",
        "IPF_02",
        "49I",
        "IPF2",
        "010I",
        "157I",
        "138I",
        "063I",
        "158I",
        "222I",
        "022I",
        "29I",
        "59I",
        "179I",
        "VUILD65",
        "TILD010",
        "Cryobiopsy_01",
        "135I",
        "VUILD63",
        "214I",
        "IPF_01",
        "TILD001",
        "025I",
        "VUILD64"
    ],
    "que_samples": [
        "A40",
        "D344",
        "D339",
        "098C",
        "2020-3173-NC007",
        "Donor_06",
        "THD0012",
        "GSM4593897",
        "donor 3",
        "A44",
        "192C",
        "SAMN15153963",
        "A47",
        "T121",
        "T166",
        "D353",
        "D239",
        "SAMN15153956",
        "GRO-03",
        "muc3843",
        "BG9_33",
        "THD0017",
        "dd39p",
        "A37",
        "NP26",
        "THD0006",
        "NP11",
        "LuT_437",
        "VUHD076",
        "284C",
        "VUILD60",
        "166I",
        "IPF_03",
        "IPF_02",
        "49I",
        "IPF2",
        "010I",
        "157I",
        "138I",
        "063I",
        "158I",
        "222I",
        "022I",
        "29I",
        "59I",
        "179I",
        "VUILD65",
        "TILD010",
        "Cryobiopsy_01",
        "135I",
        "VUILD63",
        "214I",
        "IPF_01",
        "TILD001",
        "025I",
        "VUILD64"
    ]
}