{
    "problem": "healthy-reference-B cell lineage-100",
    "n_comps": 11.0,
    "optimal_k": 4.0,
    "optimal_p": 0.1,
    "ratio-limit": 0.23684210526315788,
    "accuracy": 0.5102040816326531,
    "precision": 0.6666666666666666,
    "recall": 0.15384615384615385,
    "f1": 0.25,
    "outlier_ratio_ref_datasets": [
        0.04794520547945205,
        null,
        null,
        null,
        0.0,
        1.0,
        0.13043478260869565,
        0.16666666666666666,
        0.0,
        0.19047619047619047,
        null,
        0.0,
        null,
        null,
        0.0660377358490566,
        0.0,
        null,
        0.0,
        0.19852941176470587,
        0.18181818181818182,
        0.041237113402061855,
        1.0,
        0.0,
        0.0,
        0.16666666666666666,
        null,
        0.23684210526315788,
        0.08536585365853659,
        0.038461538461538464
    ],
    "outlier_ratio_que_datasets": [
        0.027149321266968326,
        0.18181818181818182,
        0.15625,
        null,
        0.08108108108108109,
        0.04477611940298507,
        0.17391304347826086,
        0.19626168224299065,
        null,
        0.09259259259259259,
        0.1276595744680851,
        0.054455445544554455,
        null,
        0.42857142857142855,
        0.053763440860215055,
        0.0,
        0.1891891891891892,
        0.0,
        0.0,
        0.0,
        0.061224489795918366,
        0.0,
        null,
        0.02040816326530612,
        1.0,
        0.05063291139240506,
        null,
        null,
        null,
        0.0,
        0.1111111111111111,
        0.75,
        0.2222222222222222,
        0.060109289617486336,
        0.03111111111111111,
        0.47333333333333333,
        0.3333333333333333,
        0.0,
        0.07272727272727272,
        0.0472972972972973,
        0.11801242236024845,
        0.03067484662576687,
        0.010344827586206896,
        0.11165048543689321,
        0.3333333333333333,
        0.015151515151515152,
        0.04201680672268908,
        0.2127659574468085,
        0.15789473684210525,
        0.05726872246696035,
        0.11428571428571428,
        0.2,
        0.0701219512195122,
        0.14814814814814814,
        0.21739130434782608,
        0.125
    ],
    "ref_normal_samples": [
        "Patient_1",
        "T166",
        "VUHD076",
        "NP14",
        "THD0012",
        "dd39p",
        "QZY9VQng",
        "A37",
        "D326",
        "A47",
        "T126",
        "2020-3173-NC007",
        "NP22",
        "NP26",
        "098C",
        "NP39",
        "NP15",
        "D339",
        "DD046Q",
        "lafy_donor_4",
        "donor 3",
        "296C",
        "muc4659",
        "NP35",
        "284C",
        "GSM4593897",
        "THD0006",
        "SAMN15153963",
        "192C"
    ],
    "que_normal_samples": [
        "A40",
        "D344",
        "donor 2",
        "T90",
        "A26",
        "226C",
        "Donor_06",
        "A44",
        "NP27",
        "356C",
        "muc9833",
        "465C",
        "T121",
        "Donor_08",
        "VUHD92",
        "D353",
        "D239",
        "SAMN15153956",
        "VUHD70",
        "GRO-03",
        "VUHD107",
        "muc3843",
        "BG9_33",
        "GRO-07",
        "THD0017",
        "368C",
        "NP11",
        "BG9_3",
        "GRO-01",
        "LuT_437"
    ],
    "que_disease_samples": [
        "034I",
        "VUILD59",
        "VUILD61",
        "TILD028",
        "IPF_02",
        "TILD006",
        "063I",
        "158I",
        "225I",
        "041I",
        "IPF3",
        "210I",
        "221I",
        "TILD015",
        "177I",
        "59I",
        "145I",
        "VUILD65",
        "040I",
        "135I",
        "VUILD63",
        "214I",
        "IPF_01",
        "025I",
        "VUILD53",
        "VUILD64"
    ],
    "que_samples": [
        "A40",
        "D344",
        "donor 2",
        "T90",
        "A26",
        "226C",
        "Donor_06",
        "A44",
        "NP27",
        "356C",
        "muc9833",
        "465C",
        "T121",
        "Donor_08",
        "VUHD92",
        "D353",
        "D239",
        "SAMN15153956",
        "VUHD70",
        "GRO-03",
        "VUHD107",
        "muc3843",
        "BG9_33",
        "GRO-07",
        "THD0017",
        "368C",
        "NP11",
        "BG9_3",
        "GRO-01",
        "LuT_437",
        "034I",
        "VUILD59",
        "VUILD61",
        "TILD028",
        "IPF_02",
        "TILD006",
        "063I",
        "158I",
        "225I",
        "041I",
        "IPF3",
        "210I",
        "221I",
        "TILD015",
        "177I",
        "59I",
        "145I",
        "VUILD65",
        "040I",
        "135I",
        "VUILD63",
        "214I",
        "IPF_01",
        "025I",
        "VUILD53",
        "VUILD64"
    ]
}