{
    "problem": "healthy-reference-B cell lineage-200",
    "n_comps": 16.0,
    "optimal_k": 4.0,
    "optimal_p": 0.1,
    "ratio-limit": 0.21875,
    "accuracy": 0.4166666666666667,
    "precision": 0.4375,
    "recall": 0.2692307692307692,
    "f1": 0.3333333333333333,
    "outlier_ratio_ref_datasets": [
        0.21875,
        null,
        0.19117647058823528,
        null,
        1.0,
        0.13636363636363635,
        0.0684931506849315,
        0.02040816326530612,
        null,
        0.027149321266968326,
        1.0,
        null,
        0.0,
        0.13043478260869565,
        null,
        0.0,
        0.15789473684210525,
        0.04081632653061224,
        null,
        0.05154639175257732,
        null,
        0.0,
        1.0,
        0.06382978723404255,
        0.0,
        0.06756756756756757,
        0.0,
        0.16666666666666666,
        0.2
    ],
    "outlier_ratio_que_datasets": [
        0.5,
        null,
        0.16037735849056603,
        0.3283582089552239,
        0.0,
        0.1588785046728972,
        null,
        0.07407407407407407,
        0.34615384615384615,
        0.22727272727272727,
        0.21951219512195122,
        0.34782608695652173,
        0.07425742574257425,
        0.42857142857142855,
        0.021505376344086023,
        null,
        0.0,
        null,
        0.1891891891891892,
        0.5,
        0.1,
        0.0,
        null,
        0.16666666666666666,
        0.0759493670886076,
        null,
        null,
        null,
        1.0,
        0.16666666666666666,
        0.10576923076923077,
        0.24074074074074073,
        0.625,
        0.10810810810810811,
        0.25925925925925924,
        0.08196721311475409,
        0.0989010989010989,
        0.08163265306122448,
        0.47333333333333333,
        0.2127659574468085,
        0.0,
        0.10909090909090909,
        0.17857142857142858,
        0.1935483870967742,
        0.1165644171779141,
        0.04827586206896552,
        0.0,
        0.045454545454545456,
        0.15126050420168066,
        0.0625,
        0.0,
        0.2631578947368421,
        0.08872458410351201,
        0.4,
        0.4444444444444444,
        0.125
    ],
    "ref_normal_samples": [
        "donor 2",
        "VUHD076",
        "DD046Q",
        "NP26",
        "dd39p",
        "D344",
        "Patient_1",
        "VUHD107",
        "NP27",
        "A40",
        "THD0017",
        "T121",
        "NP35",
        "Donor_06",
        "GRO-01",
        "LuT_437",
        "THD0006",
        "GRO-07",
        "T166",
        "donor 3",
        "GSM4593897",
        "2020-3173-NC007",
        "296C",
        "muc9833",
        "D326",
        "A26",
        "muc4659",
        "A47",
        "VUHD70"
    ],
    "que_normal_samples": [
        "D339",
        "T90",
        "098C",
        "226C",
        "THD0012",
        "A44",
        "NP15",
        "356C",
        "192C",
        "lafy_donor_4",
        "SAMN15153963",
        "QZY9VQng",
        "465C",
        "Donor_08",
        "VUHD92",
        "T126",
        "D353",
        "NP22",
        "D239",
        "SAMN15153956",
        "GRO-03",
        "muc3843",
        "BG9_33",
        "A37",
        "368C",
        "NP14",
        "NP11",
        "BG9_3",
        "NP39",
        "284C"
    ],
    "que_disease_samples": [
        "051I",
        "034I",
        "VUILD59",
        "166I",
        "VUILD61",
        "TILD028",
        "IPF2",
        "IPF_04",
        "TILD006",
        "138I",
        "158I",
        "225I",
        "228I",
        "022I",
        "210I",
        "221I",
        "29I",
        "59I",
        "145I",
        "212I",
        "TILD010",
        "040I",
        "174I",
        "021I",
        "025I",
        "VUILD64"
    ],
    "que_samples": [
        "D339",
        "T90",
        "098C",
        "226C",
        "THD0012",
        "A44",
        "NP15",
        "356C",
        "192C",
        "lafy_donor_4",
        "SAMN15153963",
        "QZY9VQng",
        "465C",
        "Donor_08",
        "VUHD92",
        "T126",
        "D353",
        "NP22",
        "D239",
        "SAMN15153956",
        "GRO-03",
        "muc3843",
        "BG9_33",
        "A37",
        "368C",
        "NP14",
        "NP11",
        "BG9_3",
        "NP39",
        "284C",
        "051I",
        "034I",
        "VUILD59",
        "166I",
        "VUILD61",
        "TILD028",
        "IPF2",
        "IPF_04",
        "TILD006",
        "138I",
        "158I",
        "225I",
        "228I",
        "022I",
        "210I",
        "221I",
        "29I",
        "59I",
        "145I",
        "212I",
        "TILD010",
        "040I",
        "174I",
        "021I",
        "025I",
        "VUILD64"
    ]
}