{
    "problem": "healthy-reference-B cell lineage-300",
    "n_comps": 24.0,
    "optimal_k": 8.0,
    "optimal_p": 0.04000000000000003,
    "ratio-limit": 0.42857142857142855,
    "accuracy": 0.4166666666666667,
    "precision": 0.25,
    "recall": 0.038461538461538464,
    "f1": 0.06666666666666667,
    "outlier_ratio_ref_datasets": [
        0.1,
        0.0,
        null,
        0.013574660633484163,
        0.010752688172043012,
        1.0,
        0.0,
        0.11904761904761904,
        0.0,
        0.2,
        0.1956521739130435,
        0.02531645569620253,
        0.0,
        null,
        0.18181818181818182,
        0.06097560975609756,
        0.21052631578947367,
        0.05970149253731343,
        0.0,
        0.08411214953271028,
        0.04054054054054054,
        null,
        null,
        0.5,
        null,
        0.046296296296296294,
        null,
        null,
        0.42857142857142855
    ],
    "outlier_ratio_que_datasets": [
        0.09090909090909091,
        0.15625,
        0.03773584905660377,
        0.13013698630136986,
        0.0,
        null,
        0.16911764705882354,
        0.08762886597938144,
        null,
        null,
        1.0,
        0.038461538461538464,
        0.0425531914893617,
        0.17391304347826086,
        0.034653465346534656,
        null,
        null,
        0.21621621621621623,
        0.061224489795918366,
        0.0,
        null,
        0.0,
        1.0,
        1.0,
        0.3333333333333333,
        null,
        null,
        0.0,
        0.0,
        0.0,
        0.028846153846153848,
        0.03111111111111111,
        0.01876675603217158,
        0.0,
        0.0387409200968523,
        0.018404907975460124,
        0.5333333333333333,
        0.2222222222222222,
        0.01818181818181818,
        0.13664596273291926,
        0.012269938650306749,
        0.0,
        0.4,
        0.03361344537815126,
        0.06870229007633588,
        0.0125,
        0.25,
        0.05730129390018484,
        0.0,
        0.048458149779735685,
        0.0,
        0.07621951219512195,
        0.0,
        0.18518518518518517,
        0.011235955056179775,
        0.125
    ],
    "ref_normal_samples": [
        "GRO-03",
        "D326",
        "VUHD076",
        "A40",
        "VUHD92",
        "NP39",
        "D353",
        "A47",
        "SAMN15153956",
        "VUHD70",
        "Donor_06",
        "368C",
        "2020-3173-NC007",
        "NP11",
        "lafy_donor_4",
        "SAMN15153963",
        "THD0006",
        "226C",
        "muc4659",
        "A44",
        "A26",
        "T126",
        "NP14",
        "D339",
        "T90",
        "356C",
        "BG9_3",
        "NP22",
        "Donor_08"
    ],
    "que_normal_samples": [
        "D344",
        "donor 2",
        "098C",
        "Patient_1",
        "THD0012",
        "GSM4593897",
        "DD046Q",
        "donor 3",
        "NP15",
        "NP27",
        "296C",
        "192C",
        "muc9833",
        "QZY9VQng",
        "465C",
        "T121",
        "T166",
        "D239",
        "VUHD107",
        "muc3843",
        "BG9_33",
        "GRO-07",
        "THD0017",
        "dd39p",
        "A37",
        "NP26",
        "GRO-01",
        "NP35",
        "LuT_437",
        "284C"
    ],
    "que_disease_samples": [
        "051I",
        "IPF_02",
        "49I",
        "IPF1",
        "157I",
        "123I",
        "TILD006",
        "063I",
        "225I",
        "IPF3",
        "210I",
        "29I",
        "177I",
        "145I",
        "179I",
        "212I",
        "TILD010",
        "174I",
        "Cryobiopsy_01",
        "135I",
        "214I",
        "IPF_01",
        "TILD001",
        "025I",
        "47I",
        "VUILD64"
    ],
    "que_samples": [
        "D344",
        "donor 2",
        "098C",
        "Patient_1",
        "THD0012",
        "GSM4593897",
        "DD046Q",
        "donor 3",
        "NP15",
        "NP27",
        "296C",
        "192C",
        "muc9833",
        "QZY9VQng",
        "465C",
        "T121",
        "T166",
        "D239",
        "VUHD107",
        "muc3843",
        "BG9_33",
        "GRO-07",
        "THD0017",
        "dd39p",
        "A37",
        "NP26",
        "GRO-01",
        "NP35",
        "LuT_437",
        "284C",
        "051I",
        "IPF_02",
        "49I",
        "IPF1",
        "157I",
        "123I",
        "TILD006",
        "063I",
        "225I",
        "IPF3",
        "210I",
        "29I",
        "177I",
        "145I",
        "179I",
        "212I",
        "TILD010",
        "174I",
        "Cryobiopsy_01",
        "135I",
        "214I",
        "IPF_01",
        "TILD001",
        "025I",
        "47I",
        "VUILD64"
    ]
}