{
    "problem": "healthy-reference-B cell lineage-400",
    "n_comps": 21.0,
    "optimal_k": 15.0,
    "optimal_p": 0.06999999999999995,
    "ratio-limit": 0.3333333333333333,
    "accuracy": 0.4375,
    "precision": 0.4,
    "recall": 0.07692307692307693,
    "f1": 0.12903225806451613,
    "outlier_ratio_ref_datasets": [
        1.0,
        0.16216216216216217,
        null,
        0.21052631578947367,
        null,
        0.05660377358490566,
        0.0,
        0.010752688172043012,
        null,
        0.0,
        null,
        0.039603960396039604,
        0.16666666666666666,
        null,
        1.0,
        0.06481481481481481,
        null,
        0.17647058823529413,
        0.3333333333333333,
        0.07534246575342465,
        0.15625,
        0.06542056074766354,
        0.00904977375565611,
        0.10638297872340426,
        0.0,
        0.05154639175257732,
        null,
        0.0,
        0.5
    ],
    "outlier_ratio_que_datasets": [
        0.18181818181818182,
        null,
        0.05405405405405406,
        0.0,
        0.07462686567164178,
        0.17391304347826086,
        0.0,
        null,
        null,
        0.038461538461538464,
        0.18181818181818182,
        0.0,
        0.07317073170731707,
        0.21739130434782608,
        0.42857142857142855,
        null,
        null,
        0.2,
        0.1,
        0.061224489795918366,
        0.0,
        0.0,
        null,
        0.0,
        1.0,
        1.0,
        0.0379746835443038,
        null,
        null,
        0.0,
        0.12962962962962962,
        0.032171581769437,
        0.0,
        0.07252747252747253,
        0.14285714285714285,
        0.4533333333333333,
        0.09574468085106383,
        0.0,
        0.01818181818181818,
        0.02702702702702703,
        0.13043478260869565,
        0.018421052631578946,
        0.03571428571428571,
        0.03067484662576687,
        0.0,
        0.0970873786407767,
        0.4666666666666667,
        0.015151515151515152,
        0.05042016806722689,
        0.025,
        0.06896551724137931,
        0.0,
        0.14285714285714285,
        0.26666666666666666,
        0.0,
        0.21739130434782608
    ],
    "ref_normal_samples": [
        "296C",
        "D239",
        "NP15",
        "THD0006",
        "BG9_3",
        "098C",
        "SAMN15153956",
        "VUHD92",
        "NP14",
        "LuT_437",
        "T166",
        "465C",
        "A47",
        "VUHD076",
        "NP39",
        "356C",
        "T121",
        "DD046Q",
        "A37",
        "Patient_1",
        "donor 2",
        "A44",
        "A40",
        "muc9833",
        "284C",
        "donor 3",
        "NP26",
        "D353",
        "D339"
    ],
    "que_normal_samples": [
        "D344",
        "T90",
        "A26",
        "2020-3173-NC007",
        "226C",
        "Donor_06",
        "THD0012",
        "GSM4593897",
        "NP27",
        "192C",
        "lafy_donor_4",
        "D326",
        "SAMN15153963",
        "QZY9VQng",
        "Donor_08",
        "T126",
        "NP22",
        "VUHD70",
        "GRO-03",
        "VUHD107",
        "muc4659",
        "muc3843",
        "BG9_33",
        "GRO-07",
        "THD0017",
        "dd39p",
        "368C",
        "NP11",
        "GRO-01",
        "NP35"
    ],
    "que_disease_samples": [
        "034I",
        "49I",
        "IPF1",
        "IPF2",
        "IPF_04",
        "TILD006",
        "138I",
        "158I",
        "225I",
        "041I",
        "IPF3",
        "222I",
        "228I",
        "210I",
        "29I",
        "TILD015",
        "177I",
        "59I",
        "145I",
        "212I",
        "053I",
        "Cryobiopsy_01",
        "VUILD63",
        "021I",
        "TILD001",
        "VUILD53"
    ],
    "que_samples": [
        "D344",
        "T90",
        "A26",
        "2020-3173-NC007",
        "226C",
        "Donor_06",
        "THD0012",
        "GSM4593897",
        "NP27",
        "192C",
        "lafy_donor_4",
        "D326",
        "SAMN15153963",
        "QZY9VQng",
        "Donor_08",
        "T126",
        "NP22",
        "VUHD70",
        "GRO-03",
        "VUHD107",
        "muc4659",
        "muc3843",
        "BG9_33",
        "GRO-07",
        "THD0017",
        "dd39p",
        "368C",
        "NP11",
        "GRO-01",
        "NP35",
        "034I",
        "49I",
        "IPF1",
        "IPF2",
        "IPF_04",
        "TILD006",
        "138I",
        "158I",
        "225I",
        "041I",
        "IPF3",
        "222I",
        "228I",
        "210I",
        "29I",
        "TILD015",
        "177I",
        "59I",
        "145I",
        "212I",
        "053I",
        "Cryobiopsy_01",
        "VUILD63",
        "021I",
        "TILD001",
        "VUILD53"
    ]
}