{
    "problem": "healthy-reference-B cell lineage-500",
    "n_comps": 12.0,
    "optimal_k": 4.0,
    "optimal_p": 0.049999999999999926,
    "ratio-limit": 0.13970588235294118,
    "accuracy": 0.5,
    "precision": 0.6666666666666666,
    "recall": 0.15384615384615385,
    "f1": 0.25,
    "outlier_ratio_ref_datasets": [
        null,
        null,
        0.0,
        0.0,
        null,
        null,
        0.0,
        0.012658227848101266,
        0.0,
        0.0425531914893617,
        0.13970588235294118,
        0.04054054054054054,
        0.13636363636363635,
        0.0,
        0.02830188679245283,
        0.09090909090909091,
        null,
        0.16666666666666666,
        0.02577319587628866,
        0.043478260869565216,
        0.06481481481481481,
        0.0,
        null,
        0.038461538461538464,
        null,
        1.0,
        0.04878048780487805,
        0.0,
        0.056074766355140186
    ],
    "outlier_ratio_que_datasets": [
        0.004524886877828055,
        0.125,
        0.0,
        0.07534246575342465,
        0.13043478260869565,
        0.0,
        null,
        0.0,
        0.0297029702970297,
        0.07142857142857142,
        0.2857142857142857,
        0.010752688172043012,
        null,
        null,
        0.08108108108108109,
        0.0,
        0.04081632653061224,
        0.0,
        null,
        0.0,
        0.0,
        null,
        null,
        0.21052631578947367,
        null,
        null,
        0.0,
        0.0,
        0.0,
        0.0,
        0.05263157894736842,
        0.1111111111111111,
        0.5,
        0.02702702702702703,
        0.03278688524590164,
        0.0044444444444444444,
        0.02040816326530612,
        0.018404907975460124,
        0.4066666666666667,
        0.0,
        0.02027027027027027,
        0.010526315789473684,
        0.07258064516129033,
        0.0,
        0.015151515151515152,
        0.0125,
        0.14893617021276595,
        0.022988505747126436,
        0.11578947368421053,
        0.0,
        0.13333333333333333,
        0.0,
        0.0,
        0.07407407407407407,
        0.2608695652173913,
        0.125
    ],
    "ref_normal_samples": [
        "NP11",
        "T166",
        "D353",
        "VUHD70",
        "VUHD076",
        "NP15",
        "muc4659",
        "368C",
        "THD0017",
        "muc9833",
        "DD046Q",
        "A26",
        "lafy_donor_4",
        "SAMN15153956",
        "098C",
        "D344",
        "GSM4593897",
        "A37",
        "donor 3",
        "QZY9VQng",
        "356C",
        "D339",
        "T90",
        "192C",
        "T121",
        "296C",
        "SAMN15153963",
        "226C",
        "A44"
    ],
    "que_normal_samples": [
        "A40",
        "donor 2",
        "2020-3173-NC007",
        "Patient_1",
        "Donor_06",
        "THD0012",
        "NP27",
        "D326",
        "465C",
        "A47",
        "Donor_08",
        "VUHD92",
        "T126",
        "NP22",
        "D239",
        "GRO-03",
        "VUHD107",
        "muc3843",
        "BG9_33",
        "GRO-07",
        "dd39p",
        "NP26",
        "NP14",
        "THD0006",
        "BG9_3",
        "GRO-01",
        "NP35",
        "LuT_437",
        "NP39",
        "284C"
    ],
    "que_disease_samples": [
        "VUILD60",
        "034I",
        "VUILD59",
        "166I",
        "TILD028",
        "IPF_02",
        "IPF_04",
        "123I",
        "TILD006",
        "158I",
        "041I",
        "222I",
        "022I",
        "210I",
        "59I",
        "212I",
        "VUILD65",
        "053I",
        "040I",
        "Cryobiopsy_01",
        "021I",
        "214I",
        "TILD001",
        "025I",
        "VUILD53",
        "VUILD64"
    ],
    "que_samples": [
        "A40",
        "donor 2",
        "2020-3173-NC007",
        "Patient_1",
        "Donor_06",
        "THD0012",
        "NP27",
        "D326",
        "465C",
        "A47",
        "Donor_08",
        "VUHD92",
        "T126",
        "NP22",
        "D239",
        "GRO-03",
        "VUHD107",
        "muc3843",
        "BG9_33",
        "GRO-07",
        "dd39p",
        "NP26",
        "NP14",
        "THD0006",
        "BG9_3",
        "GRO-01",
        "NP35",
        "LuT_437",
        "NP39",
        "284C",
        "VUILD60",
        "034I",
        "VUILD59",
        "166I",
        "TILD028",
        "IPF_02",
        "IPF_04",
        "123I",
        "TILD006",
        "158I",
        "041I",
        "222I",
        "022I",
        "210I",
        "59I",
        "212I",
        "VUILD65",
        "053I",
        "040I",
        "Cryobiopsy_01",
        "021I",
        "214I",
        "TILD001",
        "025I",
        "VUILD53",
        "VUILD64"
    ]
}