{
    "problem": "healthy-reference-B cell lineage-600",
    "n_comps": 10.0,
    "optimal_k": 4.0,
    "optimal_p": 0.049999999999999926,
    "ratio-limit": 0.04054054054054054,
    "accuracy": 0.46808510638297873,
    "precision": 0.5454545454545454,
    "recall": 0.23076923076923078,
    "f1": 0.32432432432432434,
    "outlier_ratio_ref_datasets": [
        null,
        0.0,
        0.0,
        null,
        0.0136986301369863,
        0.0,
        0.04054054054054054,
        0.0,
        0.0,
        0.0,
        0.023809523809523808,
        0.0,
        0.0,
        null,
        0.02702702702702703,
        null,
        0.004524886877828055,
        null,
        0.0,
        0.04878048780487805,
        0.0,
        0.0,
        0.10869565217391304,
        0.0,
        0.0,
        0.0,
        0.014925373134328358,
        0.09375,
        null
    ],
    "outlier_ratio_que_datasets": [
        0.045454545454545456,
        0.0,
        0.0,
        0.125,
        0.010309278350515464,
        0.018691588785046728,
        null,
        0.018518518518518517,
        0.0,
        0.038461538461538464,
        0.0297029702970297,
        null,
        0.14285714285714285,
        0.010752688172043012,
        null,
        0.0,
        null,
        0.0,
        0.0,
        0.0,
        0.16666666666666666,
        null,
        0.0,
        null,
        0.13157894736842105,
        null,
        null,
        0.0,
        null,
        0.0,
        0.07407407407407407,
        0.1111111111111111,
        0.05438401775804662,
        0.0,
        0.0,
        0.01978021978021978,
        0.038461538461538464,
        0.0,
        0.007263922518159807,
        0.22,
        0.031914893617021274,
        0.0,
        0.01818181818181818,
        0.02027027027027027,
        0.043478260869565216,
        0.024271844660194174,
        0.0,
        0.008403361344537815,
        0.0,
        0.0,
        0.022026431718061675,
        0.02857142857142857,
        0.2,
        0.027439024390243903,
        0.0,
        0.037037037037037035
    ],
    "ref_normal_samples": [
        "NP15",
        "D326",
        "muc4659",
        "T121",
        "Patient_1",
        "GRO-03",
        "A26",
        "muc9833",
        "QZY9VQng",
        "LuT_437",
        "A47",
        "D339",
        "THD0017",
        "T90",
        "D239",
        "BG9_33",
        "A40",
        "NP11",
        "NP39",
        "SAMN15153963",
        "lafy_donor_4",
        "2020-3173-NC007",
        "Donor_06",
        "GRO-07",
        "VUHD70",
        "SAMN15153956",
        "226C",
        "donor 2",
        "GSM4593897"
    ],
    "que_normal_samples": [
        "D344",
        "098C",
        "THD0012",
        "DD046Q",
        "donor 3",
        "A44",
        "NP27",
        "356C",
        "296C",
        "192C",
        "465C",
        "T166",
        "Donor_08",
        "VUHD92",
        "T126",
        "D353",
        "NP22",
        "VUHD107",
        "muc3843",
        "dd39p",
        "A37",
        "NP26",
        "368C",
        "NP14",
        "THD0006",
        "BG9_3",
        "GRO-01",
        "NP35",
        "VUHD076",
        "284C"
    ],
    "que_disease_samples": [
        "034I",
        "VUILD61",
        "IPF_03",
        "49I",
        "IPF1",
        "IPF2",
        "010I",
        "IPF_04",
        "157I",
        "TILD006",
        "138I",
        "158I",
        "225I",
        "041I",
        "IPF3",
        "TILD015",
        "177I",
        "145I",
        "053I",
        "Cryobiopsy_01",
        "135I",
        "VUILD63",
        "214I",
        "IPF_01",
        "TILD001",
        "025I"
    ],
    "que_samples": [
        "D344",
        "098C",
        "THD0012",
        "DD046Q",
        "donor 3",
        "A44",
        "NP27",
        "356C",
        "296C",
        "192C",
        "465C",
        "T166",
        "Donor_08",
        "VUHD92",
        "T126",
        "D353",
        "NP22",
        "VUHD107",
        "muc3843",
        "dd39p",
        "A37",
        "NP26",
        "368C",
        "NP14",
        "THD0006",
        "BG9_3",
        "GRO-01",
        "NP35",
        "VUHD076",
        "284C",
        "034I",
        "VUILD61",
        "IPF_03",
        "49I",
        "IPF1",
        "IPF2",
        "010I",
        "IPF_04",
        "157I",
        "TILD006",
        "138I",
        "158I",
        "225I",
        "041I",
        "IPF3",
        "TILD015",
        "177I",
        "145I",
        "053I",
        "Cryobiopsy_01",
        "135I",
        "VUILD63",
        "214I",
        "IPF_01",
        "TILD001",
        "025I"
    ]
}