{
    "problem": "healthy-reference-B cell lineage-700",
    "n_comps": 12.0,
    "optimal_k": 4.0,
    "optimal_p": 0.049999999999999926,
    "ratio-limit": 0.08695652173913043,
    "accuracy": 0.4375,
    "precision": 0.4,
    "recall": 0.07692307692307693,
    "f1": 0.12903225806451613,
    "outlier_ratio_ref_datasets": [
        0.08695652173913043,
        null,
        null,
        null,
        0.0,
        0.11029411764705882,
        0.0,
        0.0,
        0.07894736842105263,
        0.0,
        0.0,
        0.0,
        0.0,
        0.0,
        0.0,
        0.0,
        0.009345794392523364,
        0.045454545454545456,
        0.0,
        0.0,
        0.0,
        null,
        null,
        0.0,
        0.043478260869565216,
        null,
        0.0,
        null,
        0.045454545454545456
    ],
    "outlier_ratio_que_datasets": [
        0.09375,
        0.0,
        null,
        0.02702702702702703,
        0.0,
        0.0,
        0.03424657534246575,
        0.010309278350515464,
        null,
        null,
        1.0,
        0.0,
        0.04878048780487805,
        0.0,
        0.01485148514851485,
        0.023809523809523808,
        null,
        0.2857142857142857,
        0.0,
        null,
        0.0,
        0.0,
        0.0,
        null,
        0.0,
        null,
        null,
        0.0,
        0.0,
        0.0,
        0.004807692307692308,
        0.05263157894736842,
        0.02702702702702703,
        0.07658157602663707,
        0.008888888888888889,
        0.01978021978021978,
        0.028846153846153848,
        0.02040816326530612,
        0.004842615012106538,
        0.012269938650306749,
        0.22,
        0.031914893617021274,
        0.0,
        0.0,
        0.008,
        0.0,
        0.0,
        0.022900763358778626,
        0.011494252873563218,
        0.042105263157894736,
        0.02033271719038817,
        0.0,
        0.027439024390243903,
        0.037037037037037035,
        0.011235955056179775,
        0.125
    ],
    "ref_normal_samples": [
        "Donor_06",
        "VUHD076",
        "GSM4593897",
        "T121",
        "THD0017",
        "DD046Q",
        "D353",
        "VUHD107",
        "THD0006",
        "192C",
        "A40",
        "GRO-03",
        "D239",
        "098C",
        "VUHD70",
        "284C",
        "A44",
        "lafy_donor_4",
        "muc4659",
        "356C",
        "THD0012",
        "NP11",
        "NP14",
        "muc3843",
        "QZY9VQng",
        "BG9_33",
        "dd39p",
        "T126",
        "D344"
    ],
    "que_normal_samples": [
        "donor 2",
        "D339",
        "T90",
        "A26",
        "2020-3173-NC007",
        "226C",
        "Patient_1",
        "donor 3",
        "NP15",
        "NP27",
        "296C",
        "D326",
        "SAMN15153963",
        "muc9833",
        "465C",
        "A47",
        "T166",
        "Donor_08",
        "VUHD92",
        "NP22",
        "SAMN15153956",
        "GRO-07",
        "A37",
        "NP26",
        "368C",
        "BG9_3",
        "GRO-01",
        "NP35",
        "LuT_437",
        "NP39"
    ],
    "que_disease_samples": [
        "051I",
        "VUILD60",
        "166I",
        "IPF_03",
        "IPF_02",
        "IPF2",
        "010I",
        "IPF_04",
        "157I",
        "123I",
        "TILD006",
        "138I",
        "063I",
        "158I",
        "209I",
        "225I",
        "221I",
        "179I",
        "053I",
        "040I",
        "174I",
        "214I",
        "IPF_01",
        "025I",
        "47I",
        "VUILD64"
    ],
    "que_samples": [
        "donor 2",
        "D339",
        "T90",
        "A26",
        "2020-3173-NC007",
        "226C",
        "Patient_1",
        "donor 3",
        "NP15",
        "NP27",
        "296C",
        "D326",
        "SAMN15153963",
        "muc9833",
        "465C",
        "A47",
        "T166",
        "Donor_08",
        "VUHD92",
        "NP22",
        "SAMN15153956",
        "GRO-07",
        "A37",
        "NP26",
        "368C",
        "BG9_3",
        "GRO-01",
        "NP35",
        "LuT_437",
        "NP39",
        "051I",
        "VUILD60",
        "166I",
        "IPF_03",
        "IPF_02",
        "IPF2",
        "010I",
        "IPF_04",
        "157I",
        "123I",
        "TILD006",
        "138I",
        "063I",
        "158I",
        "209I",
        "225I",
        "221I",
        "179I",
        "053I",
        "040I",
        "174I",
        "214I",
        "IPF_01",
        "025I",
        "47I",
        "VUILD64"
    ]
}