{
    "problem": "healthy-reference-B cell lineage-800",
    "n_comps": 9.0,
    "optimal_k": 4.0,
    "optimal_p": 0.07499999999999996,
    "ratio-limit": 0.00684931506849315,
    "accuracy": 0.6041666666666666,
    "precision": 0.6842105263157895,
    "recall": 0.5,
    "f1": 0.5777777777777777,
    "outlier_ratio_ref_datasets": [
        null,
        0.0,
        0.0,
        0.0,
        0.0,
        null,
        null,
        null,
        0.038461538461538464,
        0.0,
        0.0625,
        null,
        0.08823529411764706,
        0.0,
        0.0,
        0.0,
        null,
        0.00684931506849315,
        0.0,
        0.0,
        0.0,
        0.0,
        null,
        0.0,
        0.05263157894736842,
        0.0,
        0.0,
        0.043478260869565216,
        0.0
    ],
    "outlier_ratio_que_datasets": [
        0.0,
        0.045454545454545456,
        null,
        0.013513513513513514,
        0.0,
        0.014925373134328358,
        null,
        0.005154639175257732,
        0.009345794392523364,
        null,
        null,
        0.0,
        0.0,
        0.04878048780487805,
        0.0,
        0.0,
        0.009900990099009901,
        null,
        0.0,
        0.0,
        0.0,
        0.0,
        0.0,
        0.0,
        null,
        null,
        null,
        0.0,
        0.0,
        0.0,
        0.05263157894736842,
        0.05555555555555555,
        0.0,
        0.07407407407407407,
        0.03218645948945616,
        0.0,
        0.009615384615384616,
        0.0,
        0.16666666666666666,
        0.0,
        0.01818181818181818,
        0.013513513513513514,
        0.006211180124223602,
        0.0,
        0.0,
        0.024193548387096774,
        0.0,
        0.024271844660194174,
        0.0,
        0.0,
        0.0,
        0.00881057268722467,
        0.02857142857142857,
        0.0,
        0.08695652173913043,
        0.0
    ],
    "ref_normal_samples": [
        "BG9_33",
        "VUHD92",
        "VUHD70",
        "D339",
        "Donor_08",
        "T121",
        "NP14",
        "T126",
        "192C",
        "dd39p",
        "donor 2",
        "VUHD076",
        "DD046Q",
        "VUHD107",
        "A37",
        "LuT_437",
        "NP22",
        "Patient_1",
        "D239",
        "D326",
        "A47",
        "THD0012",
        "BG9_3",
        "296C",
        "THD0006",
        "SAMN15153956",
        "368C",
        "Donor_06",
        "098C"
    ],
    "que_normal_samples": [
        "A40",
        "D344",
        "T90",
        "A26",
        "2020-3173-NC007",
        "226C",
        "GSM4593897",
        "donor 3",
        "A44",
        "NP15",
        "NP27",
        "356C",
        "lafy_donor_4",
        "SAMN15153963",
        "muc9833",
        "QZY9VQng",
        "465C",
        "T166",
        "D353",
        "GRO-03",
        "muc4659",
        "muc3843",
        "GRO-07",
        "THD0017",
        "NP26",
        "NP11",
        "GRO-01",
        "NP35",
        "NP39",
        "284C"
    ],
    "que_disease_samples": [
        "VUILD60",
        "034I",
        "VUILD59",
        "VUILD61",
        "IPF_03",
        "IPF1",
        "010I",
        "IPF_04",
        "TILD006",
        "158I",
        "225I",
        "041I",
        "IPF3",
        "222I",
        "228I",
        "022I",
        "221I",
        "TILD015",
        "212I",
        "053I",
        "Cryobiopsy_01",
        "135I",
        "VUILD63",
        "025I",
        "VUILD53",
        "VUILD64"
    ],
    "que_samples": [
        "A40",
        "D344",
        "T90",
        "A26",
        "2020-3173-NC007",
        "226C",
        "GSM4593897",
        "donor 3",
        "A44",
        "NP15",
        "NP27",
        "356C",
        "lafy_donor_4",
        "SAMN15153963",
        "muc9833",
        "QZY9VQng",
        "465C",
        "T166",
        "D353",
        "GRO-03",
        "muc4659",
        "muc3843",
        "GRO-07",
        "THD0017",
        "NP26",
        "NP11",
        "GRO-01",
        "NP35",
        "NP39",
        "284C",
        "VUILD60",
        "034I",
        "VUILD59",
        "VUILD61",
        "IPF_03",
        "IPF1",
        "010I",
        "IPF_04",
        "TILD006",
        "158I",
        "225I",
        "041I",
        "IPF3",
        "222I",
        "228I",
        "022I",
        "221I",
        "TILD015",
        "212I",
        "053I",
        "Cryobiopsy_01",
        "135I",
        "VUILD63",
        "025I",
        "VUILD53",
        "VUILD64"
    ]
}