{
    "problem": "healthy-reference-B cell lineage-900",
    "n_comps": 20.0,
    "optimal_k": 15.0,
    "optimal_p": 0.035000000000000024,
    "ratio-limit": 0.08108108108108109,
    "accuracy": 0.40425531914893614,
    "precision": 0.4166666666666667,
    "recall": 0.19230769230769232,
    "f1": 0.2631578947368421,
    "outlier_ratio_ref_datasets": [
        0.0,
        0.020618556701030927,
        0.04878048780487805,
        0.0,
        0.02702702702702703,
        null,
        0.009433962264150943,
        0.0,
        0.037383177570093455,
        0.16666666666666666,
        0.045454545454545456,
        0.0,
        0.13043478260869565,
        null,
        null,
        0.08108108108108109,
        0.023809523809523808,
        0.0,
        0.009259259259259259,
        0.0,
        0.07894736842105263,
        0.0,
        0.0,
        null,
        0.0,
        0.0,
        0.0,
        null,
        null
    ],
    "outlier_ratio_que_datasets": [
        0.00904977375565611,
        0.09090909090909091,
        0.09375,
        null,
        0.014925373134328358,
        0.0684931506849315,
        0.0,
        null,
        0.16176470588235295,
        null,
        1.0,
        0.038461538461538464,
        0.043478260869565216,
        0.019801980198019802,
        0.2857142857142857,
        0.010752688172043012,
        null,
        null,
        0.2,
        0.0,
        0.0,
        0.0,
        0.0,
        null,
        null,
        null,
        null,
        0.0,
        1.0,
        0.0,
        0.0,
        0.05555555555555555,
        0.375,
        0.02702702702702703,
        0.008888888888888889,
        0.005361930294906166,
        0.01937046004842615,
        0.30666666666666664,
        0.0425531914893617,
        0.1111111111111111,
        0.0,
        0.008,
        0.011904761904761904,
        0.056451612903225805,
        0.06666666666666667,
        0.03816793893129771,
        0.1276595744680851,
        0.0,
        0.06315789473684211,
        0.0,
        0.0,
        0.036585365853658534,
        0.0,
        0.037037037037037035,
        0.011235955056179775,
        0.21739130434782608
    ],
    "ref_normal_samples": [
        "VUHD107",
        "donor 3",
        "SAMN15153963",
        "368C",
        "A26",
        "BG9_33",
        "098C",
        "THD0017",
        "A44",
        "A37",
        "lafy_donor_4",
        "D339",
        "Donor_06",
        "T121",
        "VUHD076",
        "D239",
        "A47",
        "D353",
        "356C",
        "muc9833",
        "THD0006",
        "SAMN15153956",
        "2020-3173-NC007",
        "T166",
        "muc3843",
        "LuT_437",
        "D326",
        "NP26",
        "NP15"
    ],
    "que_normal_samples": [
        "A40",
        "D344",
        "donor 2",
        "T90",
        "226C",
        "Patient_1",
        "THD0012",
        "GSM4593897",
        "DD046Q",
        "NP27",
        "296C",
        "192C",
        "QZY9VQng",
        "465C",
        "Donor_08",
        "VUHD92",
        "T126",
        "NP22",
        "VUHD70",
        "GRO-03",
        "muc4659",
        "GRO-07",
        "dd39p",
        "NP14",
        "NP11",
        "BG9_3",
        "GRO-01",
        "NP35",
        "NP39",
        "284C"
    ],
    "que_disease_samples": [
        "VUILD60",
        "034I",
        "VUILD59",
        "166I",
        "IPF_02",
        "49I",
        "157I",
        "TILD006",
        "138I",
        "063I",
        "158I",
        "209I",
        "228I",
        "022I",
        "177I",
        "179I",
        "VUILD65",
        "TILD010",
        "040I",
        "Cryobiopsy_01",
        "214I",
        "IPF_01",
        "TILD001",
        "025I",
        "47I",
        "VUILD53"
    ],
    "que_samples": [
        "A40",
        "D344",
        "donor 2",
        "T90",
        "226C",
        "Patient_1",
        "THD0012",
        "GSM4593897",
        "DD046Q",
        "NP27",
        "296C",
        "192C",
        "QZY9VQng",
        "465C",
        "Donor_08",
        "VUHD92",
        "T126",
        "NP22",
        "VUHD70",
        "GRO-03",
        "muc4659",
        "GRO-07",
        "dd39p",
        "NP14",
        "NP11",
        "BG9_3",
        "GRO-01",
        "NP35",
        "NP39",
        "284C",
        "VUILD60",
        "034I",
        "VUILD59",
        "166I",
        "IPF_02",
        "49I",
        "157I",
        "TILD006",
        "138I",
        "063I",
        "158I",
        "209I",
        "228I",
        "022I",
        "177I",
        "179I",
        "VUILD65",
        "TILD010",
        "040I",
        "Cryobiopsy_01",
        "214I",
        "IPF_01",
        "TILD001",
        "025I",
        "47I",
        "VUILD53"
    ]
}