{
    "problem": "healthy-reference-Mast cells-100",
    "n_comps": 4.0,
    "optimal_k": 9.0,
    "optimal_p": 0.04000000000000003,
    "ratio-limit": 0.38461538461538464,
    "accuracy": 0.48936170212765956,
    "precision": 0.5,
    "recall": 0.041666666666666664,
    "f1": 0.07692307692307693,
    "outlier_ratio_ref_datasets": [
        0.03690036900369004,
        0.0,
        null,
        0.0,
        0.05555555555555555,
        null,
        1.0,
        0.0,
        null,
        0.0,
        null,
        null,
        0.38461538461538464,
        null,
        0.5,
        0.1875,
        null,
        0.0,
        0.05844155844155844,
        0.0,
        0.0196078431372549,
        null,
        0.19444444444444445,
        null,
        null,
        null,
        0.0,
        0.13333333333333333,
        0.225
    ],
    "outlier_ratio_que_datasets": [
        0.23076923076923078,
        0.0,
        0.02607561929595828,
        null,
        0.02702702702702703,
        0.0,
        0.0,
        0.2326283987915408,
        null,
        0.09090909090909091,
        0.28913963328631875,
        0.42857142857142855,
        null,
        null,
        0.2,
        0.0,
        0.14,
        0.25,
        0.0,
        0.2,
        0.0,
        0.05263157894736842,
        0.25,
        0.0,
        0.0,
        0.14,
        0.0,
        null,
        null,
        null,
        0.08064516129032258,
        null,
        0.06666666666666667,
        0.2357142857142857,
        0.00980392156862745,
        0.25,
        0.0,
        0.08695652173913043,
        0.053763440860215055,
        0.0,
        0.037037037037037035,
        0.5,
        0.23809523809523808,
        0.13333333333333333,
        0.25,
        0.3333333333333333,
        0.21428571428571427,
        0.16666666666666666,
        0.3333333333333333,
        0.09523809523809523,
        0.0,
        0.0,
        0.0,
        null,
        0.125,
        0.0
    ],
    "ref_normal_samples": [
        "Patient_1",
        "T166",
        "VUHD076",
        "NP14",
        "THD0012",
        "dd39p",
        "QZY9VQng",
        "A37",
        "D326",
        "A47",
        "T126",
        "2020-3173-NC007",
        "NP22",
        "NP26",
        "098C",
        "NP39",
        "NP15",
        "D339",
        "DD046Q",
        "lafy_donor_4",
        "donor 3",
        "296C",
        "muc4659",
        "NP35",
        "284C",
        "GSM4593897",
        "THD0006",
        "SAMN15153963",
        "192C"
    ],
    "que_normal_samples": [
        "A40",
        "D344",
        "donor 2",
        "T90",
        "A26",
        "226C",
        "Donor_06",
        "A44",
        "NP27",
        "356C",
        "muc9833",
        "465C",
        "T121",
        "Donor_08",
        "VUHD92",
        "D353",
        "D239",
        "SAMN15153956",
        "VUHD70",
        "GRO-03",
        "VUHD107",
        "muc3843",
        "BG9_33",
        "GRO-07",
        "THD0017",
        "368C",
        "NP11",
        "BG9_3",
        "GRO-01",
        "LuT_437"
    ],
    "que_disease_samples": [
        "034I",
        "VUILD59",
        "VUILD61",
        "TILD028",
        "IPF_02",
        "TILD006",
        "063I",
        "158I",
        "225I",
        "041I",
        "IPF3",
        "210I",
        "221I",
        "TILD015",
        "177I",
        "59I",
        "145I",
        "VUILD65",
        "040I",
        "135I",
        "VUILD63",
        "214I",
        "IPF_01",
        "025I",
        "VUILD53",
        "VUILD64"
    ],
    "que_samples": [
        "A40",
        "D344",
        "donor 2",
        "T90",
        "A26",
        "226C",
        "Donor_06",
        "A44",
        "NP27",
        "356C",
        "muc9833",
        "465C",
        "T121",
        "Donor_08",
        "VUHD92",
        "D353",
        "D239",
        "SAMN15153956",
        "VUHD70",
        "GRO-03",
        "VUHD107",
        "muc3843",
        "BG9_33",
        "GRO-07",
        "THD0017",
        "368C",
        "NP11",
        "BG9_3",
        "GRO-01",
        "LuT_437",
        "034I",
        "VUILD59",
        "VUILD61",
        "TILD028",
        "IPF_02",
        "TILD006",
        "063I",
        "158I",
        "225I",
        "041I",
        "IPF3",
        "210I",
        "221I",
        "TILD015",
        "177I",
        "59I",
        "145I",
        "VUILD65",
        "040I",
        "135I",
        "VUILD63",
        "214I",
        "IPF_01",
        "025I",
        "VUILD53",
        "VUILD64"
    ]
}