{
    "problem": "healthy-reference-Mast cells-200",
    "n_comps": 8.0,
    "optimal_k": 15.0,
    "optimal_p": 0.1,
    "ratio-limit": 0.027777777777777776,
    "accuracy": 0.5625,
    "precision": 0.5789473684210527,
    "recall": 0.4583333333333333,
    "f1": 0.5116279069767442,
    "outlier_ratio_ref_datasets": [
        0.007822685788787484,
        null,
        0.05194805194805195,
        null,
        null,
        0.0,
        0.02214022140221402,
        0.0,
        null,
        0.0,
        0.0,
        null,
        null,
        0.0,
        null,
        null,
        0.0,
        0.0,
        0.0,
        0.015250544662309368,
        null,
        null,
        null,
        0.09873060648801128,
        null,
        0.0,
        0.027777777777777776,
        0.0,
        0.0
    ],
    "outlier_ratio_que_datasets": [
        0.0,
        null,
        0.5,
        0.0,
        0.0,
        0.04229607250755287,
        null,
        0.0,
        0.125,
        0.0,
        0.0,
        0.6666666666666666,
        0.14285714285714285,
        null,
        0.1,
        null,
        0.0,
        0.0,
        0.04,
        0.0,
        0.0,
        0.0,
        0.0,
        0.0,
        0.02,
        0.0,
        0.0,
        null,
        0.1875,
        null,
        0.12,
        0.03225806451612903,
        null,
        0.05263157894736842,
        0.06666666666666667,
        0.08571428571428572,
        0.1,
        0.0,
        0.125,
        0.13333333333333333,
        0.043478260869565216,
        0.021505376344086023,
        0.037037037037037035,
        0.0,
        0.0,
        0.0,
        0.0,
        0.0,
        0.14285714285714285,
        0.0,
        0.0,
        0.0,
        0.022222222222222223,
        0.0,
        null,
        0.0
    ],
    "ref_normal_samples": [
        "donor 2",
        "VUHD076",
        "DD046Q",
        "NP26",
        "dd39p",
        "D344",
        "Patient_1",
        "VUHD107",
        "NP27",
        "A40",
        "THD0017",
        "T121",
        "NP35",
        "Donor_06",
        "GRO-01",
        "LuT_437",
        "THD0006",
        "GRO-07",
        "T166",
        "donor 3",
        "GSM4593897",
        "2020-3173-NC007",
        "296C",
        "muc9833",
        "D326",
        "A26",
        "muc4659",
        "A47",
        "VUHD70"
    ],
    "que_normal_samples": [
        "D339",
        "T90",
        "098C",
        "226C",
        "THD0012",
        "A44",
        "NP15",
        "356C",
        "192C",
        "lafy_donor_4",
        "SAMN15153963",
        "QZY9VQng",
        "465C",
        "Donor_08",
        "VUHD92",
        "T126",
        "D353",
        "NP22",
        "D239",
        "SAMN15153956",
        "GRO-03",
        "muc3843",
        "BG9_33",
        "A37",
        "368C",
        "NP14",
        "NP11",
        "BG9_3",
        "NP39",
        "284C"
    ],
    "que_disease_samples": [
        "051I",
        "034I",
        "VUILD59",
        "166I",
        "VUILD61",
        "TILD028",
        "IPF2",
        "IPF_04",
        "TILD006",
        "138I",
        "158I",
        "225I",
        "228I",
        "022I",
        "210I",
        "221I",
        "29I",
        "59I",
        "145I",
        "212I",
        "TILD010",
        "040I",
        "174I",
        "021I",
        "025I",
        "VUILD64"
    ],
    "que_samples": [
        "D339",
        "T90",
        "098C",
        "226C",
        "THD0012",
        "A44",
        "NP15",
        "356C",
        "192C",
        "lafy_donor_4",
        "SAMN15153963",
        "QZY9VQng",
        "465C",
        "Donor_08",
        "VUHD92",
        "T126",
        "D353",
        "NP22",
        "D239",
        "SAMN15153956",
        "GRO-03",
        "muc3843",
        "BG9_33",
        "A37",
        "368C",
        "NP14",
        "NP11",
        "BG9_3",
        "NP39",
        "284C",
        "051I",
        "034I",
        "VUILD59",
        "166I",
        "VUILD61",
        "TILD028",
        "IPF2",
        "IPF_04",
        "TILD006",
        "138I",
        "158I",
        "225I",
        "228I",
        "022I",
        "210I",
        "221I",
        "29I",
        "59I",
        "145I",
        "212I",
        "TILD010",
        "040I",
        "174I",
        "021I",
        "025I",
        "VUILD64"
    ]
}