{
    "problem": "healthy-reference-Mast cells-300",
    "n_comps": 25.0,
    "optimal_k": 7.0,
    "optimal_p": 0.030000000000000023,
    "ratio-limit": 0.1,
    "accuracy": 0.5,
    "precision": 0.55,
    "recall": 0.4782608695652174,
    "f1": 0.5116279069767442,
    "outlier_ratio_ref_datasets": [
        0.0,
        null,
        null,
        0.0,
        0.1,
        0.375,
        0.0,
        0.0,
        0.0,
        0.0,
        0.0,
        0.02,
        null,
        0.0,
        0.0,
        0.06666666666666667,
        0.0,
        0.0,
        0.05555555555555555,
        0.054380664652567974,
        0.02702702702702703,
        null,
        0.0,
        0.0,
        null,
        0.09090909090909091,
        null,
        0.07692307692307693,
        null
    ],
    "outlier_ratio_que_datasets": [
        0.0,
        0.02216427640156454,
        0.5,
        0.025830258302583026,
        0.0,
        null,
        0.16883116883116883,
        0.04357298474945534,
        null,
        null,
        null,
        0.125,
        0.231311706629055,
        0.6666666666666666,
        0.14285714285714285,
        null,
        1.0,
        0.2,
        0.0,
        0.02631578947368421,
        0.25,
        0.0,
        0.03225806451612903,
        null,
        0.0,
        null,
        null,
        null,
        null,
        null,
        0.16,
        0.0196078431372549,
        0.0,
        null,
        0.125,
        null,
        0.5,
        0.0,
        0.03225806451612903,
        0.1111111111111111,
        0.0,
        0.0,
        0.25,
        0.21428571428571427,
        0.05263157894736842,
        0.0,
        0.14285714285714285,
        0.044444444444444446,
        0.0,
        0.09523809523809523,
        0.0,
        0.125,
        0.25,
        null,
        0.3333333333333333,
        0.5
    ],
    "ref_normal_samples": [
        "GRO-03",
        "D326",
        "VUHD076",
        "A40",
        "VUHD92",
        "NP39",
        "D353",
        "A47",
        "SAMN15153956",
        "VUHD70",
        "Donor_06",
        "368C",
        "2020-3173-NC007",
        "NP11",
        "lafy_donor_4",
        "SAMN15153963",
        "THD0006",
        "226C",
        "muc4659",
        "A44",
        "A26",
        "T126",
        "NP14",
        "D339",
        "T90",
        "356C",
        "BG9_3",
        "NP22",
        "Donor_08"
    ],
    "que_normal_samples": [
        "D344",
        "donor 2",
        "098C",
        "Patient_1",
        "THD0012",
        "GSM4593897",
        "DD046Q",
        "donor 3",
        "NP15",
        "NP27",
        "296C",
        "192C",
        "muc9833",
        "QZY9VQng",
        "465C",
        "T121",
        "T166",
        "D239",
        "VUHD107",
        "muc3843",
        "BG9_33",
        "GRO-07",
        "THD0017",
        "dd39p",
        "A37",
        "NP26",
        "GRO-01",
        "NP35",
        "LuT_437",
        "284C"
    ],
    "que_disease_samples": [
        "051I",
        "IPF_02",
        "49I",
        "IPF1",
        "157I",
        "123I",
        "TILD006",
        "063I",
        "225I",
        "IPF3",
        "210I",
        "29I",
        "177I",
        "145I",
        "179I",
        "212I",
        "TILD010",
        "174I",
        "Cryobiopsy_01",
        "135I",
        "214I",
        "IPF_01",
        "TILD001",
        "025I",
        "47I",
        "VUILD64"
    ],
    "que_samples": [
        "D344",
        "donor 2",
        "098C",
        "Patient_1",
        "THD0012",
        "GSM4593897",
        "DD046Q",
        "donor 3",
        "NP15",
        "NP27",
        "296C",
        "192C",
        "muc9833",
        "QZY9VQng",
        "465C",
        "T121",
        "T166",
        "D239",
        "VUHD107",
        "muc3843",
        "BG9_33",
        "GRO-07",
        "THD0017",
        "dd39p",
        "A37",
        "NP26",
        "GRO-01",
        "NP35",
        "LuT_437",
        "284C",
        "051I",
        "IPF_02",
        "49I",
        "IPF1",
        "157I",
        "123I",
        "TILD006",
        "063I",
        "225I",
        "IPF3",
        "210I",
        "29I",
        "177I",
        "145I",
        "179I",
        "212I",
        "TILD010",
        "174I",
        "Cryobiopsy_01",
        "135I",
        "214I",
        "IPF_01",
        "TILD001",
        "025I",
        "47I",
        "VUILD64"
    ]
}