{
    "problem": "healthy-reference-Mast cells-400",
    "n_comps": 3.0,
    "optimal_k": 13.0,
    "optimal_p": 0.1,
    "ratio-limit": 0.5,
    "accuracy": 0.45454545454545453,
    "precision": 0.5,
    "recall": 0.041666666666666664,
    "f1": 0.07692307692307693,
    "outlier_ratio_ref_datasets": [
        null,
        0.28,
        null,
        0.0,
        null,
        0.5,
        0.25,
        0.2,
        0.0,
        null,
        0.0,
        0.2857142857142857,
        0.0,
        null,
        0.25,
        0.0,
        null,
        0.11038961038961038,
        0.03125,
        0.05904059040590406,
        0.04302477183833116,
        0.14501510574018128,
        0.19230769230769232,
        0.2073342736248237,
        null,
        0.0392156862745098,
        null,
        0.0,
        0.0
    ],
    "outlier_ratio_que_datasets": [
        0.0,
        null,
        0.13513513513513514,
        null,
        0.0,
        0.0,
        0.1111111111111111,
        null,
        null,
        0.275,
        0.045454545454545456,
        null,
        0.26666666666666666,
        1.0,
        null,
        null,
        0.23076923076923078,
        0.0,
        0.0,
        0.0,
        0.2222222222222222,
        0.05263157894736842,
        0.0,
        0.0,
        0.0,
        null,
        0.08,
        0.0,
        null,
        null,
        0.16129032258064516,
        0.0,
        null,
        0.2,
        0.0,
        0.25,
        0.2,
        0.13043478260869565,
        0.08602150537634409,
        0.0,
        0.037037037037037035,
        0.21875,
        0.037037037037037035,
        0.5,
        0.0,
        0.06666666666666667,
        0.5,
        0.3333333333333333,
        0.14285714285714285,
        0.125,
        null,
        0.013157894736842105,
        0.5,
        0.75,
        0.125,
        0.0
    ],
    "ref_normal_samples": [
        "296C",
        "D239",
        "NP15",
        "THD0006",
        "BG9_3",
        "098C",
        "SAMN15153956",
        "VUHD92",
        "NP14",
        "LuT_437",
        "T166",
        "465C",
        "A47",
        "VUHD076",
        "NP39",
        "356C",
        "T121",
        "DD046Q",
        "A37",
        "Patient_1",
        "donor 2",
        "A44",
        "A40",
        "muc9833",
        "284C",
        "donor 3",
        "NP26",
        "D353",
        "D339"
    ],
    "que_normal_samples": [
        "D344",
        "T90",
        "A26",
        "2020-3173-NC007",
        "226C",
        "Donor_06",
        "THD0012",
        "GSM4593897",
        "NP27",
        "192C",
        "lafy_donor_4",
        "D326",
        "SAMN15153963",
        "QZY9VQng",
        "Donor_08",
        "T126",
        "NP22",
        "VUHD70",
        "GRO-03",
        "VUHD107",
        "muc4659",
        "muc3843",
        "BG9_33",
        "GRO-07",
        "THD0017",
        "dd39p",
        "368C",
        "NP11",
        "GRO-01",
        "NP35"
    ],
    "que_disease_samples": [
        "034I",
        "49I",
        "IPF1",
        "IPF2",
        "IPF_04",
        "TILD006",
        "138I",
        "158I",
        "225I",
        "041I",
        "IPF3",
        "222I",
        "228I",
        "210I",
        "29I",
        "TILD015",
        "177I",
        "59I",
        "145I",
        "212I",
        "053I",
        "Cryobiopsy_01",
        "VUILD63",
        "021I",
        "TILD001",
        "VUILD53"
    ],
    "que_samples": [
        "D344",
        "T90",
        "A26",
        "2020-3173-NC007",
        "226C",
        "Donor_06",
        "THD0012",
        "GSM4593897",
        "NP27",
        "192C",
        "lafy_donor_4",
        "D326",
        "SAMN15153963",
        "QZY9VQng",
        "Donor_08",
        "T126",
        "NP22",
        "VUHD70",
        "GRO-03",
        "VUHD107",
        "muc4659",
        "muc3843",
        "BG9_33",
        "GRO-07",
        "THD0017",
        "dd39p",
        "368C",
        "NP11",
        "GRO-01",
        "NP35",
        "034I",
        "49I",
        "IPF1",
        "IPF2",
        "IPF_04",
        "TILD006",
        "138I",
        "158I",
        "225I",
        "041I",
        "IPF3",
        "222I",
        "228I",
        "210I",
        "29I",
        "TILD015",
        "177I",
        "59I",
        "145I",
        "212I",
        "053I",
        "Cryobiopsy_01",
        "VUILD63",
        "021I",
        "TILD001",
        "VUILD53"
    ]
}