{
    "problem": "healthy-reference-Mast cells-500",
    "n_comps": 3.0,
    "optimal_k": 5.0,
    "optimal_p": 0.1,
    "ratio-limit": 0.075,
    "accuracy": 0.475,
    "precision": 0.5714285714285714,
    "recall": 0.18181818181818182,
    "f1": 0.27586206896551724,
    "outlier_ratio_ref_datasets": [
        0.0,
        0.0,
        0.0,
        0.0,
        null,
        null,
        0.05555555555555555,
        0.02,
        0.0,
        0.05782792665726375,
        0.025974025974025976,
        0.02702702702702703,
        0.0,
        0.0,
        0.5,
        0.0,
        null,
        0.0,
        0.013071895424836602,
        0.3333333333333333,
        0.0,
        0.0,
        null,
        0.075,
        null,
        null,
        0.0,
        0.0,
        0.04229607250755287
    ],
    "outlier_ratio_que_datasets": [
        0.019230769230769232,
        0.014341590612777053,
        null,
        0.025830258302583026,
        0.0,
        0.0,
        null,
        null,
        0.14285714285714285,
        0.0,
        null,
        0.1,
        null,
        0.0,
        0.04,
        0.0,
        0.0,
        0.0,
        0.0,
        0.0,
        null,
        null,
        0.0,
        0.0,
        null,
        null,
        null,
        null,
        0.125,
        null,
        0.015873015873015872,
        0.06451612903225806,
        null,
        0.05263157894736842,
        0.05714285714285714,
        0.00980392156862745,
        0.0,
        null,
        0.125,
        0.08695652173913043,
        0.0,
        0.078125,
        0.04,
        0.0,
        0.0,
        0.0,
        0.0,
        null,
        0.16666666666666666,
        0.0,
        0.0,
        0.0,
        0.0625,
        null,
        0.0,
        0.0
    ],
    "ref_normal_samples": [
        "NP11",
        "T166",
        "D353",
        "VUHD70",
        "VUHD076",
        "NP15",
        "muc4659",
        "368C",
        "THD0017",
        "muc9833",
        "DD046Q",
        "A26",
        "lafy_donor_4",
        "SAMN15153956",
        "098C",
        "D344",
        "GSM4593897",
        "A37",
        "donor 3",
        "QZY9VQng",
        "356C",
        "D339",
        "T90",
        "192C",
        "T121",
        "296C",
        "SAMN15153963",
        "226C",
        "A44"
    ],
    "que_normal_samples": [
        "A40",
        "donor 2",
        "2020-3173-NC007",
        "Patient_1",
        "Donor_06",
        "THD0012",
        "NP27",
        "D326",
        "465C",
        "A47",
        "Donor_08",
        "VUHD92",
        "T126",
        "NP22",
        "D239",
        "GRO-03",
        "VUHD107",
        "muc3843",
        "BG9_33",
        "GRO-07",
        "dd39p",
        "NP26",
        "NP14",
        "THD0006",
        "BG9_3",
        "GRO-01",
        "NP35",
        "LuT_437",
        "NP39",
        "284C"
    ],
    "que_disease_samples": [
        "VUILD60",
        "034I",
        "VUILD59",
        "166I",
        "TILD028",
        "IPF_02",
        "IPF_04",
        "123I",
        "TILD006",
        "158I",
        "041I",
        "222I",
        "022I",
        "210I",
        "59I",
        "212I",
        "VUILD65",
        "053I",
        "040I",
        "Cryobiopsy_01",
        "021I",
        "214I",
        "TILD001",
        "025I",
        "VUILD53",
        "VUILD64"
    ],
    "que_samples": [
        "A40",
        "donor 2",
        "2020-3173-NC007",
        "Patient_1",
        "Donor_06",
        "THD0012",
        "NP27",
        "D326",
        "465C",
        "A47",
        "Donor_08",
        "VUHD92",
        "T126",
        "NP22",
        "D239",
        "GRO-03",
        "VUHD107",
        "muc3843",
        "BG9_33",
        "GRO-07",
        "dd39p",
        "NP26",
        "NP14",
        "THD0006",
        "BG9_3",
        "GRO-01",
        "NP35",
        "LuT_437",
        "NP39",
        "284C",
        "VUILD60",
        "034I",
        "VUILD59",
        "166I",
        "TILD028",
        "IPF_02",
        "IPF_04",
        "123I",
        "TILD006",
        "158I",
        "041I",
        "222I",
        "022I",
        "210I",
        "59I",
        "212I",
        "VUILD65",
        "053I",
        "040I",
        "Cryobiopsy_01",
        "021I",
        "214I",
        "TILD001",
        "025I",
        "VUILD53",
        "VUILD64"
    ]
}