{
    "problem": "healthy-reference-Mast cells-600",
    "n_comps": 14.0,
    "optimal_k": 10.0,
    "optimal_p": 0.1,
    "ratio-limit": 0.0036900369003690036,
    "accuracy": 0.5476190476190477,
    "precision": 0.6111111111111112,
    "recall": 0.4782608695652174,
    "f1": 0.5365853658536586,
    "outlier_ratio_ref_datasets": [
        null,
        null,
        0.0,
        null,
        0.0036900369003690036,
        0.0,
        0.0,
        0.056417489421720736,
        0.3333333333333333,
        null,
        0.0,
        0.0,
        0.016129032258064516,
        null,
        0.02,
        0.0,
        0.0,
        0.0,
        0.125,
        0.0,
        0.0,
        null,
        0.0,
        0.0,
        0.0,
        0.0,
        0.0,
        0.001303780964797914,
        null
    ],
    "outlier_ratio_que_datasets": [
        0.0,
        0.5,
        0.0,
        0.05194805194805195,
        0.017429193899782137,
        0.00906344410876133,
        null,
        0.0,
        null,
        0.05,
        0.14285714285714285,
        0.0,
        null,
        0.0,
        null,
        0.0,
        0.0,
        0.0,
        0.0,
        null,
        0.0,
        null,
        0.02,
        0.0,
        0.0,
        null,
        null,
        null,
        null,
        null,
        0.04838709677419355,
        0.0,
        0.17647058823529413,
        0.0,
        null,
        0.1,
        0.0,
        0.0,
        0.03125,
        0.0,
        0.06666666666666667,
        0.0,
        0.021505376344086023,
        0.0,
        0.09259259259259259,
        0.0,
        0.25,
        0.07142857142857142,
        null,
        0.0,
        0.047619047619047616,
        0.0,
        0.0,
        0.0,
        0.125,
        null
    ],
    "ref_normal_samples": [
        "NP15",
        "D326",
        "muc4659",
        "T121",
        "Patient_1",
        "GRO-03",
        "A26",
        "muc9833",
        "QZY9VQng",
        "LuT_437",
        "A47",
        "D339",
        "THD0017",
        "T90",
        "D239",
        "BG9_33",
        "A40",
        "NP11",
        "NP39",
        "SAMN15153963",
        "lafy_donor_4",
        "2020-3173-NC007",
        "Donor_06",
        "GRO-07",
        "VUHD70",
        "SAMN15153956",
        "226C",
        "donor 2",
        "GSM4593897"
    ],
    "que_normal_samples": [
        "D344",
        "098C",
        "THD0012",
        "DD046Q",
        "donor 3",
        "A44",
        "NP27",
        "356C",
        "296C",
        "192C",
        "465C",
        "T166",
        "Donor_08",
        "VUHD92",
        "T126",
        "D353",
        "NP22",
        "VUHD107",
        "muc3843",
        "dd39p",
        "A37",
        "NP26",
        "368C",
        "NP14",
        "THD0006",
        "BG9_3",
        "GRO-01",
        "NP35",
        "VUHD076",
        "284C"
    ],
    "que_disease_samples": [
        "034I",
        "VUILD61",
        "IPF_03",
        "49I",
        "IPF1",
        "IPF2",
        "010I",
        "IPF_04",
        "157I",
        "TILD006",
        "138I",
        "158I",
        "225I",
        "041I",
        "IPF3",
        "TILD015",
        "177I",
        "145I",
        "053I",
        "Cryobiopsy_01",
        "135I",
        "VUILD63",
        "214I",
        "IPF_01",
        "TILD001",
        "025I"
    ],
    "que_samples": [
        "D344",
        "098C",
        "THD0012",
        "DD046Q",
        "donor 3",
        "A44",
        "NP27",
        "356C",
        "296C",
        "192C",
        "465C",
        "T166",
        "Donor_08",
        "VUHD92",
        "T126",
        "D353",
        "NP22",
        "VUHD107",
        "muc3843",
        "dd39p",
        "A37",
        "NP26",
        "368C",
        "NP14",
        "THD0006",
        "BG9_3",
        "GRO-01",
        "NP35",
        "VUHD076",
        "284C",
        "034I",
        "VUILD61",
        "IPF_03",
        "49I",
        "IPF1",
        "IPF2",
        "010I",
        "IPF_04",
        "157I",
        "TILD006",
        "138I",
        "158I",
        "225I",
        "041I",
        "IPF3",
        "TILD015",
        "177I",
        "145I",
        "053I",
        "Cryobiopsy_01",
        "135I",
        "VUILD63",
        "214I",
        "IPF_01",
        "TILD001",
        "025I"
    ]
}