{
    "problem": "healthy-reference-Mast cells-700",
    "n_comps": 20.0,
    "optimal_k": 14.0,
    "optimal_p": 0.04500000000000003,
    "ratio-limit": 0.25,
    "accuracy": 0.5609756097560976,
    "precision": 0.7777777777777778,
    "recall": 0.30434782608695654,
    "f1": 0.4375,
    "outlier_ratio_ref_datasets": [
        0.0,
        null,
        null,
        null,
        0.03225806451612903,
        0.12987012987012986,
        0.0,
        0.0,
        0.0,
        0.125,
        0.0,
        0.0,
        0.08,
        0.5,
        0.0,
        null,
        0.045317220543806644,
        0.0,
        0.027777777777777776,
        0.18181818181818182,
        0.0,
        0.0,
        0.0,
        0.02631578947368421,
        0.3333333333333333,
        0.25,
        null,
        null,
        0.0
    ],
    "outlier_ratio_que_datasets": [
        0.014341590612777053,
        0.0,
        null,
        0.02702702702702703,
        null,
        0.0,
        0.025830258302583026,
        0.04357298474945534,
        null,
        null,
        null,
        null,
        0.06666666666666667,
        0.21297602256699577,
        0.14285714285714285,
        0.0,
        1.0,
        null,
        0.1,
        0.07692307692307693,
        0.0,
        0.043478260869565216,
        0.0,
        null,
        0.04,
        null,
        null,
        null,
        null,
        0.3125,
        0.16,
        0.19047619047619047,
        0.05263157894736842,
        0.47058823529411764,
        0.0196078431372549,
        0.3,
        0.19047619047619047,
        1.0,
        0.09375,
        null,
        0.375,
        0.3333333333333333,
        0.0,
        0.08695652173913043,
        0.07692307692307693,
        0.06451612903225806,
        0.09523809523809523,
        0.05263157894736842,
        null,
        0.0,
        0.044444444444444446,
        0.0,
        0.125,
        null,
        0.3333333333333333,
        0.5
    ],
    "ref_normal_samples": [
        "Donor_06",
        "VUHD076",
        "GSM4593897",
        "T121",
        "THD0017",
        "DD046Q",
        "D353",
        "VUHD107",
        "THD0006",
        "192C",
        "A40",
        "GRO-03",
        "D239",
        "098C",
        "VUHD70",
        "284C",
        "A44",
        "lafy_donor_4",
        "muc4659",
        "356C",
        "THD0012",
        "NP11",
        "NP14",
        "muc3843",
        "QZY9VQng",
        "BG9_33",
        "dd39p",
        "T126",
        "D344"
    ],
    "que_normal_samples": [
        "donor 2",
        "D339",
        "T90",
        "A26",
        "2020-3173-NC007",
        "226C",
        "Patient_1",
        "donor 3",
        "NP15",
        "NP27",
        "296C",
        "D326",
        "SAMN15153963",
        "muc9833",
        "465C",
        "A47",
        "T166",
        "Donor_08",
        "VUHD92",
        "NP22",
        "SAMN15153956",
        "GRO-07",
        "A37",
        "NP26",
        "368C",
        "BG9_3",
        "GRO-01",
        "NP35",
        "LuT_437",
        "NP39"
    ],
    "que_disease_samples": [
        "051I",
        "VUILD60",
        "166I",
        "IPF_03",
        "IPF_02",
        "IPF2",
        "010I",
        "IPF_04",
        "157I",
        "123I",
        "TILD006",
        "138I",
        "063I",
        "158I",
        "209I",
        "225I",
        "221I",
        "179I",
        "053I",
        "040I",
        "174I",
        "214I",
        "IPF_01",
        "025I",
        "47I",
        "VUILD64"
    ],
    "que_samples": [
        "donor 2",
        "D339",
        "T90",
        "A26",
        "2020-3173-NC007",
        "226C",
        "Patient_1",
        "donor 3",
        "NP15",
        "NP27",
        "296C",
        "D326",
        "SAMN15153963",
        "muc9833",
        "465C",
        "A47",
        "T166",
        "Donor_08",
        "VUHD92",
        "NP22",
        "SAMN15153956",
        "GRO-07",
        "A37",
        "NP26",
        "368C",
        "BG9_3",
        "GRO-01",
        "NP35",
        "LuT_437",
        "NP39",
        "051I",
        "VUILD60",
        "166I",
        "IPF_03",
        "IPF_02",
        "IPF2",
        "010I",
        "IPF_04",
        "157I",
        "123I",
        "TILD006",
        "138I",
        "063I",
        "158I",
        "209I",
        "225I",
        "221I",
        "179I",
        "053I",
        "040I",
        "174I",
        "214I",
        "IPF_01",
        "025I",
        "47I",
        "VUILD64"
    ]
}