{
    "problem": "healthy-reference-Mast cells-800",
    "n_comps": 23.0,
    "optimal_k": 6.0,
    "optimal_p": 0.04000000000000003,
    "ratio-limit": 0.3076923076923077,
    "accuracy": 0.5116279069767442,
    "precision": 0.5714285714285714,
    "recall": 0.18181818181818182,
    "f1": 0.27586206896551724,
    "outlier_ratio_ref_datasets": [
        0.25,
        0.2,
        0.0,
        0.0,
        null,
        null,
        0.0,
        null,
        0.125,
        null,
        0.020860495436766623,
        null,
        0.16883116883116883,
        0.0,
        0.0,
        null,
        0.3076923076923077,
        0.04428044280442804,
        0.26,
        null,
        0.0,
        0.0,
        null,
        null,
        0.0,
        0.0,
        0.1,
        0.0,
        0.5
    ],
    "outlier_ratio_que_datasets": [
        0.038461538461538464,
        0.0,
        null,
        0.02702702702702703,
        null,
        0.0,
        null,
        0.06753812636165578,
        0.12386706948640483,
        null,
        null,
        0.18181818181818182,
        0.022727272727272728,
        0.06666666666666667,
        0.3610719322990127,
        1.0,
        0.14285714285714285,
        0.0,
        0.0,
        0.0,
        0.16666666666666666,
        0.02631578947368421,
        0.043478260869565216,
        0.08064516129032258,
        null,
        0.0,
        null,
        null,
        0.4375,
        null,
        0.20634920634920634,
        0.06451612903225806,
        null,
        0.2,
        0.5294117647058824,
        null,
        0.14285714285714285,
        0.5,
        0.375,
        0.043478260869565216,
        0.06451612903225806,
        0.0,
        0.1111111111111111,
        0.09375,
        0.1111111111111111,
        0.04,
        0.23809523809523808,
        0.05333333333333334,
        0.0,
        null,
        0.0,
        0.09523809523809523,
        0.0,
        null,
        0.0,
        0.5
    ],
    "ref_normal_samples": [
        "BG9_33",
        "VUHD92",
        "VUHD70",
        "D339",
        "Donor_08",
        "T121",
        "NP14",
        "T126",
        "192C",
        "dd39p",
        "donor 2",
        "VUHD076",
        "DD046Q",
        "VUHD107",
        "A37",
        "LuT_437",
        "NP22",
        "Patient_1",
        "D239",
        "D326",
        "A47",
        "THD0012",
        "BG9_3",
        "296C",
        "THD0006",
        "SAMN15153956",
        "368C",
        "Donor_06",
        "098C"
    ],
    "que_normal_samples": [
        "A40",
        "D344",
        "T90",
        "A26",
        "2020-3173-NC007",
        "226C",
        "GSM4593897",
        "donor 3",
        "A44",
        "NP15",
        "NP27",
        "356C",
        "lafy_donor_4",
        "SAMN15153963",
        "muc9833",
        "QZY9VQng",
        "465C",
        "T166",
        "D353",
        "GRO-03",
        "muc4659",
        "muc3843",
        "GRO-07",
        "THD0017",
        "NP26",
        "NP11",
        "GRO-01",
        "NP35",
        "NP39",
        "284C"
    ],
    "que_disease_samples": [
        "VUILD60",
        "034I",
        "VUILD59",
        "VUILD61",
        "IPF_03",
        "IPF1",
        "010I",
        "IPF_04",
        "TILD006",
        "158I",
        "225I",
        "041I",
        "IPF3",
        "222I",
        "228I",
        "022I",
        "221I",
        "TILD015",
        "212I",
        "053I",
        "Cryobiopsy_01",
        "135I",
        "VUILD63",
        "025I",
        "VUILD53",
        "VUILD64"
    ],
    "que_samples": [
        "A40",
        "D344",
        "T90",
        "A26",
        "2020-3173-NC007",
        "226C",
        "GSM4593897",
        "donor 3",
        "A44",
        "NP15",
        "NP27",
        "356C",
        "lafy_donor_4",
        "SAMN15153963",
        "muc9833",
        "QZY9VQng",
        "465C",
        "T166",
        "D353",
        "GRO-03",
        "muc4659",
        "muc3843",
        "GRO-07",
        "THD0017",
        "NP26",
        "NP11",
        "GRO-01",
        "NP35",
        "NP39",
        "284C",
        "VUILD60",
        "034I",
        "VUILD59",
        "VUILD61",
        "IPF_03",
        "IPF1",
        "010I",
        "IPF_04",
        "TILD006",
        "158I",
        "225I",
        "041I",
        "IPF3",
        "222I",
        "228I",
        "022I",
        "221I",
        "TILD015",
        "212I",
        "053I",
        "Cryobiopsy_01",
        "135I",
        "VUILD63",
        "025I",
        "VUILD53",
        "VUILD64"
    ]
}