{
    "problem": "healthy-reference-T cell lineage-0",
    "n_comps": 2.0,
    "optimal_k": 14.0,
    "optimal_p": 0.02500000000000002,
    "ratio-limit": 0.14583333333333334,
    "accuracy": 0.5384615384615384,
    "precision": 0.6666666666666666,
    "recall": 0.15384615384615385,
    "f1": 0.25,
    "outlier_ratio_ref_datasets": [
        0.027210884353741496,
        0.04046242774566474,
        0.043478260869565216,
        0.07410881801125703,
        0.06218905472636816,
        0.0,
        0.0,
        0.0382262996941896,
        0.0821917808219178,
        0.0,
        0.0,
        0.14583333333333334,
        0.125,
        0.08302169035153328,
        null,
        0.06716417910447761,
        0.04251700680272109,
        0.048879837067209775,
        0.05710814094775213,
        0.02336448598130841,
        null,
        null,
        0.044763513513513514,
        0.0,
        0.041666666666666664,
        null,
        0.03290129611166501,
        0.0,
        0.0
    ],
    "outlier_ratio_que_datasets": [
        0.0789980732177264,
        0.016129032258064516,
        0.0,
        0.0547008547008547,
        0.0,
        0.05,
        0.0,
        0.05329153605015674,
        0.046634072959759305,
        0.03819444444444445,
        0.1926605504587156,
        0.0248565965583174,
        0.03918722786647315,
        null,
        0.0,
        0.0,
        0.03303303303303303,
        0.029689608636977057,
        0.014492753623188406,
        0.05472636815920398,
        0.0,
        null,
        null,
        0.07971014492753623,
        null,
        0.25,
        0.0,
        0.008928571428571428,
        0.0,
        0.07352941176470588,
        0.03945111492281304,
        0.102803738317757,
        0.14545454545454545,
        0.05263157894736842,
        0.07954545454545454,
        0.08598726114649681,
        0.0650994575045208,
        0.07657657657657657,
        0.08333333333333333,
        0.029411764705882353,
        0.06150341685649203,
        0.09040590405904059,
        0.058823529411764705,
        0.21951219512195122,
        0.08292682926829269,
        0.06345177664974619,
        0.17647058823529413,
        0.0,
        0.06051873198847262,
        0.07014028056112225,
        0.07598784194528875,
        0.3125,
        0.14285714285714285,
        0.0,
        0.2,
        0.0
    ],
    "ref_normal_samples": [
        "NP35",
        "muc9833",
        "368C",
        "465C",
        "donor 2",
        "NP15",
        "T126",
        "VUHD92",
        "QZY9VQng",
        "296C",
        "Donor_08",
        "D326",
        "VUHD70",
        "DD046Q",
        "BG9_3",
        "226C",
        "356C",
        "GRO-07",
        "A26",
        "VUHD107",
        "GRO-01",
        "NP22",
        "Patient_1",
        "NP14",
        "muc4659",
        "T90",
        "lafy_donor_4",
        "NP39",
        "NP27"
    ],
    "que_normal_samples": [
        "A40",
        "D344",
        "D339",
        "098C",
        "2020-3173-NC007",
        "Donor_06",
        "THD0012",
        "GSM4593897",
        "donor 3",
        "A44",
        "192C",
        "SAMN15153963",
        "A47",
        "T121",
        "T166",
        "D353",
        "D239",
        "SAMN15153956",
        "GRO-03",
        "muc3843",
        "BG9_33",
        "THD0017",
        "dd39p",
        "A37",
        "NP26",
        "THD0006",
        "NP11",
        "LuT_437",
        "VUHD076",
        "284C"
    ],
    "que_disease_samples": [
        "VUILD60",
        "166I",
        "IPF_03",
        "IPF_02",
        "49I",
        "IPF2",
        "010I",
        "157I",
        "138I",
        "063I",
        "158I",
        "222I",
        "022I",
        "29I",
        "59I",
        "179I",
        "VUILD65",
        "TILD010",
        "Cryobiopsy_01",
        "135I",
        "VUILD63",
        "214I",
        "IPF_01",
        "TILD001",
        "025I",
        "VUILD64"
    ],
    "que_samples": [
        "A40",
        "D344",
        "D339",
        "098C",
        "2020-3173-NC007",
        "Donor_06",
        "THD0012",
        "GSM4593897",
        "donor 3",
        "A44",
        "192C",
        "SAMN15153963",
        "A47",
        "T121",
        "T166",
        "D353",
        "D239",
        "SAMN15153956",
        "GRO-03",
        "muc3843",
        "BG9_33",
        "THD0017",
        "dd39p",
        "A37",
        "NP26",
        "THD0006",
        "NP11",
        "LuT_437",
        "VUHD076",
        "284C",
        "VUILD60",
        "166I",
        "IPF_03",
        "IPF_02",
        "49I",
        "IPF2",
        "010I",
        "157I",
        "138I",
        "063I",
        "158I",
        "222I",
        "022I",
        "29I",
        "59I",
        "179I",
        "VUILD65",
        "TILD010",
        "Cryobiopsy_01",
        "135I",
        "VUILD63",
        "214I",
        "IPF_01",
        "TILD001",
        "025I",
        "VUILD64"
    ]
}