{
    "problem": "healthy-reference-T cell lineage-100",
    "n_comps": 4.0,
    "optimal_k": 15.0,
    "optimal_p": 0.035000000000000024,
    "ratio-limit": 0.12844036697247707,
    "accuracy": 0.5686274509803921,
    "precision": 0.8333333333333334,
    "recall": 0.19230769230769232,
    "f1": 0.3125,
    "outlier_ratio_ref_datasets": [
        0.0472972972972973,
        0.0,
        0.0,
        0.5,
        0.0,
        null,
        0.0547945205479452,
        0.10144927536231885,
        0.020833333333333332,
        0.04354136429608128,
        0.0,
        0.0,
        null,
        null,
        0.07179487179487179,
        0.09090909090909091,
        0.0,
        0.0,
        0.11667913238593867,
        0.0448654037886341,
        0.043249341857841295,
        0.0,
        0.041666666666666664,
        0.034013605442176874,
        0.0,
        0.03134796238244514,
        0.19444444444444445,
        0.032504780114722756,
        0.12844036697247707
    ],
    "outlier_ratio_que_datasets": [
        0.07996146435452794,
        0.03225806451612903,
        0.060945273631840796,
        null,
        0.03766707168894289,
        0.055970149253731345,
        0.11,
        0.08564814814814815,
        0.0,
        0.08333333333333333,
        0.04816955684007707,
        0.08161350844277673,
        null,
        0.0,
        0.06957186544342507,
        0.0,
        0.024024024024024024,
        0.033738191632928474,
        0.125,
        0.024154589371980676,
        0.014018691588785047,
        0.05970149253731343,
        0.0,
        0.04175152749490835,
        null,
        0.17391304347826086,
        0.0,
        null,
        null,
        0.017857142857142856,
        0.09424083769633508,
        0.07003891050583658,
        0.08482142857142858,
        0.06451612903225806,
        0.036613272311212815,
        0.4117647058823529,
        0.07352941176470588,
        0.0554290053151101,
        0.10264900662251655,
        0.0603448275862069,
        0.09951456310679611,
        0.0594059405940594,
        0.08695652173913043,
        0.09847878302642114,
        0.0440771349862259,
        0.1024390243902439,
        0.060832443970117396,
        0.11764705882352941,
        0.07880434782608696,
        0.08016032064128256,
        0.08054711246200608,
        0.25,
        0.13392857142857142,
        0.2,
        0.2,
        0.0
    ],
    "ref_normal_samples": [
        "Patient_1",
        "T166",
        "VUHD076",
        "NP14",
        "THD0012",
        "dd39p",
        "QZY9VQng",
        "A37",
        "D326",
        "A47",
        "T126",
        "2020-3173-NC007",
        "NP22",
        "NP26",
        "098C",
        "NP39",
        "NP15",
        "D339",
        "DD046Q",
        "lafy_donor_4",
        "donor 3",
        "296C",
        "muc4659",
        "NP35",
        "284C",
        "GSM4593897",
        "THD0006",
        "SAMN15153963",
        "192C"
    ],
    "que_normal_samples": [
        "A40",
        "D344",
        "donor 2",
        "T90",
        "A26",
        "226C",
        "Donor_06",
        "A44",
        "NP27",
        "356C",
        "muc9833",
        "465C",
        "T121",
        "Donor_08",
        "VUHD92",
        "D353",
        "D239",
        "SAMN15153956",
        "VUHD70",
        "GRO-03",
        "VUHD107",
        "muc3843",
        "BG9_33",
        "GRO-07",
        "THD0017",
        "368C",
        "NP11",
        "BG9_3",
        "GRO-01",
        "LuT_437"
    ],
    "que_disease_samples": [
        "034I",
        "VUILD59",
        "VUILD61",
        "TILD028",
        "IPF_02",
        "TILD006",
        "063I",
        "158I",
        "225I",
        "041I",
        "IPF3",
        "210I",
        "221I",
        "TILD015",
        "177I",
        "59I",
        "145I",
        "VUILD65",
        "040I",
        "135I",
        "VUILD63",
        "214I",
        "IPF_01",
        "025I",
        "VUILD53",
        "VUILD64"
    ],
    "que_samples": [
        "A40",
        "D344",
        "donor 2",
        "T90",
        "A26",
        "226C",
        "Donor_06",
        "A44",
        "NP27",
        "356C",
        "muc9833",
        "465C",
        "T121",
        "Donor_08",
        "VUHD92",
        "D353",
        "D239",
        "SAMN15153956",
        "VUHD70",
        "GRO-03",
        "VUHD107",
        "muc3843",
        "BG9_33",
        "GRO-07",
        "THD0017",
        "368C",
        "NP11",
        "BG9_3",
        "GRO-01",
        "LuT_437",
        "034I",
        "VUILD59",
        "VUILD61",
        "TILD028",
        "IPF_02",
        "TILD006",
        "063I",
        "158I",
        "225I",
        "041I",
        "IPF3",
        "210I",
        "221I",
        "TILD015",
        "177I",
        "59I",
        "145I",
        "VUILD65",
        "040I",
        "135I",
        "VUILD63",
        "214I",
        "IPF_01",
        "025I",
        "VUILD53",
        "VUILD64"
    ]
}