{
    "problem": "healthy-reference-T cell lineage-200",
    "n_comps": 6.0,
    "optimal_k": 12.0,
    "optimal_p": 0.049999999999999926,
    "ratio-limit": 0.125,
    "accuracy": 0.5283018867924528,
    "precision": 0.5384615384615384,
    "recall": 0.2692307692307692,
    "f1": 0.358974358974359,
    "outlier_ratio_ref_datasets": [
        0.06840796019900497,
        0.0,
        0.1630516080777861,
        null,
        null,
        0.0,
        0.05574324324324324,
        0.028037383177570093,
        0.0,
        0.08863198458574181,
        null,
        null,
        0.047619047619047616,
        0.07,
        null,
        0.008928571428571428,
        0.2222222222222222,
        0.051934826883910386,
        0.6,
        0.04625799172621286,
        0.03134796238244514,
        0.0,
        0.0,
        0.06358381502890173,
        0.020833333333333332,
        0.05103280680437424,
        0.0,
        0.04934687953555878,
        0.125
    ],
    "outlier_ratio_que_datasets": [
        0.25,
        null,
        0.07521367521367521,
        0.08582089552238806,
        0.0,
        0.11689814814814815,
        0.0,
        0.0824829931972789,
        0.14678899082568808,
        0.058823529411764705,
        0.04780114722753346,
        0.1506849315068493,
        0.08911819887429644,
        0.0,
        0.06422018348623854,
        0.0,
        0.0,
        null,
        0.042042042042042045,
        0.03913630229419703,
        0.043478260869565216,
        0.04975124378109453,
        0.0,
        0.2318840579710145,
        0.08695652173913043,
        1.0,
        0.0,
        null,
        0.18181818181818182,
        0.0,
        0.10461538461538461,
        0.08900523560209424,
        0.0622568093385214,
        0.03271028037383177,
        0.10714285714285714,
        0.06451612903225806,
        0.18789808917197454,
        0.14285714285714285,
        0.29411764705882354,
        0.1484375,
        0.05315110098709187,
        0.09602649006622517,
        0.24761904761904763,
        0.0803921568627451,
        0.06930693069306931,
        0.08695652173913043,
        0.2926829268292683,
        0.08292682926829269,
        0.07790821771611527,
        0.06609195402298851,
        0.0,
        0.10597826086956522,
        0.08018867924528301,
        0.07835051546391752,
        0.2,
        0.0
    ],
    "ref_normal_samples": [
        "donor 2",
        "VUHD076",
        "DD046Q",
        "NP26",
        "dd39p",
        "D344",
        "Patient_1",
        "VUHD107",
        "NP27",
        "A40",
        "THD0017",
        "T121",
        "NP35",
        "Donor_06",
        "GRO-01",
        "LuT_437",
        "THD0006",
        "GRO-07",
        "T166",
        "donor 3",
        "GSM4593897",
        "2020-3173-NC007",
        "296C",
        "muc9833",
        "D326",
        "A26",
        "muc4659",
        "A47",
        "VUHD70"
    ],
    "que_normal_samples": [
        "D339",
        "T90",
        "098C",
        "226C",
        "THD0012",
        "A44",
        "NP15",
        "356C",
        "192C",
        "lafy_donor_4",
        "SAMN15153963",
        "QZY9VQng",
        "465C",
        "Donor_08",
        "VUHD92",
        "T126",
        "D353",
        "NP22",
        "D239",
        "SAMN15153956",
        "GRO-03",
        "muc3843",
        "BG9_33",
        "A37",
        "368C",
        "NP14",
        "NP11",
        "BG9_3",
        "NP39",
        "284C"
    ],
    "que_disease_samples": [
        "051I",
        "034I",
        "VUILD59",
        "166I",
        "VUILD61",
        "TILD028",
        "IPF2",
        "IPF_04",
        "TILD006",
        "138I",
        "158I",
        "225I",
        "228I",
        "022I",
        "210I",
        "221I",
        "29I",
        "59I",
        "145I",
        "212I",
        "TILD010",
        "040I",
        "174I",
        "021I",
        "025I",
        "VUILD64"
    ],
    "que_samples": [
        "D339",
        "T90",
        "098C",
        "226C",
        "THD0012",
        "A44",
        "NP15",
        "356C",
        "192C",
        "lafy_donor_4",
        "SAMN15153963",
        "QZY9VQng",
        "465C",
        "Donor_08",
        "VUHD92",
        "T126",
        "D353",
        "NP22",
        "D239",
        "SAMN15153956",
        "GRO-03",
        "muc3843",
        "BG9_33",
        "A37",
        "368C",
        "NP14",
        "NP11",
        "BG9_3",
        "NP39",
        "284C",
        "051I",
        "034I",
        "VUILD59",
        "166I",
        "VUILD61",
        "TILD028",
        "IPF2",
        "IPF_04",
        "TILD006",
        "138I",
        "158I",
        "225I",
        "228I",
        "022I",
        "210I",
        "221I",
        "29I",
        "59I",
        "145I",
        "212I",
        "TILD010",
        "040I",
        "174I",
        "021I",
        "025I",
        "VUILD64"
    ]
}