{
    "problem": "healthy-reference-T cell lineage-300",
    "n_comps": 2.0,
    "optimal_k": 15.0,
    "optimal_p": 0.030000000000000023,
    "ratio-limit": 0.19444444444444445,
    "accuracy": 0.5882352941176471,
    "precision": 0.7777777777777778,
    "recall": 0.2692307692307692,
    "f1": 0.4,
    "outlier_ratio_ref_datasets": [
        0.00966183574879227,
        0.125,
        0.0,
        0.09730250481695568,
        0.04434250764525994,
        0.0,
        0.0,
        0.055152394775036286,
        0.04183535762483131,
        0.125,
        0.08,
        0.08695652173913043,
        0.0,
        0.0,
        0.04187437686939183,
        0.032504780114722756,
        0.19444444444444445,
        0.07835820895522388,
        0.041666666666666664,
        0.052083333333333336,
        0.08262454434993925,
        0.0,
        0.0,
        0.0,
        null,
        0.05612244897959184,
        null,
        null,
        0.0
    ],
    "outlier_ratio_que_datasets": [
        0.04838709677419355,
        0.07027363184079602,
        0.07179487179487179,
        0.0625,
        0.5,
        0.06583072100313479,
        0.09947643979057591,
        0.0613012410680707,
        0.0,
        0.0,
        0.0,
        0.25688073394495414,
        0.05973025048169557,
        0.0821917808219178,
        0.0947467166979362,
        null,
        0.0,
        0.03903903903903904,
        0.03271028037383177,
        0.06467661691542288,
        0.0,
        0.06619144602851323,
        null,
        null,
        0.08695652173913043,
        null,
        null,
        0.027210884353741496,
        0.03571428571428571,
        0.08823529411764706,
        0.10923076923076923,
        0.07551487414187644,
        0.09415584415584416,
        0.0,
        0.1021021021021021,
        0.10119047619047619,
        0.3235294117647059,
        0.058823529411764705,
        0.1291390728476821,
        0.06553398058252427,
        0.07920792079207921,
        0.24390243902439024,
        0.07162534435261708,
        0.0736392742796158,
        0.08629441624365482,
        0.07471264367816093,
        1.0,
        0.0660377358490566,
        0.08645533141210375,
        0.09619238476953908,
        0.3125,
        0.15178571428571427,
        0.3333333333333333,
        0.21428571428571427,
        0.23529411764705882,
        0.0
    ],
    "ref_normal_samples": [
        "GRO-03",
        "D326",
        "VUHD076",
        "A40",
        "VUHD92",
        "NP39",
        "D353",
        "A47",
        "SAMN15153956",
        "VUHD70",
        "Donor_06",
        "368C",
        "2020-3173-NC007",
        "NP11",
        "lafy_donor_4",
        "SAMN15153963",
        "THD0006",
        "226C",
        "muc4659",
        "A44",
        "A26",
        "T126",
        "NP14",
        "D339",
        "T90",
        "356C",
        "BG9_3",
        "NP22",
        "Donor_08"
    ],
    "que_normal_samples": [
        "D344",
        "donor 2",
        "098C",
        "Patient_1",
        "THD0012",
        "GSM4593897",
        "DD046Q",
        "donor 3",
        "NP15",
        "NP27",
        "296C",
        "192C",
        "muc9833",
        "QZY9VQng",
        "465C",
        "T121",
        "T166",
        "D239",
        "VUHD107",
        "muc3843",
        "BG9_33",
        "GRO-07",
        "THD0017",
        "dd39p",
        "A37",
        "NP26",
        "GRO-01",
        "NP35",
        "LuT_437",
        "284C"
    ],
    "que_disease_samples": [
        "051I",
        "IPF_02",
        "49I",
        "IPF1",
        "157I",
        "123I",
        "TILD006",
        "063I",
        "225I",
        "IPF3",
        "210I",
        "29I",
        "177I",
        "145I",
        "179I",
        "212I",
        "TILD010",
        "174I",
        "Cryobiopsy_01",
        "135I",
        "214I",
        "IPF_01",
        "TILD001",
        "025I",
        "47I",
        "VUILD64"
    ],
    "que_samples": [
        "D344",
        "donor 2",
        "098C",
        "Patient_1",
        "THD0012",
        "GSM4593897",
        "DD046Q",
        "donor 3",
        "NP15",
        "NP27",
        "296C",
        "192C",
        "muc9833",
        "QZY9VQng",
        "465C",
        "T121",
        "T166",
        "D239",
        "VUHD107",
        "muc3843",
        "BG9_33",
        "GRO-07",
        "THD0017",
        "dd39p",
        "A37",
        "NP26",
        "GRO-01",
        "NP35",
        "LuT_437",
        "284C",
        "051I",
        "IPF_02",
        "49I",
        "IPF1",
        "157I",
        "123I",
        "TILD006",
        "063I",
        "225I",
        "IPF3",
        "210I",
        "29I",
        "177I",
        "145I",
        "179I",
        "212I",
        "TILD010",
        "174I",
        "Cryobiopsy_01",
        "135I",
        "214I",
        "IPF_01",
        "TILD001",
        "025I",
        "47I",
        "VUILD64"
    ]
}