{
    "problem": "healthy-reference-T cell lineage-400",
    "n_comps": 4.0,
    "optimal_k": 15.0,
    "optimal_p": 0.035000000000000024,
    "ratio-limit": 0.1099476439790576,
    "accuracy": 0.5686274509803921,
    "precision": 0.75,
    "recall": 0.23076923076923078,
    "f1": 0.35294117647058826,
    "outlier_ratio_ref_datasets": [
        0.0,
        0.02702702702702703,
        0.0,
        0.19444444444444445,
        null,
        0.0547008547008547,
        0.032388663967611336,
        0.06345565749235474,
        0.0,
        0.008928571428571428,
        0.0,
        0.07129455909943715,
        0.04354136429608128,
        0.0,
        0.09090909090909091,
        0.08163265306122448,
        null,
        0.1099476439790576,
        0.10144927536231885,
        0.05067567567567568,
        0.06467661691542288,
        0.07060185185185185,
        0.06936416184971098,
        0.04816955684007707,
        0.0,
        0.04588191049266641,
        null,
        0.0,
        0.25
    ],
    "outlier_ratio_que_datasets": [
        0.04838709677419355,
        null,
        0.038882138517618466,
        0.0,
        0.04477611940298507,
        0.08,
        0.0,
        0.03134796238244514,
        0.0,
        0.10091743119266056,
        0.045862412761714856,
        0.0625,
        0.03441682600382409,
        0.0547945205479452,
        0.0,
        0.0,
        null,
        0.125,
        0.024154589371980676,
        0.02336448598130841,
        0.0,
        0.06965174129353234,
        0.0,
        0.048879837067209775,
        null,
        null,
        0.17391304347826086,
        0.07142857142857142,
        null,
        0.047619047619047616,
        0.07329842931937172,
        0.08279220779220779,
        0.0,
        0.12101910828025478,
        0.14285714285714285,
        0.38235294117647056,
        0.09375,
        0.0554290053151101,
        0.08609271523178808,
        0.0603448275862069,
        0.09951456310679611,
        0.07380073800738007,
        0.1,
        0.039603960396039604,
        0.24390243902439024,
        0.0976781425140112,
        0.04132231404958678,
        0.05365853658536585,
        0.0576307363927428,
        0.06609195402298851,
        0.07707910750507099,
        0.04610951008645533,
        0.07142857142857142,
        0.0577319587628866,
        0.3333333333333333,
        0.2
    ],
    "ref_normal_samples": [
        "296C",
        "D239",
        "NP15",
        "THD0006",
        "BG9_3",
        "098C",
        "SAMN15153956",
        "VUHD92",
        "NP14",
        "LuT_437",
        "T166",
        "465C",
        "A47",
        "VUHD076",
        "NP39",
        "356C",
        "T121",
        "DD046Q",
        "A37",
        "Patient_1",
        "donor 2",
        "A44",
        "A40",
        "muc9833",
        "284C",
        "donor 3",
        "NP26",
        "D353",
        "D339"
    ],
    "que_normal_samples": [
        "D344",
        "T90",
        "A26",
        "2020-3173-NC007",
        "226C",
        "Donor_06",
        "THD0012",
        "GSM4593897",
        "NP27",
        "192C",
        "lafy_donor_4",
        "D326",
        "SAMN15153963",
        "QZY9VQng",
        "Donor_08",
        "T126",
        "NP22",
        "VUHD70",
        "GRO-03",
        "VUHD107",
        "muc4659",
        "muc3843",
        "BG9_33",
        "GRO-07",
        "THD0017",
        "dd39p",
        "368C",
        "NP11",
        "GRO-01",
        "NP35"
    ],
    "que_disease_samples": [
        "034I",
        "49I",
        "IPF1",
        "IPF2",
        "IPF_04",
        "TILD006",
        "138I",
        "158I",
        "225I",
        "041I",
        "IPF3",
        "222I",
        "228I",
        "210I",
        "29I",
        "TILD015",
        "177I",
        "59I",
        "145I",
        "212I",
        "053I",
        "Cryobiopsy_01",
        "VUILD63",
        "021I",
        "TILD001",
        "VUILD53"
    ],
    "que_samples": [
        "D344",
        "T90",
        "A26",
        "2020-3173-NC007",
        "226C",
        "Donor_06",
        "THD0012",
        "GSM4593897",
        "NP27",
        "192C",
        "lafy_donor_4",
        "D326",
        "SAMN15153963",
        "QZY9VQng",
        "Donor_08",
        "T126",
        "NP22",
        "VUHD70",
        "GRO-03",
        "VUHD107",
        "muc4659",
        "muc3843",
        "BG9_33",
        "GRO-07",
        "THD0017",
        "dd39p",
        "368C",
        "NP11",
        "GRO-01",
        "NP35",
        "034I",
        "49I",
        "IPF1",
        "IPF2",
        "IPF_04",
        "TILD006",
        "138I",
        "158I",
        "225I",
        "041I",
        "IPF3",
        "222I",
        "228I",
        "210I",
        "29I",
        "TILD015",
        "177I",
        "59I",
        "145I",
        "212I",
        "053I",
        "Cryobiopsy_01",
        "VUILD63",
        "021I",
        "TILD001",
        "VUILD53"
    ]
}