{
    "problem": "healthy-reference-T cell lineage-500",
    "n_comps": 15.0,
    "optimal_k": 15.0,
    "optimal_p": 0.1,
    "ratio-limit": 0.3333333333333333,
    "accuracy": 0.47058823529411764,
    "precision": 0.42857142857142855,
    "recall": 0.11538461538461539,
    "f1": 0.18181818181818182,
    "outlier_ratio_ref_datasets": [
        0.07142857142857142,
        0.8,
        0.0,
        0.0,
        0.0,
        0.3333333333333333,
        0.0,
        0.13043478260869565,
        null,
        0.18304431599229287,
        0.2700074794315632,
        0.0850546780072904,
        0.07577268195413758,
        0.0620782726045884,
        0.08376068376068375,
        0.1774193548387097,
        0.02821316614420063,
        0.15217391304347827,
        0.050770966528770216,
        0.3287671232876712,
        0.08333333333333333,
        0.0,
        null,
        0.07339449541284404,
        null,
        0.5,
        0.05162523900573614,
        0.08208955223880597,
        0.1076388888888889
    ],
    "outlier_ratio_que_datasets": [
        0.09344894026974952,
        0.06467661691542288,
        0.0,
        0.07516891891891891,
        0.07,
        0.5,
        0.0,
        0.020833333333333332,
        0.09662288930581614,
        0.06386066763425254,
        0.0,
        0.07874617737003058,
        0.0,
        null,
        0.12012012012012012,
        0.043478260869565216,
        0.04672897196261682,
        0.04975124378109453,
        0.0,
        0.05804480651731161,
        null,
        null,
        1.0,
        0.3611111111111111,
        null,
        null,
        0.034013605442176874,
        0.13392857142857142,
        0.4090909090909091,
        0.058823529411764705,
        0.13036020583190394,
        0.08900523560209424,
        0.10505836575875487,
        0.0514018691588785,
        0.10967741935483871,
        0.07551487414187644,
        0.8571428571428571,
        0.13690476190476192,
        0.6764705882352942,
        0.06226271829916477,
        0.0603448275862069,
        0.06918819188191883,
        0.08235294117647059,
        0.12376237623762376,
        0.03414634146341464,
        0.07471264367816093,
        0.11764705882352941,
        0.058823529411764705,
        0.06521739130434782,
        0.07492795389048991,
        0.0865979381443299,
        0.25,
        0.3333333333333333,
        0.22857142857142856,
        0.4,
        0.25
    ],
    "ref_normal_samples": [
        "NP11",
        "T166",
        "D353",
        "VUHD70",
        "VUHD076",
        "NP15",
        "muc4659",
        "368C",
        "THD0017",
        "muc9833",
        "DD046Q",
        "A26",
        "lafy_donor_4",
        "SAMN15153956",
        "098C",
        "D344",
        "GSM4593897",
        "A37",
        "donor 3",
        "QZY9VQng",
        "356C",
        "D339",
        "T90",
        "192C",
        "T121",
        "296C",
        "SAMN15153963",
        "226C",
        "A44"
    ],
    "que_normal_samples": [
        "A40",
        "donor 2",
        "2020-3173-NC007",
        "Patient_1",
        "Donor_06",
        "THD0012",
        "NP27",
        "D326",
        "465C",
        "A47",
        "Donor_08",
        "VUHD92",
        "T126",
        "NP22",
        "D239",
        "GRO-03",
        "VUHD107",
        "muc3843",
        "BG9_33",
        "GRO-07",
        "dd39p",
        "NP26",
        "NP14",
        "THD0006",
        "BG9_3",
        "GRO-01",
        "NP35",
        "LuT_437",
        "NP39",
        "284C"
    ],
    "que_disease_samples": [
        "VUILD60",
        "034I",
        "VUILD59",
        "166I",
        "TILD028",
        "IPF_02",
        "IPF_04",
        "123I",
        "TILD006",
        "158I",
        "041I",
        "222I",
        "022I",
        "210I",
        "59I",
        "212I",
        "VUILD65",
        "053I",
        "040I",
        "Cryobiopsy_01",
        "021I",
        "214I",
        "TILD001",
        "025I",
        "VUILD53",
        "VUILD64"
    ],
    "que_samples": [
        "A40",
        "donor 2",
        "2020-3173-NC007",
        "Patient_1",
        "Donor_06",
        "THD0012",
        "NP27",
        "D326",
        "465C",
        "A47",
        "Donor_08",
        "VUHD92",
        "T126",
        "NP22",
        "D239",
        "GRO-03",
        "VUHD107",
        "muc3843",
        "BG9_33",
        "GRO-07",
        "dd39p",
        "NP26",
        "NP14",
        "THD0006",
        "BG9_3",
        "GRO-01",
        "NP35",
        "LuT_437",
        "NP39",
        "284C",
        "VUILD60",
        "034I",
        "VUILD59",
        "166I",
        "TILD028",
        "IPF_02",
        "IPF_04",
        "123I",
        "TILD006",
        "158I",
        "041I",
        "222I",
        "022I",
        "210I",
        "59I",
        "212I",
        "VUILD65",
        "053I",
        "040I",
        "Cryobiopsy_01",
        "021I",
        "214I",
        "TILD001",
        "025I",
        "VUILD53",
        "VUILD64"
    ]
}