{
    "problem": "healthy-reference-T cell lineage-600",
    "n_comps": 12.0,
    "optimal_k": 5.0,
    "optimal_p": 0.04500000000000003,
    "ratio-limit": 0.125,
    "accuracy": 0.6470588235294118,
    "precision": 0.7222222222222222,
    "recall": 0.5,
    "f1": 0.5909090909090909,
    "outlier_ratio_ref_datasets": [
        0.0,
        0.020833333333333332,
        0.041666666666666664,
        null,
        0.06503378378378379,
        0.024154589371980676,
        0.07047387606318348,
        0.12138728323699421,
        0.2191780821917808,
        0.0625,
        0.0420899854862119,
        0.0,
        null,
        null,
        0.08108108108108109,
        0.0,
        0.06936416184971098,
        0.14285714285714285,
        0.09090909090909091,
        0.03824091778202677,
        0.05284147557328016,
        0.0,
        0.05,
        0.03971486761710794,
        0.125,
        0.03913630229419703,
        0.06716417910447761,
        0.055970149253731345,
        0.025078369905956112
    ],
    "outlier_ratio_que_datasets": [
        0.016129032258064516,
        0.05641025641025641,
        0.0,
        0.2131637995512341,
        0.04550582925911997,
        0.10416666666666667,
        0.0,
        0.06377551020408163,
        0.0,
        0.08256880733944955,
        0.07598499061913697,
        0.6,
        0.0,
        0.06651376146788991,
        0.0,
        0.0,
        null,
        0.037383177570093455,
        0.024875621890547265,
        null,
        0.15217391304347827,
        null,
        0.08695652173913043,
        0.5,
        0.25,
        null,
        null,
        0.027210884353741496,
        0.0,
        0.029411764705882353,
        0.06806282722513089,
        0.09821428571428571,
        0.2545454545454545,
        0.056818181818181816,
        0.5,
        0.2197452229299363,
        0.0922242314647378,
        0.5,
        0.05555555555555555,
        0.4411764705882353,
        0.15885416666666666,
        0.051632498101746395,
        0.0695364238410596,
        0.05603448275862069,
        0.2087378640776699,
        0.14171337069655723,
        0.07713498622589532,
        0.0736392742796158,
        0.06896551724137931,
        0.05763688760806916,
        0.08817635270541083,
        0.1519756838905775,
        0.25,
        0.17857142857142858,
        0.3333333333333333,
        0.15714285714285714
    ],
    "ref_normal_samples": [
        "NP15",
        "D326",
        "muc4659",
        "T121",
        "Patient_1",
        "GRO-03",
        "A26",
        "muc9833",
        "QZY9VQng",
        "LuT_437",
        "A47",
        "D339",
        "THD0017",
        "T90",
        "D239",
        "BG9_33",
        "A40",
        "NP11",
        "NP39",
        "SAMN15153963",
        "lafy_donor_4",
        "2020-3173-NC007",
        "Donor_06",
        "GRO-07",
        "VUHD70",
        "SAMN15153956",
        "226C",
        "donor 2",
        "GSM4593897"
    ],
    "que_normal_samples": [
        "D344",
        "098C",
        "THD0012",
        "DD046Q",
        "donor 3",
        "A44",
        "NP27",
        "356C",
        "296C",
        "192C",
        "465C",
        "T166",
        "Donor_08",
        "VUHD92",
        "T126",
        "D353",
        "NP22",
        "VUHD107",
        "muc3843",
        "dd39p",
        "A37",
        "NP26",
        "368C",
        "NP14",
        "THD0006",
        "BG9_3",
        "GRO-01",
        "NP35",
        "VUHD076",
        "284C"
    ],
    "que_disease_samples": [
        "034I",
        "VUILD61",
        "IPF_03",
        "49I",
        "IPF1",
        "IPF2",
        "010I",
        "IPF_04",
        "157I",
        "TILD006",
        "138I",
        "158I",
        "225I",
        "041I",
        "IPF3",
        "TILD015",
        "177I",
        "145I",
        "053I",
        "Cryobiopsy_01",
        "135I",
        "VUILD63",
        "214I",
        "IPF_01",
        "TILD001",
        "025I"
    ],
    "que_samples": [
        "D344",
        "098C",
        "THD0012",
        "DD046Q",
        "donor 3",
        "A44",
        "NP27",
        "356C",
        "296C",
        "192C",
        "465C",
        "T166",
        "Donor_08",
        "VUHD92",
        "T126",
        "D353",
        "NP22",
        "VUHD107",
        "muc3843",
        "dd39p",
        "A37",
        "NP26",
        "368C",
        "NP14",
        "THD0006",
        "BG9_3",
        "GRO-01",
        "NP35",
        "VUHD076",
        "284C",
        "034I",
        "VUILD61",
        "IPF_03",
        "49I",
        "IPF1",
        "IPF2",
        "010I",
        "IPF_04",
        "157I",
        "TILD006",
        "138I",
        "158I",
        "225I",
        "041I",
        "IPF3",
        "TILD015",
        "177I",
        "145I",
        "053I",
        "Cryobiopsy_01",
        "135I",
        "VUILD63",
        "214I",
        "IPF_01",
        "TILD001",
        "025I"
    ]
}