{
    "problem": "healthy-reference-T cell lineage-700",
    "n_comps": 2.0,
    "optimal_k": 15.0,
    "optimal_p": 0.030000000000000023,
    "ratio-limit": 0.125,
    "accuracy": 0.6078431372549019,
    "precision": 0.875,
    "recall": 0.2692307692307692,
    "f1": 0.4117647058823529,
    "outlier_ratio_ref_datasets": [
        0.05,
        0.0,
        0.05956112852664577,
        null,
        null,
        0.08900523560209424,
        0.0,
        0.02336448598130841,
        0.19444444444444445,
        0.1651376146788991,
        0.07321772639691715,
        0.014492753623188406,
        0.042042042042042045,
        0.06153846153846154,
        0.125,
        0.04411764705882353,
        0.03935185185185185,
        0.036889332003988036,
        0.0,
        0.047619047619047616,
        0.0,
        0.0,
        0.0,
        0.06467661691542288,
        0.0547945205479452,
        0.0,
        null,
        0.0,
        0.016129032258064516
    ],
    "outlier_ratio_que_datasets": [
        0.05783582089552239,
        0.0,
        null,
        0.06804374240583232,
        0.0,
        0.05970149253731343,
        0.0464527027027027,
        0.05829259119969914,
        0.0,
        0.0,
        0.0,
        0.20833333333333334,
        0.03441682600382409,
        0.06358381502890173,
        0.07410881801125703,
        0.03773584905660377,
        0.0,
        0.0,
        0.04281345565749235,
        null,
        0.048582995951417005,
        0.05091649694501019,
        0.07246376811594203,
        null,
        0.043478260869565216,
        null,
        null,
        0.04081632653061224,
        0.017857142857142856,
        0.0,
        0.09076923076923077,
        0.060034305317324184,
        0.07476635514018691,
        0.2,
        0.08009153318077804,
        0.09554140127388536,
        0.06871609403254973,
        0.2857142857142857,
        0.08408408408408409,
        0.08928571428571429,
        0.29411764705882354,
        0.09375,
        0.058823529411764705,
        0.06150341685649203,
        0.058823529411764705,
        0.10596026490066225,
        0.0821256038647343,
        0.07106598984771574,
        0.11561866125760649,
        0.09510869565217392,
        0.059748427672955975,
        0.3125,
        0.16071428571428573,
        0.17142857142857143,
        0.2222222222222222,
        0.0625
    ],
    "ref_normal_samples": [
        "Donor_06",
        "VUHD076",
        "GSM4593897",
        "T121",
        "THD0017",
        "DD046Q",
        "D353",
        "VUHD107",
        "THD0006",
        "192C",
        "A40",
        "GRO-03",
        "D239",
        "098C",
        "VUHD70",
        "284C",
        "A44",
        "lafy_donor_4",
        "muc4659",
        "356C",
        "THD0012",
        "NP11",
        "NP14",
        "muc3843",
        "QZY9VQng",
        "BG9_33",
        "dd39p",
        "T126",
        "D344"
    ],
    "que_normal_samples": [
        "donor 2",
        "D339",
        "T90",
        "A26",
        "2020-3173-NC007",
        "226C",
        "Patient_1",
        "donor 3",
        "NP15",
        "NP27",
        "296C",
        "D326",
        "SAMN15153963",
        "muc9833",
        "465C",
        "A47",
        "T166",
        "Donor_08",
        "VUHD92",
        "NP22",
        "SAMN15153956",
        "GRO-07",
        "A37",
        "NP26",
        "368C",
        "BG9_3",
        "GRO-01",
        "NP35",
        "LuT_437",
        "NP39"
    ],
    "que_disease_samples": [
        "051I",
        "VUILD60",
        "166I",
        "IPF_03",
        "IPF_02",
        "IPF2",
        "010I",
        "IPF_04",
        "157I",
        "123I",
        "TILD006",
        "138I",
        "063I",
        "158I",
        "209I",
        "225I",
        "221I",
        "179I",
        "053I",
        "040I",
        "174I",
        "214I",
        "IPF_01",
        "025I",
        "47I",
        "VUILD64"
    ],
    "que_samples": [
        "donor 2",
        "D339",
        "T90",
        "A26",
        "2020-3173-NC007",
        "226C",
        "Patient_1",
        "donor 3",
        "NP15",
        "NP27",
        "296C",
        "D326",
        "SAMN15153963",
        "muc9833",
        "465C",
        "A47",
        "T166",
        "Donor_08",
        "VUHD92",
        "NP22",
        "SAMN15153956",
        "GRO-07",
        "A37",
        "NP26",
        "368C",
        "BG9_3",
        "GRO-01",
        "NP35",
        "LuT_437",
        "NP39",
        "051I",
        "VUILD60",
        "166I",
        "IPF_03",
        "IPF_02",
        "IPF2",
        "010I",
        "IPF_04",
        "157I",
        "123I",
        "TILD006",
        "138I",
        "063I",
        "158I",
        "209I",
        "225I",
        "221I",
        "179I",
        "053I",
        "040I",
        "174I",
        "214I",
        "IPF_01",
        "025I",
        "47I",
        "VUILD64"
    ]
}