{
    "problem": "healthy-reference-T cell lineage-800",
    "n_comps": 4.0,
    "optimal_k": 13.0,
    "optimal_p": 0.04500000000000003,
    "ratio-limit": 0.2222222222222222,
    "accuracy": 0.5192307692307693,
    "precision": 1.0,
    "recall": 0.038461538461538464,
    "f1": 0.07407407407407407,
    "outlier_ratio_ref_datasets": [
        0.0,
        0.06574923547400612,
        0.125,
        0.0,
        0.0,
        null,
        0.0,
        0.0,
        0.12844036697247707,
        null,
        0.07649253731343283,
        0.0,
        0.1211667913238594,
        0.02336448598130841,
        0.09420289855072464,
        0.017857142857142856,
        null,
        0.05067567567567568,
        0.03303303303303303,
        0.041666666666666664,
        0.04499274310595065,
        0.5,
        null,
        0.0,
        0.2222222222222222,
        0.04588394062078273,
        0.17391304347826086,
        0.07,
        0.06666666666666667
    ],
    "outlier_ratio_que_datasets": [
        0.08477842003853564,
        0.03225806451612903,
        null,
        0.041312272174969626,
        0.0,
        0.055970149253731345,
        0.02821316614420063,
        0.05114704776231666,
        0.0787037037037037,
        0.0,
        0.0,
        0.09863945578231292,
        0.0518444666001994,
        0.04206500956022945,
        0.05973025048169557,
        0.0547945205479452,
        0.08911819887429644,
        0.0,
        0.0,
        0.014492753623188406,
        0.041666666666666664,
        0.07462686567164178,
        0.054989816700611,
        null,
        null,
        0.07142857142857142,
        null,
        0.05442176870748299,
        0.09090909090909091,
        0.029411764705882353,
        0.07375643224699828,
        0.09424083769633508,
        0.058365758754863814,
        0.10267857142857142,
        0.16363636363636364,
        0.0,
        0.08318264014466546,
        0.14285714285714285,
        0.38235294117647056,
        0.05770690964312832,
        0.09602649006622517,
        0.08189655172413793,
        0.10194174757281553,
        0.08579335793357934,
        0.11428571428571428,
        0.0784313725490196,
        0.09178743961352658,
        0.10968775020016013,
        0.08045977011494253,
        0.0872210953346856,
        0.040345821325648415,
        0.09018036072144289,
        0.07446808510638298,
        0.18571428571428572,
        0.2,
        0.0625
    ],
    "ref_normal_samples": [
        "BG9_33",
        "VUHD92",
        "VUHD70",
        "D339",
        "Donor_08",
        "T121",
        "NP14",
        "T126",
        "192C",
        "dd39p",
        "donor 2",
        "VUHD076",
        "DD046Q",
        "VUHD107",
        "A37",
        "LuT_437",
        "NP22",
        "Patient_1",
        "D239",
        "D326",
        "A47",
        "THD0012",
        "BG9_3",
        "296C",
        "THD0006",
        "SAMN15153956",
        "368C",
        "Donor_06",
        "098C"
    ],
    "que_normal_samples": [
        "A40",
        "D344",
        "T90",
        "A26",
        "2020-3173-NC007",
        "226C",
        "GSM4593897",
        "donor 3",
        "A44",
        "NP15",
        "NP27",
        "356C",
        "lafy_donor_4",
        "SAMN15153963",
        "muc9833",
        "QZY9VQng",
        "465C",
        "T166",
        "D353",
        "GRO-03",
        "muc4659",
        "muc3843",
        "GRO-07",
        "THD0017",
        "NP26",
        "NP11",
        "GRO-01",
        "NP35",
        "NP39",
        "284C"
    ],
    "que_disease_samples": [
        "VUILD60",
        "034I",
        "VUILD59",
        "VUILD61",
        "IPF_03",
        "IPF1",
        "010I",
        "IPF_04",
        "TILD006",
        "158I",
        "225I",
        "041I",
        "IPF3",
        "222I",
        "228I",
        "022I",
        "221I",
        "TILD015",
        "212I",
        "053I",
        "Cryobiopsy_01",
        "135I",
        "VUILD63",
        "025I",
        "VUILD53",
        "VUILD64"
    ],
    "que_samples": [
        "A40",
        "D344",
        "T90",
        "A26",
        "2020-3173-NC007",
        "226C",
        "GSM4593897",
        "donor 3",
        "A44",
        "NP15",
        "NP27",
        "356C",
        "lafy_donor_4",
        "SAMN15153963",
        "muc9833",
        "QZY9VQng",
        "465C",
        "T166",
        "D353",
        "GRO-03",
        "muc4659",
        "muc3843",
        "GRO-07",
        "THD0017",
        "NP26",
        "NP11",
        "GRO-01",
        "NP35",
        "NP39",
        "284C",
        "VUILD60",
        "034I",
        "VUILD59",
        "VUILD61",
        "IPF_03",
        "IPF1",
        "010I",
        "IPF_04",
        "TILD006",
        "158I",
        "225I",
        "041I",
        "IPF3",
        "222I",
        "228I",
        "022I",
        "221I",
        "TILD015",
        "212I",
        "053I",
        "Cryobiopsy_01",
        "135I",
        "VUILD63",
        "025I",
        "VUILD53",
        "VUILD64"
    ]
}