{
    "problem": "healthy-reference-T cell lineage-900",
    "n_comps": 3.0,
    "optimal_k": 15.0,
    "optimal_p": 0.035000000000000024,
    "ratio-limit": 0.16,
    "accuracy": 0.5882352941176471,
    "precision": 0.7272727272727273,
    "recall": 0.3076923076923077,
    "f1": 0.43243243243243246,
    "outlier_ratio_ref_datasets": [
        0.02336448598130841,
        0.06807070327190673,
        0.03441682600382409,
        0.043478260869565216,
        0.061968408262454436,
        0.0,
        0.08888888888888889,
        null,
        0.0625,
        0.13768115942028986,
        0.049850448654037885,
        0.25,
        0.16,
        null,
        0.0,
        0.03903903903903904,
        0.05660377358490566,
        0.0,
        0.07482993197278912,
        0.055876685934489405,
        0.16666666666666666,
        0.04183535762483131,
        0.0,
        0.0,
        0.08955223880597014,
        0.008928571428571428,
        0.0625,
        null,
        0.0
    ],
    "outlier_ratio_que_datasets": [
        0.09248554913294797,
        0.0967741935483871,
        0.07960199004975124,
        null,
        0.08208955223880597,
        0.07601351351351351,
        0.0,
        0.047021943573667714,
        0.10620792819745699,
        0.0,
        0.0,
        0.1926605504587156,
        0.1095890410958904,
        0.10412757973733583,
        0.6666666666666666,
        0.0581039755351682,
        0.0,
        null,
        0.125,
        0.01932367149758454,
        0.0,
        0.05804480651731161,
        null,
        0.0,
        0.2857142857142857,
        null,
        null,
        0.11564625850340136,
        0.09090909090909091,
        0.058823529411764705,
        0.051457975986277875,
        0.09947643979057591,
        0.058365758754863814,
        0.0794392523364486,
        0.05263157894736842,
        0.10064935064935066,
        0.1021021021021021,
        0.38235294117647056,
        0.09895833333333333,
        0.08823529411764706,
        0.06226271829916477,
        0.0784313725490196,
        0.12380952380952381,
        0.07254901960784314,
        0.05509641873278237,
        0.08375634517766498,
        0.17647058823529413,
        0.5,
        0.10326086956521739,
        0.06628242074927954,
        0.375,
        0.17857142857142858,
        0.0,
        0.18571428571428572,
        0.27450980392156865,
        0.2
    ],
    "ref_normal_samples": [
        "VUHD107",
        "donor 3",
        "SAMN15153963",
        "368C",
        "A26",
        "BG9_33",
        "098C",
        "THD0017",
        "A44",
        "A37",
        "lafy_donor_4",
        "D339",
        "Donor_06",
        "T121",
        "VUHD076",
        "D239",
        "A47",
        "D353",
        "356C",
        "muc9833",
        "THD0006",
        "SAMN15153956",
        "2020-3173-NC007",
        "T166",
        "muc3843",
        "LuT_437",
        "D326",
        "NP26",
        "NP15"
    ],
    "que_normal_samples": [
        "A40",
        "D344",
        "donor 2",
        "T90",
        "226C",
        "Patient_1",
        "THD0012",
        "GSM4593897",
        "DD046Q",
        "NP27",
        "296C",
        "192C",
        "QZY9VQng",
        "465C",
        "Donor_08",
        "VUHD92",
        "T126",
        "NP22",
        "VUHD70",
        "GRO-03",
        "muc4659",
        "GRO-07",
        "dd39p",
        "NP14",
        "NP11",
        "BG9_3",
        "GRO-01",
        "NP35",
        "NP39",
        "284C"
    ],
    "que_disease_samples": [
        "VUILD60",
        "034I",
        "VUILD59",
        "166I",
        "IPF_02",
        "49I",
        "157I",
        "TILD006",
        "138I",
        "063I",
        "158I",
        "209I",
        "228I",
        "022I",
        "177I",
        "179I",
        "VUILD65",
        "TILD010",
        "040I",
        "Cryobiopsy_01",
        "214I",
        "IPF_01",
        "TILD001",
        "025I",
        "47I",
        "VUILD53"
    ],
    "que_samples": [
        "A40",
        "D344",
        "donor 2",
        "T90",
        "226C",
        "Patient_1",
        "THD0012",
        "GSM4593897",
        "DD046Q",
        "NP27",
        "296C",
        "192C",
        "QZY9VQng",
        "465C",
        "Donor_08",
        "VUHD92",
        "T126",
        "NP22",
        "VUHD70",
        "GRO-03",
        "muc4659",
        "GRO-07",
        "dd39p",
        "NP14",
        "NP11",
        "BG9_3",
        "GRO-01",
        "NP35",
        "NP39",
        "284C",
        "VUILD60",
        "034I",
        "VUILD59",
        "166I",
        "IPF_02",
        "49I",
        "157I",
        "TILD006",
        "138I",
        "063I",
        "158I",
        "209I",
        "228I",
        "022I",
        "177I",
        "179I",
        "VUILD65",
        "TILD010",
        "040I",
        "Cryobiopsy_01",
        "214I",
        "IPF_01",
        "TILD001",
        "025I",
        "47I",
        "VUILD53"
    ]
}