{
    "problem": "healthy-reference-Lymphatic EC mature-100",
    "n_comps": 10.0,
    "optimal_k": 15.0,
    "optimal_p": 0.1,
    "ratio-limit": 0.034482758620689655,
    "accuracy": 0.4318181818181818,
    "precision": 0.5714285714285714,
    "recall": 0.15384615384615385,
    "f1": 0.24242424242424243,
    "outlier_ratio_ref_datasets": [
        0.005649717514124294,
        null,
        0.0,
        null,
        0.0,
        null,
        0.4,
        0.02064896755162242,
        null,
        null,
        null,
        null,
        null,
        null,
        0.013333333333333334,
        0.3333333333333333,
        null,
        0.0,
        0.017543859649122806,
        0.0,
        0.015151515151515152,
        0.034482758620689655,
        null,
        null,
        null,
        null,
        0.0,
        null,
        0.012658227848101266
    ],
    "outlier_ratio_que_datasets": [
        0.18181818181818182,
        0.0,
        0.016,
        null,
        0.0593607305936073,
        0.0,
        0.0,
        0.027777777777777776,
        null,
        0.0,
        0.0,
        0.0,
        null,
        0.0,
        0.05263157894736842,
        null,
        0.02857142857142857,
        null,
        0.0,
        null,
        0.0,
        0.0,
        null,
        null,
        0.0,
        0.0,
        null,
        null,
        null,
        null,
        0.013888888888888888,
        0.03319502074688797,
        0.3333333333333333,
        0.0,
        0.0,
        0.0,
        0.041666666666666664,
        0.0,
        0.10714285714285714,
        0.0,
        0.0,
        0.0,
        0.0,
        0.07142857142857142,
        0.0,
        0.0,
        0.0,
        0.0,
        0.0196078431372549,
        0.0,
        0.0,
        0.0,
        0.0,
        0.0,
        0.0,
        0.0
    ],
    "ref_normal_samples": [
        "Patient_1",
        "T166",
        "VUHD076",
        "NP14",
        "THD0012",
        "dd39p",
        "QZY9VQng",
        "A37",
        "D326",
        "A47",
        "T126",
        "2020-3173-NC007",
        "NP22",
        "NP26",
        "098C",
        "NP39",
        "NP15",
        "D339",
        "DD046Q",
        "lafy_donor_4",
        "donor 3",
        "296C",
        "muc4659",
        "NP35",
        "284C",
        "GSM4593897",
        "THD0006",
        "SAMN15153963",
        "192C"
    ],
    "que_normal_samples": [
        "A40",
        "D344",
        "donor 2",
        "T90",
        "A26",
        "226C",
        "Donor_06",
        "A44",
        "NP27",
        "356C",
        "muc9833",
        "465C",
        "T121",
        "Donor_08",
        "VUHD92",
        "D353",
        "D239",
        "SAMN15153956",
        "VUHD70",
        "GRO-03",
        "VUHD107",
        "muc3843",
        "BG9_33",
        "GRO-07",
        "THD0017",
        "368C",
        "NP11",
        "BG9_3",
        "GRO-01",
        "LuT_437"
    ],
    "que_disease_samples": [
        "034I",
        "VUILD59",
        "VUILD61",
        "TILD028",
        "IPF_02",
        "TILD006",
        "063I",
        "158I",
        "225I",
        "041I",
        "IPF3",
        "210I",
        "221I",
        "TILD015",
        "177I",
        "59I",
        "145I",
        "VUILD65",
        "040I",
        "135I",
        "VUILD63",
        "214I",
        "IPF_01",
        "025I",
        "VUILD53",
        "VUILD64"
    ],
    "que_samples": [
        "A40",
        "D344",
        "donor 2",
        "T90",
        "A26",
        "226C",
        "Donor_06",
        "A44",
        "NP27",
        "356C",
        "muc9833",
        "465C",
        "T121",
        "Donor_08",
        "VUHD92",
        "D353",
        "D239",
        "SAMN15153956",
        "VUHD70",
        "GRO-03",
        "VUHD107",
        "muc3843",
        "BG9_33",
        "GRO-07",
        "THD0017",
        "368C",
        "NP11",
        "BG9_3",
        "GRO-01",
        "LuT_437",
        "034I",
        "VUILD59",
        "VUILD61",
        "TILD028",
        "IPF_02",
        "TILD006",
        "063I",
        "158I",
        "225I",
        "041I",
        "IPF3",
        "210I",
        "221I",
        "TILD015",
        "177I",
        "59I",
        "145I",
        "VUILD65",
        "040I",
        "135I",
        "VUILD63",
        "214I",
        "IPF_01",
        "025I",
        "VUILD53",
        "VUILD64"
    ]
}