{
    "problem": "healthy-reference-Lymphatic EC mature-200",
    "n_comps": 8.0,
    "optimal_k": 12.0,
    "optimal_p": 0.09499999999999997,
    "ratio-limit": 0.008,
    "accuracy": 0.40476190476190477,
    "precision": 0.5,
    "recall": 0.24,
    "f1": 0.32432432432432434,
    "outlier_ratio_ref_datasets": [
        0.008,
        0.0,
        0.0,
        null,
        null,
        0.0,
        0.011299435028248588,
        0.0,
        null,
        0.0,
        0.0,
        null,
        null,
        0.0,
        null,
        null,
        0.0,
        null,
        null,
        0.007575757575757576,
        null,
        null,
        0.0,
        0.0,
        null,
        0.0243531202435312,
        null,
        null,
        0.0
    ],
    "outlier_ratio_que_datasets": [
        0.0,
        null,
        0.013333333333333334,
        0.0,
        0.0,
        0.013888888888888888,
        null,
        0.0,
        0.02531645569620253,
        0.0,
        null,
        0.4,
        0.0,
        0.0,
        0.0,
        null,
        null,
        null,
        0.014285714285714285,
        null,
        null,
        0.0,
        null,
        0.01327433628318584,
        0.0,
        null,
        null,
        null,
        0.0,
        null,
        0.0625,
        0.0,
        0.01037344398340249,
        0.0,
        0.0,
        0.0,
        0.0,
        0.0,
        0.0,
        0.0,
        0.0,
        0.0,
        0.07142857142857142,
        0.0,
        0.0,
        0.0,
        null,
        0.0,
        0.0,
        0.0,
        0.0,
        0.0196078431372549,
        0.0,
        0.04938271604938271,
        0.02631578947368421,
        0.0
    ],
    "ref_normal_samples": [
        "donor 2",
        "VUHD076",
        "DD046Q",
        "NP26",
        "dd39p",
        "D344",
        "Patient_1",
        "VUHD107",
        "NP27",
        "A40",
        "THD0017",
        "T121",
        "NP35",
        "Donor_06",
        "GRO-01",
        "LuT_437",
        "THD0006",
        "GRO-07",
        "T166",
        "donor 3",
        "GSM4593897",
        "2020-3173-NC007",
        "296C",
        "muc9833",
        "D326",
        "A26",
        "muc4659",
        "A47",
        "VUHD70"
    ],
    "que_normal_samples": [
        "D339",
        "T90",
        "098C",
        "226C",
        "THD0012",
        "A44",
        "NP15",
        "356C",
        "192C",
        "lafy_donor_4",
        "SAMN15153963",
        "QZY9VQng",
        "465C",
        "Donor_08",
        "VUHD92",
        "T126",
        "D353",
        "NP22",
        "D239",
        "SAMN15153956",
        "GRO-03",
        "muc3843",
        "BG9_33",
        "A37",
        "368C",
        "NP14",
        "NP11",
        "BG9_3",
        "NP39",
        "284C"
    ],
    "que_disease_samples": [
        "051I",
        "034I",
        "VUILD59",
        "166I",
        "VUILD61",
        "TILD028",
        "IPF2",
        "IPF_04",
        "TILD006",
        "138I",
        "158I",
        "225I",
        "228I",
        "022I",
        "210I",
        "221I",
        "29I",
        "59I",
        "145I",
        "212I",
        "TILD010",
        "040I",
        "174I",
        "021I",
        "025I",
        "VUILD64"
    ],
    "que_samples": [
        "D339",
        "T90",
        "098C",
        "226C",
        "THD0012",
        "A44",
        "NP15",
        "356C",
        "192C",
        "lafy_donor_4",
        "SAMN15153963",
        "QZY9VQng",
        "465C",
        "Donor_08",
        "VUHD92",
        "T126",
        "D353",
        "NP22",
        "D239",
        "SAMN15153956",
        "GRO-03",
        "muc3843",
        "BG9_33",
        "A37",
        "368C",
        "NP14",
        "NP11",
        "BG9_3",
        "NP39",
        "284C",
        "051I",
        "034I",
        "VUILD59",
        "166I",
        "VUILD61",
        "TILD028",
        "IPF2",
        "IPF_04",
        "TILD006",
        "138I",
        "158I",
        "225I",
        "228I",
        "022I",
        "210I",
        "221I",
        "29I",
        "59I",
        "145I",
        "212I",
        "TILD010",
        "040I",
        "174I",
        "021I",
        "025I",
        "VUILD64"
    ]
}