{
    "problem": "healthy-reference-Lymphatic EC mature-300",
    "n_comps": 2.0,
    "optimal_k": 13.0,
    "optimal_p": 0.030000000000000023,
    "ratio-limit": 0.46153846153846156,
    "accuracy": 0.43902439024390244,
    "precision": 0.6666666666666666,
    "recall": 0.08333333333333333,
    "f1": 0.14814814814814814,
    "outlier_ratio_ref_datasets": [
        null,
        null,
        0.0,
        0.36363636363636365,
        0.0,
        0.3333333333333333,
        null,
        null,
        null,
        0.07142857142857142,
        0.46153846153846156,
        0.0,
        null,
        null,
        0.06666666666666667,
        null,
        0.0,
        1.0,
        null,
        0.08333333333333333,
        0.0380517503805175,
        null,
        null,
        0.0,
        null,
        0.0,
        null,
        null,
        0.0
    ],
    "outlier_ratio_que_datasets": [
        0.0,
        0.204,
        0.14666666666666667,
        0.062146892655367235,
        0.0,
        null,
        0.0,
        0.0,
        null,
        null,
        0.20689655172413793,
        0.3924050632911392,
        0.0,
        0.8,
        0.043478260869565216,
        null,
        null,
        0.05714285714285714,
        0.0,
        0.0,
        null,
        null,
        0.23529411764705882,
        null,
        0.09292035398230089,
        null,
        null,
        null,
        null,
        null,
        0.1875,
        0.0,
        0.10526315789473684,
        null,
        0.06666666666666667,
        0.3333333333333333,
        0.25,
        0.125,
        0.14285714285714285,
        0.0,
        0.5,
        null,
        0.13636363636363635,
        0.0,
        0.25,
        0.0,
        0.0,
        0.11764705882352941,
        0.0,
        0.42857142857142855,
        0.0,
        0.25,
        0.5,
        0.05263157894736842,
        0.23529411764705882,
        0.14285714285714285
    ],
    "ref_normal_samples": [
        "GRO-03",
        "D326",
        "VUHD076",
        "A40",
        "VUHD92",
        "NP39",
        "D353",
        "A47",
        "SAMN15153956",
        "VUHD70",
        "Donor_06",
        "368C",
        "2020-3173-NC007",
        "NP11",
        "lafy_donor_4",
        "SAMN15153963",
        "THD0006",
        "226C",
        "muc4659",
        "A44",
        "A26",
        "T126",
        "NP14",
        "D339",
        "T90",
        "356C",
        "BG9_3",
        "NP22",
        "Donor_08"
    ],
    "que_normal_samples": [
        "D344",
        "donor 2",
        "098C",
        "Patient_1",
        "THD0012",
        "GSM4593897",
        "DD046Q",
        "donor 3",
        "NP15",
        "NP27",
        "296C",
        "192C",
        "muc9833",
        "QZY9VQng",
        "465C",
        "T121",
        "T166",
        "D239",
        "VUHD107",
        "muc3843",
        "BG9_33",
        "GRO-07",
        "THD0017",
        "dd39p",
        "A37",
        "NP26",
        "GRO-01",
        "NP35",
        "LuT_437",
        "284C"
    ],
    "que_disease_samples": [
        "051I",
        "IPF_02",
        "49I",
        "IPF1",
        "157I",
        "123I",
        "TILD006",
        "063I",
        "225I",
        "IPF3",
        "210I",
        "29I",
        "177I",
        "145I",
        "179I",
        "212I",
        "TILD010",
        "174I",
        "Cryobiopsy_01",
        "135I",
        "214I",
        "IPF_01",
        "TILD001",
        "025I",
        "47I",
        "VUILD64"
    ],
    "que_samples": [
        "D344",
        "donor 2",
        "098C",
        "Patient_1",
        "THD0012",
        "GSM4593897",
        "DD046Q",
        "donor 3",
        "NP15",
        "NP27",
        "296C",
        "192C",
        "muc9833",
        "QZY9VQng",
        "465C",
        "T121",
        "T166",
        "D239",
        "VUHD107",
        "muc3843",
        "BG9_33",
        "GRO-07",
        "THD0017",
        "dd39p",
        "A37",
        "NP26",
        "GRO-01",
        "NP35",
        "LuT_437",
        "284C",
        "051I",
        "IPF_02",
        "49I",
        "IPF1",
        "157I",
        "123I",
        "TILD006",
        "063I",
        "225I",
        "IPF3",
        "210I",
        "29I",
        "177I",
        "145I",
        "179I",
        "212I",
        "TILD010",
        "174I",
        "Cryobiopsy_01",
        "135I",
        "214I",
        "IPF_01",
        "TILD001",
        "025I",
        "47I",
        "VUILD64"
    ]
}