{
    "problem": "healthy-reference-Lymphatic EC mature-400",
    "n_comps": 10.0,
    "optimal_k": 13.0,
    "optimal_p": 0.09499999999999997,
    "ratio-limit": 0.017699115044247787,
    "accuracy": 0.4473684210526316,
    "precision": 0.7142857142857143,
    "recall": 0.20833333333333334,
    "f1": 0.3225806451612903,
    "outlier_ratio_ref_datasets": [
        0.10344827586206896,
        0.014285714285714285,
        null,
        0.0,
        null,
        0.013333333333333334,
        null,
        0.0,
        null,
        null,
        null,
        0.0,
        null,
        0.0,
        0.0,
        0.0,
        null,
        0.017543859649122806,
        0.017699115044247787,
        0.005649717514124294,
        0.008,
        0.013888888888888888,
        0.0,
        0.0,
        null,
        0.007575757575757576,
        null,
        null,
        0.0
    ],
    "outlier_ratio_que_datasets": [
        0.0,
        null,
        0.0319634703196347,
        null,
        0.0,
        0.0,
        0.0,
        null,
        null,
        0.02531645569620253,
        0.0,
        null,
        null,
        0.0,
        0.0,
        null,
        null,
        0.0,
        null,
        0.0,
        null,
        0.0,
        null,
        null,
        0.0,
        null,
        0.0,
        null,
        null,
        null,
        0.0,
        0.0,
        null,
        0.07692307692307693,
        0.0,
        0.0,
        0.0,
        0.0,
        0.03571428571428571,
        0.0,
        0.0,
        0.037037037037037035,
        0.0,
        0.0,
        null,
        0.0,
        0.0,
        0.0,
        0.0,
        0.0,
        0.0,
        0.02857142857142857,
        0.0,
        0.024691358024691357,
        0.0,
        0.0
    ],
    "ref_normal_samples": [
        "296C",
        "D239",
        "NP15",
        "THD0006",
        "BG9_3",
        "098C",
        "SAMN15153956",
        "VUHD92",
        "NP14",
        "LuT_437",
        "T166",
        "465C",
        "A47",
        "VUHD076",
        "NP39",
        "356C",
        "T121",
        "DD046Q",
        "A37",
        "Patient_1",
        "donor 2",
        "A44",
        "A40",
        "muc9833",
        "284C",
        "donor 3",
        "NP26",
        "D353",
        "D339"
    ],
    "que_normal_samples": [
        "D344",
        "T90",
        "A26",
        "2020-3173-NC007",
        "226C",
        "Donor_06",
        "THD0012",
        "GSM4593897",
        "NP27",
        "192C",
        "lafy_donor_4",
        "D326",
        "SAMN15153963",
        "QZY9VQng",
        "Donor_08",
        "T126",
        "NP22",
        "VUHD70",
        "GRO-03",
        "VUHD107",
        "muc4659",
        "muc3843",
        "BG9_33",
        "GRO-07",
        "THD0017",
        "dd39p",
        "368C",
        "NP11",
        "GRO-01",
        "NP35"
    ],
    "que_disease_samples": [
        "034I",
        "49I",
        "IPF1",
        "IPF2",
        "IPF_04",
        "TILD006",
        "138I",
        "158I",
        "225I",
        "041I",
        "IPF3",
        "222I",
        "228I",
        "210I",
        "29I",
        "TILD015",
        "177I",
        "59I",
        "145I",
        "212I",
        "053I",
        "Cryobiopsy_01",
        "VUILD63",
        "021I",
        "TILD001",
        "VUILD53"
    ],
    "que_samples": [
        "D344",
        "T90",
        "A26",
        "2020-3173-NC007",
        "226C",
        "Donor_06",
        "THD0012",
        "GSM4593897",
        "NP27",
        "192C",
        "lafy_donor_4",
        "D326",
        "SAMN15153963",
        "QZY9VQng",
        "Donor_08",
        "T126",
        "NP22",
        "VUHD70",
        "GRO-03",
        "VUHD107",
        "muc4659",
        "muc3843",
        "BG9_33",
        "GRO-07",
        "THD0017",
        "dd39p",
        "368C",
        "NP11",
        "GRO-01",
        "NP35",
        "034I",
        "49I",
        "IPF1",
        "IPF2",
        "IPF_04",
        "TILD006",
        "138I",
        "158I",
        "225I",
        "041I",
        "IPF3",
        "222I",
        "228I",
        "210I",
        "29I",
        "TILD015",
        "177I",
        "59I",
        "145I",
        "212I",
        "053I",
        "Cryobiopsy_01",
        "VUILD63",
        "021I",
        "TILD001",
        "VUILD53"
    ]
}