{
    "problem": "healthy-reference-Lymphatic EC mature-700",
    "n_comps": 7.0,
    "optimal_k": 9.0,
    "optimal_p": 0.04000000000000003,
    "ratio-limit": 0.0,
    "accuracy": 0.35,
    "precision": 0.5,
    "recall": 0.34615384615384615,
    "f1": 0.4090909090909091,
    "outlier_ratio_ref_datasets": [
        0.0,
        0.0,
        null,
        null,
        0.058823529411764705,
        0.0,
        null,
        0.0,
        0.0,
        0.02531645569620253,
        0.09090909090909091,
        null,
        0.014285714285714285,
        0.0,
        0.0,
        null,
        0.0,
        0.0,
        null,
        0.0,
        0.0,
        null,
        null,
        0.0,
        0.0,
        null,
        null,
        null,
        0.0
    ],
    "outlier_ratio_que_datasets": [
        0.028,
        0.0,
        null,
        0.045662100456621,
        null,
        0.0,
        0.01694915254237288,
        0.06818181818181818,
        null,
        null,
        0.034482758620689655,
        null,
        null,
        0.0,
        0.0,
        null,
        null,
        0.0,
        0.05263157894736842,
        null,
        null,
        null,
        0.05309734513274336,
        null,
        0.2,
        null,
        null,
        null,
        null,
        0.3333333333333333,
        0.0625,
        0.0,
        0.0,
        0.0,
        0.0,
        0.07692307692307693,
        0.07692307692307693,
        0.0,
        0.0,
        0.0,
        0.0,
        0.09523809523809523,
        0.041666666666666664,
        0.0,
        0.25,
        0.0,
        0.0,
        0.0,
        0.0,
        0.0196078431372549,
        0.029411764705882353,
        0.0,
        0.0,
        0.02631578947368421,
        0.0,
        0.0
    ],
    "ref_normal_samples": [
        "Donor_06",
        "VUHD076",
        "GSM4593897",
        "T121",
        "THD0017",
        "DD046Q",
        "D353",
        "VUHD107",
        "THD0006",
        "192C",
        "A40",
        "GRO-03",
        "D239",
        "098C",
        "VUHD70",
        "284C",
        "A44",
        "lafy_donor_4",
        "muc4659",
        "356C",
        "THD0012",
        "NP11",
        "NP14",
        "muc3843",
        "QZY9VQng",
        "BG9_33",
        "dd39p",
        "T126",
        "D344"
    ],
    "que_normal_samples": [
        "donor 2",
        "D339",
        "T90",
        "A26",
        "2020-3173-NC007",
        "226C",
        "Patient_1",
        "donor 3",
        "NP15",
        "NP27",
        "296C",
        "D326",
        "SAMN15153963",
        "muc9833",
        "465C",
        "A47",
        "T166",
        "Donor_08",
        "VUHD92",
        "NP22",
        "SAMN15153956",
        "GRO-07",
        "A37",
        "NP26",
        "368C",
        "BG9_3",
        "GRO-01",
        "NP35",
        "LuT_437",
        "NP39"
    ],
    "que_disease_samples": [
        "051I",
        "VUILD60",
        "166I",
        "IPF_03",
        "IPF_02",
        "IPF2",
        "010I",
        "IPF_04",
        "157I",
        "123I",
        "TILD006",
        "138I",
        "063I",
        "158I",
        "209I",
        "225I",
        "221I",
        "179I",
        "053I",
        "040I",
        "174I",
        "214I",
        "IPF_01",
        "025I",
        "47I",
        "VUILD64"
    ],
    "que_samples": [
        "donor 2",
        "D339",
        "T90",
        "A26",
        "2020-3173-NC007",
        "226C",
        "Patient_1",
        "donor 3",
        "NP15",
        "NP27",
        "296C",
        "D326",
        "SAMN15153963",
        "muc9833",
        "465C",
        "A47",
        "T166",
        "Donor_08",
        "VUHD92",
        "NP22",
        "SAMN15153956",
        "GRO-07",
        "A37",
        "NP26",
        "368C",
        "BG9_3",
        "GRO-01",
        "NP35",
        "LuT_437",
        "NP39",
        "051I",
        "VUILD60",
        "166I",
        "IPF_03",
        "IPF_02",
        "IPF2",
        "010I",
        "IPF_04",
        "157I",
        "123I",
        "TILD006",
        "138I",
        "063I",
        "158I",
        "209I",
        "225I",
        "221I",
        "179I",
        "053I",
        "040I",
        "174I",
        "214I",
        "IPF_01",
        "025I",
        "47I",
        "VUILD64"
    ]
}