{
    "problem": "healthy-reference-Lymphatic EC mature-800",
    "n_comps": 11.0,
    "optimal_k": 10.0,
    "optimal_p": 0.1,
    "ratio-limit": 0.025073746312684365,
    "accuracy": 0.4358974358974359,
    "precision": 0.5882352941176471,
    "recall": 0.4,
    "f1": 0.47619047619047616,
    "outlier_ratio_ref_datasets": [
        null,
        0.0,
        0.0,
        0.0,
        0.0,
        null,
        null,
        null,
        0.012658227848101266,
        null,
        0.016,
        0.0,
        0.03508771929824561,
        0.0,
        0.025073746312684365,
        null,
        null,
        0.011299435028248588,
        0.014285714285714285,
        null,
        null,
        0.0,
        null,
        0.06896551724137931,
        0.0,
        null,
        0.0,
        0.0,
        0.0
    ],
    "outlier_ratio_que_datasets": [
        0.09090909090909091,
        0.0,
        null,
        0.060882800608828,
        null,
        0.0,
        null,
        0.030303030303030304,
        0.041666666666666664,
        null,
        null,
        0.0,
        0.0,
        null,
        0.1,
        0.4,
        0.0,
        null,
        null,
        null,
        null,
        0.0,
        null,
        0.0,
        null,
        null,
        null,
        null,
        0.3333333333333333,
        null,
        0.0,
        0.0,
        0.03941908713692946,
        0.3333333333333333,
        0.0,
        null,
        0.0,
        0.08333333333333333,
        0.0,
        0.0,
        0.07142857142857142,
        0.0,
        0.03333333333333333,
        0.1111111111111111,
        0.07142857142857142,
        0.0,
        0.16666666666666666,
        0.0,
        0.0,
        0.0,
        0.05714285714285714,
        0.0,
        0.0,
        0.05263157894736842,
        0.0,
        0.0
    ],
    "ref_normal_samples": [
        "BG9_33",
        "VUHD92",
        "VUHD70",
        "D339",
        "Donor_08",
        "T121",
        "NP14",
        "T126",
        "192C",
        "dd39p",
        "donor 2",
        "VUHD076",
        "DD046Q",
        "VUHD107",
        "A37",
        "LuT_437",
        "NP22",
        "Patient_1",
        "D239",
        "D326",
        "A47",
        "THD0012",
        "BG9_3",
        "296C",
        "THD0006",
        "SAMN15153956",
        "368C",
        "Donor_06",
        "098C"
    ],
    "que_normal_samples": [
        "A40",
        "D344",
        "T90",
        "A26",
        "2020-3173-NC007",
        "226C",
        "GSM4593897",
        "donor 3",
        "A44",
        "NP15",
        "NP27",
        "356C",
        "lafy_donor_4",
        "SAMN15153963",
        "muc9833",
        "QZY9VQng",
        "465C",
        "T166",
        "D353",
        "GRO-03",
        "muc4659",
        "muc3843",
        "GRO-07",
        "THD0017",
        "NP26",
        "NP11",
        "GRO-01",
        "NP35",
        "NP39",
        "284C"
    ],
    "que_disease_samples": [
        "VUILD60",
        "034I",
        "VUILD59",
        "VUILD61",
        "IPF_03",
        "IPF1",
        "010I",
        "IPF_04",
        "TILD006",
        "158I",
        "225I",
        "041I",
        "IPF3",
        "222I",
        "228I",
        "022I",
        "221I",
        "TILD015",
        "212I",
        "053I",
        "Cryobiopsy_01",
        "135I",
        "VUILD63",
        "025I",
        "VUILD53",
        "VUILD64"
    ],
    "que_samples": [
        "A40",
        "D344",
        "T90",
        "A26",
        "2020-3173-NC007",
        "226C",
        "GSM4593897",
        "donor 3",
        "A44",
        "NP15",
        "NP27",
        "356C",
        "lafy_donor_4",
        "SAMN15153963",
        "muc9833",
        "QZY9VQng",
        "465C",
        "T166",
        "D353",
        "GRO-03",
        "muc4659",
        "muc3843",
        "GRO-07",
        "THD0017",
        "NP26",
        "NP11",
        "GRO-01",
        "NP35",
        "NP39",
        "284C",
        "VUILD60",
        "034I",
        "VUILD59",
        "VUILD61",
        "IPF_03",
        "IPF1",
        "010I",
        "IPF_04",
        "TILD006",
        "158I",
        "225I",
        "041I",
        "IPF3",
        "222I",
        "228I",
        "022I",
        "221I",
        "TILD015",
        "212I",
        "053I",
        "Cryobiopsy_01",
        "135I",
        "VUILD63",
        "025I",
        "VUILD53",
        "VUILD64"
    ]
}