{
    "problem": "healthy-reference-Lymphatic EC mature-900",
    "n_comps": 8.0,
    "optimal_k": 15.0,
    "optimal_p": 0.1,
    "ratio-limit": 0.0,
    "accuracy": 0.34146341463414637,
    "precision": 0.45454545454545453,
    "recall": 0.19230769230769232,
    "f1": 0.2702702702702703,
    "outlier_ratio_ref_datasets": [
        0.0,
        0.0,
        null,
        0.0,
        0.0167427701674277,
        null,
        0.013333333333333334,
        0.0,
        0.013888888888888888,
        0.007374631268436578,
        0.0,
        0.0,
        0.0,
        null,
        0.0,
        0.0,
        null,
        null,
        0.0,
        0.0,
        0.0,
        null,
        null,
        null,
        0.0,
        null,
        null,
        null,
        null
    ],
    "outlier_ratio_que_datasets": [
        0.09090909090909091,
        0.0,
        0.004,
        null,
        0.0,
        0.011299435028248588,
        0.0,
        null,
        0.0,
        null,
        0.0,
        0.012658227848101266,
        0.2,
        0.0,
        0.0,
        0.0,
        null,
        null,
        0.0,
        null,
        null,
        null,
        null,
        null,
        null,
        null,
        null,
        null,
        0.3333333333333333,
        null,
        0.0,
        0.0,
        0.008298755186721992,
        0.0,
        0.0,
        0.0,
        0.0,
        0.0,
        0.047619047619047616,
        0.041666666666666664,
        0.0,
        0.25,
        0.0,
        0.0,
        0.0,
        0.0,
        0.0,
        0.0,
        0.0196078431372549,
        0.0,
        0.0,
        0.0,
        0.0,
        0.0,
        0.0,
        0.0
    ],
    "ref_normal_samples": [
        "VUHD107",
        "donor 3",
        "SAMN15153963",
        "368C",
        "A26",
        "BG9_33",
        "098C",
        "THD0017",
        "A44",
        "A37",
        "lafy_donor_4",
        "D339",
        "Donor_06",
        "T121",
        "VUHD076",
        "D239",
        "A47",
        "D353",
        "356C",
        "muc9833",
        "THD0006",
        "SAMN15153956",
        "2020-3173-NC007",
        "T166",
        "muc3843",
        "LuT_437",
        "D326",
        "NP26",
        "NP15"
    ],
    "que_normal_samples": [
        "A40",
        "D344",
        "donor 2",
        "T90",
        "226C",
        "Patient_1",
        "THD0012",
        "GSM4593897",
        "DD046Q",
        "NP27",
        "296C",
        "192C",
        "QZY9VQng",
        "465C",
        "Donor_08",
        "VUHD92",
        "T126",
        "NP22",
        "VUHD70",
        "GRO-03",
        "muc4659",
        "GRO-07",
        "dd39p",
        "NP14",
        "NP11",
        "BG9_3",
        "GRO-01",
        "NP35",
        "NP39",
        "284C"
    ],
    "que_disease_samples": [
        "VUILD60",
        "034I",
        "VUILD59",
        "166I",
        "IPF_02",
        "49I",
        "157I",
        "TILD006",
        "138I",
        "063I",
        "158I",
        "209I",
        "228I",
        "022I",
        "177I",
        "179I",
        "VUILD65",
        "TILD010",
        "040I",
        "Cryobiopsy_01",
        "214I",
        "IPF_01",
        "TILD001",
        "025I",
        "47I",
        "VUILD53"
    ],
    "que_samples": [
        "A40",
        "D344",
        "donor 2",
        "T90",
        "226C",
        "Patient_1",
        "THD0012",
        "GSM4593897",
        "DD046Q",
        "NP27",
        "296C",
        "192C",
        "QZY9VQng",
        "465C",
        "Donor_08",
        "VUHD92",
        "T126",
        "NP22",
        "VUHD70",
        "GRO-03",
        "muc4659",
        "GRO-07",
        "dd39p",
        "NP14",
        "NP11",
        "BG9_3",
        "GRO-01",
        "NP35",
        "NP39",
        "284C",
        "VUILD60",
        "034I",
        "VUILD59",
        "166I",
        "IPF_02",
        "49I",
        "157I",
        "TILD006",
        "138I",
        "063I",
        "158I",
        "209I",
        "228I",
        "022I",
        "177I",
        "179I",
        "VUILD65",
        "TILD010",
        "040I",
        "Cryobiopsy_01",
        "214I",
        "IPF_01",
        "TILD001",
        "025I",
        "47I",
        "VUILD53"
    ]
}